index,seed,rows,cols,family,seconds,swaps,worst,runtime_ms,valid
0,2611923443488393427,5,5,random,0.02,3,10,20.086917,1
1,2611923443488393428,5,5,random,0.02,3,7,20.079334,1
2,2611923443488393429,5,5,random,0.02,4,9,20.07,1
3,2611923443488393430,5,5,random,0.02,4,6,20.086459,1
4,2611923443488393431,5,5,random,0.02,4,7,20.077791,1
5,2611923443488393432,5,5,random,0.02,4,8,20.183667,1
6,2611923443488393433,5,5,random,0.02,4,7,20.075125,1
7,2611923443488393434,5,5,random,0.02,4,7,20.067542,1
8,2611923443488393435,5,5,random,0.02,3,8,20.062917,1
9,2611923443488393436,5,5,random,0.02,3,10,20.065959,1
10,2611923443488393437,5,5,random,0.02,4,7,20.068416,1
11,2611923443488393438,5,5,random,0.02,5,9,20.078209,1
12,2611923443488393439,5,5,random,0.02,4,8,20.072667,1
13,2611923443488393440,5,5,random,0.02,3,8,20.06475,1
14,2611923443488393441,5,5,random,0.02,5,6,20.076625,1
15,2611923443488393442,5,5,random,0.02,4,6,20.07325,1
16,2611923443488393443,5,5,random,0.02,3,7,20.078125,1
17,2611923443488393444,5,5,random,0.02,4,7,20.065875,1
18,2611923443488393445,5,5,random,0.02,3,8,20.075125,1
19,2611923443488393446,5,5,random,0.02,4,9,20.07875,1
20,2611923443488393447,5,5,random,0.02,5,7,20.072958,1
21,2611923443488393448,5,5,random,0.02,4,7,20.065708,1
22,2611923443488393449,5,5,random,0.02,5,8,20.061625,1
23,2611923443488393450,5,5,random,0.02,5,6,20.084,1
24,2611923443488393451,5,5,random,0.02,4,8,20.076375,1
25,2611923443488393452,5,5,random,0.02,3,8,20.075667,1
26,2611923443488393453,5,5,random,0.02,4,10,20.053416,1
27,2611923443488393454,5,5,random,0.02,4,6,20.068333,1
28,2611923443488393455,5,5,random,0.02,5,7,20.068125,1
29,2611923443488393456,5,5,random,0.02,4,8,20.082833,1
30,2611923443488393457,5,5,random,0.02,4,6,20.065333,1
31,2611923443488393458,5,5,random,0.02,3,7,20.081375,1
32,2611923443488393459,5,5,random,0.02,4,6,20.073167,1
33,2611923443488393460,5,5,random,0.02,3,9,20.073791,1
34,2611923443488393461,5,5,random,0.02,4,8,20.0785,1
35,2611923443488393462,5,5,random,0.02,4,8,20.0705,1
36,2611923443488393463,5,5,random,0.02,3,7,20.068917,1
37,2611923443488393464,5,5,random,0.02,4,7,20.063042,1
38,2611923443488393465,5,5,random,0.02,3,6,20.063625,1
39,2611923443488393466,5,5,random,0.02,4,6,20.066375,1
40,2611923443488393467,5,5,random,0.02,5,8,20.062125,1
41,2611923443488393468,5,5,random,0.02,4,5,20.069791,1
42,2611923443488393469,5,5,random,0.02,5,12,20.071125,1
43,2611923443488393470,5,5,random,0.02,4,6,20.074458,1
44,2611923443488393471,5,5,random,0.02,4,9,20.093459,1
45,2611923443488393472,5,5,random,0.02,4,9,20.065542,1
46,2611923443488393473,5,5,random,0.02,5,6,20.070959,1
47,2611923443488393474,5,5,random,0.02,3,7,20.058375,1
48,2611923443488393475,5,5,random,0.02,4,8,20.089291,1
49,2611923443488393476,5,5,random,0.02,3,8,20.068875,1
50,2611923443488393477,5,5,random,0.02,4,7,20.073834,1
51,2611923443488393478,5,5,random,0.02,3,10,20.050625,1
52,2611923443488393479,5,5,random,0.02,3,8,20.051667,1
53,2611923443488393480,5,5,random,0.02,4,8,20.071,1
54,2611923443488393481,5,5,random,0.02,4,7,20.068667,1
55,2611923443488393482,5,5,random,0.02,4,8,20.059167,1
56,2611923443488393483,5,5,random,0.02,4,6,20.071125,1
57,2611923443488393484,5,5,random,0.02,4,9,20.067083,1
58,2611923443488393485,5,5,random,0.02,5,9,20.067084,1
59,2611923443488393486,5,5,random,0.02,4,5,20.071708,1
60,2611923443488393487,5,5,random,0.02,5,10,20.062625,1
61,2611923443488393488,5,5,random,0.02,5,7,20.077208,1
62,2611923443488393489,5,5,random,0.02,4,7,20.069292,1
63,2611923443488393490,5,5,random,0.02,4,9,20.072792,1
64,2611923443488393491,5,5,random,0.02,5,9,20.076,1
65,2611923443488393492,5,5,random,0.02,3,7,20.06475,1
66,2611923443488393493,5,5,random,0.02,5,7,20.069375,1
67,2611923443488393494,5,5,random,0.02,4,8,20.0645,1
68,2611923443488393495,5,5,random,0.02,3,7,20.07425,1
69,2611923443488393496,5,5,random,0.02,4,9,20.064542,1
70,2611923443488393497,5,5,random,0.02,3,9,20.05825,1
71,2611923443488393498,5,5,random,0.02,4,8,20.070041,1
72,2611923443488393499,5,5,random,0.02,3,7,20.073667,1
73,2611923443488393500,5,5,random,0.02,4,5,20.073208,1
74,2611923443488393501,5,5,random,0.02,4,8,20.060458,1
75,2611923443488393502,5,5,random,0.02,5,6,20.082834,1
76,2611923443488393503,5,5,random,0.02,4,7,20.078625,1
77,2611923443488393504,5,5,random,0.02,3,8,20.073625,1
78,2611923443488393505,5,5,random,0.02,4,8,20.072042,1
79,2611923443488393506,5,5,random,0.02,4,8,20.07875,1
80,2611923443488393507,5,5,random,0.02,3,7,20.058333,1
81,2611923443488393508,5,5,random,0.02,5,10,20.075708,1
82,2611923443488393509,5,5,random,0.02,5,8,20.060834,1
83,2611923443488393510,5,5,random,0.02,3,8,20.073708,1
84,2611923443488393511,5,5,random,0.02,5,6,20.080083,1
85,2611923443488393512,5,5,random,0.02,5,6,20.063958,1
86,2611923443488393513,5,5,random,0.02,4,9,20.076542,1
87,2611923443488393514,5,5,random,0.02,4,6,20.097208,1
88,2611923443488393515,5,5,random,0.02,4,9,20.093709,1
89,2611923443488393516,5,5,random,0.02,4,10,20.066708,1
90,2611923443488393517,5,5,random,0.02,4,9,20.076167,1
91,2611923443488393518,5,5,random,0.02,5,8,20.066542,1
92,2611923443488393519,5,5,random,0.02,4,8,20.075,1
93,2611923443488393520,5,5,random,0.02,3,7,20.078125,1
94,2611923443488393521,5,5,random,0.02,4,11,20.073042,1
95,2611923443488393522,5,5,random,0.02,4,8,20.075375,1
96,2611923443488393523,5,5,random,0.02,5,6,20.066709,1
97,2611923443488393524,5,5,random,0.02,4,7,20.073375,1
98,2611923443488393525,5,5,random,0.02,3,6,20.052958,1
99,2611923443488393526,5,5,random,0.02,4,6,20.077,1
100,2611923443488393527,5,5,random,0.02,4,6,20.097417,1
101,2611923443488393528,5,5,random,0.02,4,8,20.080875,1
102,2611923443488393529,5,5,random,0.02,4,7,20.065583,1
103,2611923443488393530,5,5,random,0.02,5,6,20.069334,1
104,2611923443488393531,5,5,random,0.02,4,8,20.069375,1
105,2611923443488393532,5,5,random,0.02,3,7,20.075292,1
106,2611923443488393533,5,5,random,0.02,4,9,20.074209,1
107,2611923443488393534,5,5,random,0.02,4,7,20.066292,1
108,2611923443488393535,5,5,random,0.02,4,7,20.065959,1
109,2611923443488393536,5,5,random,0.02,3,7,20.055292,1
110,2611923443488393537,5,5,random,0.02,4,7,20.065541,1
111,2611923443488393538,5,5,random,0.02,6,6,20.074542,1
112,2611923443488393539,5,5,random,0.02,4,8,20.063834,1
113,2611923443488393540,5,5,random,0.02,5,6,20.07775,1
114,2611923443488393541,5,5,random,0.02,4,6,20.075583,1
115,2611923443488393542,5,5,random,0.02,3,7,20.061334,1
116,2611923443488393543,5,5,random,0.02,4,7,20.071375,1
117,2611923443488393544,5,5,random,0.02,4,7,20.0845,1
118,2611923443488393545,5,5,random,0.02,4,9,20.07625,1
119,2611923443488393546,5,5,random,0.02,4,7,20.091917,1
120,2611923443488393547,5,5,random,0.02,4,7,20.0655,1
121,2611923443488393548,5,5,random,0.02,5,7,20.06475,1
122,2611923443488393549,5,5,random,0.02,4,7,20.060458,1
123,2611923443488393550,5,5,random,0.02,4,6,20.079916,1
124,2611923443488393551,5,5,random,0.02,3,7,20.073792,1
125,2611923443488393552,5,5,random,0.02,4,9,20.080916,1
126,2611923443488393553,5,5,random,0.02,4,11,20.0745,1
127,2611923443488393554,5,5,random,0.02,4,8,20.066291,1
128,2611923443488393555,5,5,random,0.02,4,12,20.065041,1
129,2611923443488393556,5,5,random,0.02,4,8,20.0685,1
130,2611923443488393557,5,5,random,0.02,2,7,20.072292,1
131,2611923443488393558,5,5,random,0.02,4,7,20.07675,1
132,2611923443488393559,5,5,random,0.02,3,9,20.057125,1
133,2611923443488393560,5,5,random,0.02,4,10,20.071083,1
134,2611923443488393561,5,5,random,0.02,3,9,20.068542,1
135,2611923443488393562,5,5,random,0.02,4,8,20.070542,1
136,2611923443488393563,5,5,random,0.02,2,7,20.055291,1
137,2611923443488393564,5,5,random,0.02,5,9,20.067709,1
138,2611923443488393565,5,5,random,0.02,6,8,20.074458,1
139,2611923443488393566,5,5,random,0.02,5,11,20.061166,1
140,2611923443488393567,5,5,random,0.02,4,6,20.079875,1
141,2611923443488393568,5,5,random,0.02,3,8,20.064458,1
142,2611923443488393569,5,5,random,0.02,4,7,20.074125,1
143,2611923443488393570,5,5,random,0.02,4,7,20.071042,1
144,2611923443488393571,5,5,random,0.02,4,7,20.085041,1
145,2611923443488393572,5,5,random,0.02,3,9,20.090167,1
146,2611923443488393573,5,5,random,0.02,4,7,20.063167,1
147,2611923443488393574,5,5,random,0.02,3,8,20.067584,1
148,2611923443488393575,5,5,random,0.02,4,9,20.085167,1
149,2611923443488393576,5,5,random,0.02,4,6,20.100833,1
150,2611923443488393577,5,5,random,0.02,2,7,20.063375,1
151,2611923443488393578,5,5,random,0.02,4,10,20.076541,1
152,2611923443488393579,5,5,random,0.02,3,6,20.0565,1
153,2611923443488393580,5,5,random,0.02,3,7,20.067583,1
154,2611923443488393581,5,5,random,0.02,3,7,20.071167,1
155,2611923443488393582,5,5,random,0.02,3,7,20.063292,1
156,2611923443488393583,5,5,random,0.02,4,7,20.065375,1
157,2611923443488393584,5,5,random,0.02,5,9,20.074959,1
158,2611923443488393585,5,5,random,0.02,3,7,20.0725,1
159,2611923443488393586,5,5,random,0.02,3,7,20.066041,1
160,2611923443488393587,5,5,random,0.02,4,7,20.075167,1
161,2611923443488393588,5,5,random,0.02,4,11,20.061417,1
162,2611923443488393589,5,5,random,0.02,5,12,20.072333,1
163,2611923443488393590,5,5,random,0.02,3,8,20.055833,1
164,2611923443488393591,5,5,random,0.02,5,8,20.070041,1
165,2611923443488393592,5,5,random,0.02,3,6,20.062292,1
166,2611923443488393593,5,5,random,0.02,4,9,20.14425,1
167,2611923443488393594,5,5,random,0.02,4,7,20.077875,1
168,2611923443488393595,5,5,random,0.02,5,10,20.075958,1
169,2611923443488393596,5,5,random,0.02,4,6,20.078792,1
170,2611923443488393597,5,5,random,0.02,3,6,20.066041,1
171,2611923443488393598,5,5,random,0.02,3,10,20.0635,1
172,2611923443488393599,5,5,random,0.02,4,8,20.083375,1
173,2611923443488393600,5,5,random,0.02,5,6,20.067959,1
174,2611923443488393601,5,5,random,0.02,3,7,20.067,1
175,2611923443488393602,5,5,random,0.02,4,11,20.063083,1
176,2611923443488393603,5,5,random,0.02,3,6,20.061709,1
177,2611923443488393604,5,5,random,0.02,4,6,20.074708,1
178,2611923443488393605,5,5,random,0.02,4,7,20.083375,1
179,2611923443488393606,5,5,random,0.02,4,9,20.084709,1
180,2611923443488393607,5,5,random,0.02,4,6,20.056917,1
181,2611923443488393608,5,5,random,0.02,4,7,20.073583,1
182,2611923443488393609,5,5,random,0.02,4,7,20.072041,1
183,2611923443488393610,5,5,random,0.02,5,7,20.116167,1
184,2611923443488393611,5,5,random,0.02,5,9,20.116375,1
185,2611923443488393612,5,5,random,0.02,5,7,20.091333,1
186,2611923443488393613,5,5,random,0.02,4,9,20.0925,1
187,2611923443488393614,5,5,random,0.02,5,7,20.084125,1
188,2611923443488393615,5,5,random,0.02,3,6,20.072459,1
189,2611923443488393616,5,5,random,0.02,3,8,20.069166,1
190,2611923443488393617,5,5,random,0.02,4,7,20.062708,1
191,2611923443488393618,5,5,random,0.02,3,7,20.075959,1
192,2611923443488393619,5,5,random,0.02,5,6,20.067959,1
193,2611923443488393620,5,5,random,0.02,5,7,20.081834,1
194,2611923443488393621,5,5,random,0.02,4,6,20.071083,1
195,2611923443488393622,5,5,random,0.02,4,8,20.062083,1
196,2611923443488393623,5,5,random,0.02,4,9,20.076458,1
197,2611923443488393624,5,5,random,0.02,4,8,20.08275,1
198,2611923443488393625,5,5,random,0.02,5,9,20.071208,1
199,2611923443488393626,5,5,random,0.02,4,8,20.074125,1
200,2611923443488393627,5,5,random,0.02,5,8,20.079416,1
201,2611923443488393628,5,5,random,0.02,4,8,20.08025,1
202,2611923443488393629,5,5,random,0.02,5,7,20.066875,1
203,2611923443488393630,5,5,random,0.02,4,8,20.065125,1
204,2611923443488393631,5,5,random,0.02,5,9,20.067334,1
205,2611923443488393632,5,5,random,0.02,4,8,20.067125,1
206,2611923443488393633,5,5,random,0.02,4,7,20.073834,1
207,2611923443488393634,5,5,random,0.02,3,7,20.062791,1
208,2611923443488393635,5,5,random,0.02,3,7,20.078125,1
209,2611923443488393636,5,5,random,0.02,5,7,20.083833,1
210,2611923443488393637,5,5,random,0.02,5,8,20.080458,1
211,2611923443488393638,5,5,random,0.02,5,10,20.086709,1
212,2611923443488393639,5,5,random,0.02,5,8,20.070875,1
213,2611923443488393640,5,5,random,0.02,4,8,20.0615,1
214,2611923443488393641,5,5,random,0.02,5,8,20.075,1
215,2611923443488393642,5,5,random,0.02,3,6,20.057166,1
216,2611923443488393643,5,5,random,0.02,4,7,20.065791,1
217,2611923443488393644,5,5,random,0.02,4,8,20.075625,1
218,2611923443488393645,5,5,random,0.02,4,8,20.075166,1
219,2611923443488393646,5,5,random,0.02,4,9,20.067167,1
220,2611923443488393647,5,5,random,0.02,3,7,20.067916,1
221,2611923443488393648,5,5,random,0.02,3,9,20.069417,1
222,2611923443488393649,5,5,random,0.02,4,8,20.065333,1
223,2611923443488393650,5,5,random,0.02,4,7,20.071,1
224,2611923443488393651,5,5,random,0.02,3,10,20.057792,1
225,2611923443488393652,5,5,random,0.02,4,8,20.071875,1
226,2611923443488393653,5,5,random,0.02,4,5,20.082708,1
227,2611923443488393654,5,5,random,0.02,4,8,20.051416,1
228,2611923443488393655,5,5,random,0.02,5,10,20.073833,1
229,2611923443488393656,5,5,random,0.02,5,10,20.066542,1
230,2611923443488393657,5,5,random,0.02,4,6,20.077666,1
231,2611923443488393658,5,5,random,0.02,5,7,20.073708,1
232,2611923443488393659,5,5,random,0.02,4,6,20.078541,1
233,2611923443488393660,5,5,random,0.02,5,6,20.073709,1
234,2611923443488393661,5,5,random,0.02,4,6,20.056833,1
235,2611923443488393662,5,5,random,0.02,3,6,20.0675,1
236,2611923443488393663,5,5,random,0.02,2,9,20.074792,1
237,2611923443488393664,5,5,random,0.02,4,8,20.075417,1
238,2611923443488393665,5,5,random,0.02,2,6,20.064292,1
239,2611923443488393666,5,5,random,0.02,3,8,20.065625,1
240,2611923443488393667,5,5,random,0.02,4,6,20.0755,1
241,2611923443488393668,5,5,random,0.02,5,8,20.078792,1
242,2611923443488393669,5,5,random,0.02,4,6,20.06575,1
243,2611923443488393670,5,5,random,0.02,4,5,20.074125,1
244,2611923443488393671,5,5,random,0.02,3,7,20.066958,1
245,2611923443488393672,5,5,random,0.02,4,8,20.06625,1
246,2611923443488393673,5,5,random,0.02,4,7,20.066791,1
247,2611923443488393674,5,5,random,0.02,4,6,20.072417,1
248,2611923443488393675,5,5,random,0.02,3,8,20.066583,1
249,2611923443488393676,5,5,random,0.02,4,7,20.078,1
250,2611923443488393677,5,5,random,0.02,5,10,20.076542,1
251,2611923443488393678,5,5,random,0.02,4,6,20.065167,1
252,2611923443488393679,5,5,random,0.02,3,6,20.055833,1
253,2611923443488393680,5,5,random,0.02,5,9,20.070916,1
254,2611923443488393681,5,5,random,0.02,4,9,20.063541,1
255,2611923443488393682,5,5,random,0.02,5,9,20.070083,1
256,2611923443488393683,5,5,random,0.02,4,8,20.084458,1
257,2611923443488393684,5,5,random,0.02,4,7,20.071333,1
258,2611923443488393685,5,5,random,0.02,4,6,20.072292,1
259,2611923443488393686,5,5,random,0.02,4,6,20.067292,1
260,2611923443488393687,5,5,random,0.02,5,8,20.090958,1
261,2611923443488393688,5,5,random,0.02,4,8,20.12125,1
262,2611923443488393689,5,5,random,0.02,3,8,20.071791,1
263,2611923443488393690,5,5,random,0.02,4,8,20.067,1
264,2611923443488393691,5,5,random,0.02,4,7,20.067084,1
265,2611923443488393692,5,5,random,0.02,4,9,20.068792,1
266,2611923443488393693,5,5,random,0.02,5,7,20.081875,1
267,2611923443488393694,5,5,random,0.02,4,8,20.066333,1
268,2611923443488393695,5,5,random,0.02,5,6,20.06275,1
269,2611923443488393696,5,5,random,0.02,5,10,20.067917,1
270,2611923443488393697,5,5,random,0.02,4,5,20.0765,1
271,2611923443488393698,5,5,random,0.02,4,10,20.071375,1
272,2611923443488393699,5,5,random,0.02,3,8,20.061833,1
273,2611923443488393700,5,5,random,0.02,6,7,20.083042,1
274,2611923443488393701,5,5,random,0.02,2,9,20.055416,1
275,2611923443488393702,5,5,random,0.02,4,7,20.0705,1
276,2611923443488393703,5,5,random,0.02,4,10,20.070541,1
277,2611923443488393704,5,5,random,0.02,3,6,20.067125,1
278,2611923443488393705,5,5,random,0.02,4,6,20.074208,1
279,2611923443488393706,5,5,random,0.02,2,6,20.070333,1
280,2611923443488393707,5,5,random,0.02,4,7,20.076125,1
281,2611923443488393708,5,5,random,0.02,5,8,20.061333,1
282,2611923443488393709,5,5,random,0.02,4,7,20.074,1
283,2611923443488393710,5,5,random,0.02,3,7,20.070709,1
284,2611923443488393711,5,5,random,0.02,3,8,20.065583,1
285,2611923443488393712,5,5,random,0.02,4,7,20.065541,1
286,2611923443488393713,5,5,random,0.02,6,10,20.06975,1
287,2611923443488393714,5,5,random,0.02,4,7,20.075292,1
288,2611923443488393715,5,5,random,0.02,4,6,20.07,1
289,2611923443488393716,5,5,random,0.02,5,6,20.076792,1
290,2611923443488393717,5,5,random,0.02,5,6,20.081166,1
291,2611923443488393718,5,5,random,0.02,4,7,20.057625,1
292,2611923443488393719,5,5,random,0.02,4,9,20.066417,1
293,2611923443488393720,5,5,random,0.02,5,7,20.065542,1
294,2611923443488393721,5,5,random,0.02,4,10,20.076,1
295,2611923443488393722,5,5,random,0.02,5,5,20.094792,1
296,2611923443488393723,5,5,random,0.02,4,8,20.0725,1
297,2611923443488393724,5,5,random,0.02,5,7,20.091666,1
298,2611923443488393725,5,5,random,0.02,4,7,20.075666,1
299,2611923443488393726,5,5,random,0.02,4,6,20.08325,1
300,2611923443488393727,5,5,random,0.02,4,8,20.084,1
301,2611923443488393728,5,5,random,0.02,5,8,20.066417,1
302,2611923443488393729,5,5,random,0.02,4,7,20.079,1
303,2611923443488393730,5,5,random,0.02,4,6,20.068041,1
304,2611923443488393731,5,5,random,0.02,2,9,20.054708,1
305,2611923443488393732,5,5,random,0.02,5,10,20.066834,1
306,2611923443488393733,5,5,random,0.02,4,7,20.075583,1
307,2611923443488393734,5,5,random,0.02,4,8,20.062875,1
308,2611923443488393735,5,5,random,0.02,3,8,20.047458,1
309,2611923443488393736,5,5,random,0.02,4,8,20.09,1
310,2611923443488393737,5,5,random,0.02,5,9,20.062708,1
311,2611923443488393738,5,5,random,0.02,4,6,20.065041,1
312,2611923443488393739,5,5,random,0.02,4,6,20.070958,1
313,2611923443488393740,5,5,random,0.02,4,7,20.079792,1
314,2611923443488393741,5,5,random,0.02,4,6,20.070291,1
315,2611923443488393742,5,5,random,0.02,4,7,20.066916,1
316,2611923443488393743,5,5,random,0.02,4,8,20.066375,1
317,2611923443488393744,5,5,random,0.02,3,6,20.072125,1
318,2611923443488393745,5,5,random,0.02,4,6,20.069542,1
319,2611923443488393746,5,5,random,0.02,3,9,20.0545,1
320,2611923443488393747,5,5,random,0.02,4,6,20.083583,1
321,2611923443488393748,5,5,random,0.02,3,8,20.0675,1
322,2611923443488393749,5,5,random,0.02,4,9,20.085459,1
323,2611923443488393750,5,5,random,0.02,3,8,20.050875,1
324,2611923443488393751,5,5,random,0.02,4,5,20.047917,1
325,2611923443488393752,5,5,random,0.02,4,6,20.074416,1
326,2611923443488393753,5,5,random,0.02,4,7,20.066292,1
327,2611923443488393754,5,5,random,0.02,4,9,20.068,1
328,2611923443488393755,5,5,random,0.02,3,10,20.088791,1
329,2611923443488393756,5,5,random,0.02,3,7,20.059625,1
330,2611923443488393757,5,5,random,0.02,5,7,20.076708,1
331,2611923443488393758,5,5,random,0.02,3,8,20.069,1
332,2611923443488393759,5,5,random,0.02,5,9,20.070834,1
333,2611923443488393760,5,5,random,0.02,3,8,20.055125,1
334,2611923443488393761,5,5,random,0.02,5,8,20.076625,1
335,2611923443488393762,5,5,random,0.02,4,6,20.070834,1
336,2611923443488393763,5,5,random,0.02,5,7,20.073792,1
337,2611923443488393764,5,5,random,0.02,4,10,20.059708,1
338,2611923443488393765,5,5,random,0.02,5,7,20.079875,1
339,2611923443488393766,5,5,random,0.02,3,9,20.063,1
340,2611923443488393767,5,5,random,0.02,4,8,20.060541,1
341,2611923443488393768,5,5,random,0.02,4,8,20.07225,1
342,2611923443488393769,5,5,random,0.02,4,5,20.084833,1
343,2611923443488393770,5,5,random,0.02,4,7,20.074333,1
344,2611923443488393771,5,5,random,0.02,4,7,20.097417,1
345,2611923443488393772,5,5,random,0.02,3,8,20.059208,1
346,2611923443488393773,5,5,random,0.02,5,7,20.07,1
347,2611923443488393774,5,5,random,0.02,4,8,20.065458,1
348,2611923443488393775,5,5,random,0.02,4,9,20.070459,1
349,2611923443488393776,5,5,random,0.02,4,5,20.064875,1
350,2611923443488393777,5,5,random,0.02,4,6,20.076167,1
351,2611923443488393778,5,5,random,0.02,5,9,20.071125,1
352,2611923443488393779,5,5,random,0.02,4,7,20.063834,1
353,2611923443488393780,5,5,random,0.02,4,7,20.056583,1
354,2611923443488393781,5,5,random,0.02,4,7,20.070291,1
355,2611923443488393782,5,5,random,0.02,4,10,20.071209,1
356,2611923443488393783,5,5,random,0.02,3,7,20.066291,1
357,2611923443488393784,5,5,random,0.02,4,7,20.056291,1
358,2611923443488393785,5,5,random,0.02,4,7,20.071334,1
359,2611923443488393786,5,5,random,0.02,4,7,20.063459,1
360,2611923443488393787,5,5,random,0.02,4,6,20.07825,1
361,2611923443488393788,5,5,random,0.02,5,7,20.089708,1
362,2611923443488393789,5,5,random,0.02,5,9,20.090792,1
363,2611923443488393790,5,5,random,0.02,4,9,20.075625,1
364,2611923443488393791,5,5,random,0.02,5,7,20.064083,1
365,2611923443488393792,5,5,random,0.02,4,10,20.078458,1
366,2611923443488393793,5,5,random,0.02,4,9,20.100583,1
367,2611923443488393794,5,5,random,0.02,5,7,20.082,1
368,2611923443488393795,5,5,random,0.02,5,6,20.082833,1
369,2611923443488393796,5,5,random,0.02,3,8,20.05775,1
370,2611923443488393797,5,5,random,0.02,4,7,20.082,1
371,2611923443488393798,5,5,random,0.02,5,6,20.078833,1
372,2611923443488393799,5,5,random,0.02,4,7,20.070417,1
373,2611923443488393800,5,5,random,0.02,4,9,20.067958,1
374,2611923443488393801,5,5,random,0.02,3,6,20.065208,1
375,2611923443488393802,5,5,random,0.02,6,9,20.070667,1
376,2611923443488393803,5,5,random,0.02,4,9,20.063041,1
377,2611923443488393804,5,5,random,0.02,3,8,20.061667,1
378,2611923443488393805,5,5,random,0.02,4,6,20.079875,1
379,2611923443488393806,5,5,random,0.02,5,9,20.077042,1
380,2611923443488393807,5,5,random,0.02,4,6,20.07475,1
381,2611923443488393808,5,5,random,0.02,4,7,20.074625,1
382,2611923443488393809,5,5,random,0.02,4,11,20.092792,1
383,2611923443488393810,5,5,random,0.02,4,6,20.069334,1
384,2611923443488393811,5,5,random,0.02,5,9,20.08725,1
385,2611923443488393812,5,5,random,0.02,4,6,20.066375,1
386,2611923443488393813,5,5,random,0.02,4,8,20.070083,1
387,2611923443488393814,5,5,random,0.02,4,9,20.067959,1
388,2611923443488393815,5,5,random,0.02,6,7,20.078416,1
389,2611923443488393816,5,5,random,0.02,4,6,20.062542,1
390,2611923443488393817,5,5,random,0.02,5,7,20.081417,1
391,2611923443488393818,5,5,random,0.02,3,9,20.067416,1
392,2611923443488393819,5,5,random,0.02,4,7,20.068333,1
393,2611923443488393820,5,5,random,0.02,3,11,20.058458,1
394,2611923443488393821,5,5,random,0.02,4,7,20.079959,1
395,2611923443488393822,5,5,random,0.02,3,7,20.072334,1
396,2611923443488393823,5,5,random,0.02,4,10,20.079208,1
397,2611923443488393824,5,5,random,0.02,4,7,20.079,1
398,2611923443488393825,5,5,random,0.02,3,5,20.116917,1
399,2611923443488393826,5,5,random,0.02,5,9,20.074125,1
400,2611923443488393827,5,5,random,0.02,6,8,20.093584,1
401,2611923443488393828,5,5,random,0.02,3,6,20.066417,1
402,2611923443488393829,5,5,random,0.02,3,8,20.066291,1
403,2611923443488393830,5,5,random,0.02,5,6,20.068875,1
404,2611923443488393831,5,5,random,0.02,5,6,20.072125,1
405,2611923443488393832,5,5,random,0.02,4,7,20.075208,1
406,2611923443488393833,5,5,random,0.02,4,8,20.069,1
407,2611923443488393834,5,5,random,0.02,3,6,20.076333,1
408,2611923443488393835,5,5,random,0.02,5,7,20.073458,1
409,2611923443488393836,5,5,random,0.02,4,7,20.077667,1
410,2611923443488393837,5,5,random,0.02,4,7,20.081959,1
411,2611923443488393838,5,5,random,0.02,5,9,20.078375,1
412,2611923443488393839,5,5,random,0.02,4,9,20.068917,1
413,2611923443488393840,5,5,random,0.02,4,9,20.06725,1
414,2611923443488393841,5,5,random,0.02,4,10,20.072917,1
415,2611923443488393842,5,5,random,0.02,4,8,20.073333,1
416,2611923443488393843,5,5,random,0.02,3,10,20.078666,1
417,2611923443488393844,5,5,random,0.02,5,6,20.076292,1
418,2611923443488393845,5,5,random,0.02,3,7,20.061667,1
419,2611923443488393846,5,5,random,0.02,4,10,20.074167,1
420,2611923443488393847,5,5,random,0.02,4,7,20.062625,1
421,2611923443488393848,5,5,random,0.02,5,7,20.076083,1
422,2611923443488393849,5,5,random,0.02,4,9,20.082833,1
423,2611923443488393850,5,5,random,0.02,4,7,20.059833,1
424,2611923443488393851,5,5,random,0.02,2,8,20.060042,1
425,2611923443488393852,5,5,random,0.02,4,6,20.067459,1
426,2611923443488393853,5,5,random,0.02,4,7,20.074792,1
427,2611923443488393854,5,5,random,0.02,3,5,20.053833,1
428,2611923443488393855,5,5,random,0.02,5,10,20.07925,1
429,2611923443488393856,5,5,random,0.02,4,9,20.078417,1
430,2611923443488393857,5,5,random,0.02,4,7,20.066625,1
431,2611923443488393858,5,5,random,0.02,4,8,20.065708,1
432,2611923443488393859,5,5,random,0.02,5,10,20.083208,1
433,2611923443488393860,5,5,random,0.02,5,6,20.06675,1
434,2611923443488393861,5,5,random,0.02,5,10,20.064458,1
435,2611923443488393862,5,5,random,0.02,3,8,20.071792,1
436,2611923443488393863,5,5,random,0.02,5,7,20.064625,1
437,2611923443488393864,5,5,random,0.02,3,6,20.066,1
438,2611923443488393865,5,5,random,0.02,4,7,20.07425,1
439,2611923443488393866,5,5,random,0.02,5,7,20.121791,1
440,2611923443488393867,5,5,random,0.02,4,9,20.193,1
441,2611923443488393868,5,5,random,0.02,3,7,20.065292,1
442,2611923443488393869,5,5,random,0.02,3,9,20.061666,1
443,2611923443488393870,5,5,random,0.02,4,5,20.071708,1
444,2611923443488393871,5,5,random,0.02,4,6,20.068875,1
445,2611923443488393872,5,5,random,0.02,3,6,20.065458,1
446,2611923443488393873,5,5,random,0.02,4,6,20.07775,1
447,2611923443488393874,5,5,random,0.02,5,9,20.070208,1
448,2611923443488393875,5,5,random,0.02,4,7,20.08225,1
449,2611923443488393876,5,5,random,0.02,4,8,20.058292,1
450,2611923443488393877,5,5,random,0.02,4,10,20.082875,1
451,2611923443488393878,5,5,random,0.02,4,9,20.074833,1
452,2611923443488393879,5,5,random,0.02,5,6,20.075625,1
453,2611923443488393880,5,5,random,0.02,5,6,20.077875,1
454,2611923443488393881,5,5,random,0.02,5,11,20.074333,1
455,2611923443488393882,5,5,random,0.02,4,8,20.06625,1
456,2611923443488393883,5,5,random,0.02,4,7,20.127167,1
457,2611923443488393884,5,5,random,0.02,4,9,20.062958,1
458,2611923443488393885,5,5,random,0.02,4,7,20.057792,1
459,2611923443488393886,5,5,random,0.02,5,8,20.066125,1
460,2611923443488393887,5,5,random,0.02,4,7,20.082209,1
461,2611923443488393888,5,5,random,0.02,4,7,20.068333,1
462,2611923443488393889,5,5,random,0.02,4,9,20.066917,1
463,2611923443488393890,5,5,random,0.02,3,11,20.075375,1
464,2611923443488393891,5,5,random,0.02,3,9,20.070709,1
465,2611923443488393892,5,5,random,0.02,5,6,20.076208,1
466,2611923443488393893,5,5,random,0.02,5,9,20.073833,1
467,2611923443488393894,5,5,random,0.02,4,6,20.074292,1
468,2611923443488393895,5,5,random,0.02,4,8,20.077459,1
469,2611923443488393896,5,5,random,0.02,3,6,20.062959,1
470,2611923443488393897,5,5,random,0.02,3,7,20.066083,1
471,2611923443488393898,5,5,random,0.02,4,7,20.066916,1
472,2611923443488393899,5,5,random,0.02,4,6,20.064708,1
473,2611923443488393900,5,5,random,0.02,4,9,20.071166,1
474,2611923443488393901,5,5,random,0.02,4,9,20.051541,1
475,2611923443488393902,5,5,random,0.02,4,6,20.078333,1
476,2611923443488393903,5,5,random,0.02,4,9,20.068667,1
477,2611923443488393904,5,5,random,0.02,4,8,20.064958,1
478,2611923443488393905,5,5,random,0.02,3,7,20.0695,1
479,2611923443488393906,5,5,random,0.02,2,7,20.058542,1
480,2611923443488393907,5,5,random,0.02,3,8,20.076,1
481,2611923443488393908,5,5,random,0.02,5,7,20.089708,1
482,2611923443488393909,5,5,random,0.02,5,6,20.076792,1
483,2611923443488393910,5,5,random,0.02,4,6,20.0815,1
484,2611923443488393911,5,5,random,0.02,4,7,20.074125,1
485,2611923443488393912,5,5,random,0.02,3,8,20.070042,1
486,2611923443488393913,5,5,random,0.02,4,8,20.063875,1
487,2611923443488393914,5,5,random,0.02,4,5,20.065375,1
488,2611923443488393915,5,5,random,0.02,3,7,20.062,1
489,2611923443488393916,5,5,random,0.02,4,7,20.069709,1
490,2611923443488393917,5,5,random,0.02,4,7,20.072375,1
491,2611923443488393918,5,5,random,0.02,4,6,20.063583,1
492,2611923443488393919,5,5,random,0.02,4,12,20.075917,1
493,2611923443488393920,5,5,random,0.02,5,7,20.07325,1
494,2611923443488393921,5,5,random,0.02,3,7,20.068042,1
495,2611923443488393922,5,5,random,0.02,4,7,20.070917,1
496,2611923443488393923,5,5,random,0.02,5,8,20.075084,1
497,2611923443488393924,5,5,random,0.02,4,12,20.081417,1
498,2611923443488393925,5,5,random,0.02,4,7,20.07025,1
499,2611923443488393926,5,5,random,0.02,3,8,20.067625,1
500,2611923443488393927,5,5,random,0.02,4,9,20.0705,1
501,2611923443488393928,5,5,random,0.02,4,7,20.067917,1
502,2611923443488393929,5,5,random,0.02,4,6,20.061417,1
503,2611923443488393930,5,5,random,0.02,4,6,20.066083,1
504,2611923443488393931,5,5,random,0.02,4,10,20.071041,1
505,2611923443488393932,5,5,random,0.02,4,7,20.074458,1
506,2611923443488393933,5,5,random,0.02,4,8,20.090375,1
507,2611923443488393934,5,5,random,0.02,4,7,20.069875,1
508,2611923443488393935,5,5,random,0.02,4,11,20.061292,1
509,2611923443488393936,5,5,random,0.02,4,8,20.071458,1
510,2611923443488393937,5,5,random,0.02,5,6,20.067417,1
511,2611923443488393938,5,5,random,0.02,4,7,20.076541,1
512,2611923443488393939,5,5,random,0.02,4,9,20.074791,1
513,2611923443488393940,5,5,random,0.02,4,6,20.078833,1
514,2611923443488393941,5,5,random,0.02,4,7,20.077708,1
515,2611923443488393942,5,5,random,0.02,4,10,20.081708,1
516,2611923443488393943,5,5,random,0.02,4,8,20.066375,1
517,2611923443488393944,5,5,random,0.02,4,7,20.094083,1
518,2611923443488393945,5,5,random,0.02,5,8,20.085125,1
519,2611923443488393946,5,5,random,0.02,4,8,20.066833,1
520,2611923443488393947,5,5,random,0.02,3,5,20.060375,1
521,2611923443488393948,5,5,random,0.02,3,9,20.058959,1
522,2611923443488393949,5,5,random,0.02,3,8,20.064875,1
523,2611923443488393950,5,5,random,0.02,4,7,20.072834,1
524,2611923443488393951,5,5,random,0.02,4,9,20.073834,1
525,2611923443488393952,5,5,random,0.02,4,7,20.074083,1
526,2611923443488393953,5,5,random,0.02,4,8,20.069125,1
527,2611923443488393954,5,5,random,0.02,5,9,20.068042,1
528,2611923443488393955,5,5,random,0.02,3,7,20.061917,1
529,2611923443488393956,5,5,random,0.02,5,7,20.0645,1
530,2611923443488393957,5,5,random,0.02,5,8,20.070208,1
531,2611923443488393958,5,5,random,0.02,2,7,20.058959,1
532,2611923443488393959,5,5,random,0.02,4,8,20.06175,1
533,2611923443488393960,5,5,random,0.02,3,8,20.069917,1
534,2611923443488393961,5,5,random,0.02,5,5,20.071,1
535,2611923443488393962,5,5,random,0.02,3,11,20.06475,1
536,2611923443488393963,5,5,random,0.02,2,7,20.066292,1
537,2611923443488393964,5,5,random,0.02,4,8,20.061917,1
538,2611923443488393965,5,5,random,0.02,4,9,20.06875,1
539,2611923443488393966,5,5,random,0.02,4,7,20.078833,1
540,2611923443488393967,5,5,random,0.02,4,7,20.072625,1
541,2611923443488393968,5,5,random,0.02,4,8,20.104708,1
542,2611923443488393969,5,5,random,0.02,3,8,20.065333,1
543,2611923443488393970,5,5,random,0.02,3,8,20.0785,1
544,2611923443488393971,5,5,random,0.02,3,8,20.083667,1
545,2611923443488393972,5,5,random,0.02,3,6,20.077375,1
546,2611923443488393973,5,5,random,0.02,4,7,20.073084,1
547,2611923443488393974,5,5,random,0.02,3,8,20.058542,1
548,2611923443488393975,5,5,random,0.02,5,9,20.074917,1
549,2611923443488393976,5,5,random,0.02,4,7,20.070334,1
550,2611923443488393977,5,5,random,0.02,4,8,20.066083,1
551,2611923443488393978,5,5,random,0.02,4,6,20.073583,1
552,2611923443488393979,5,5,random,0.02,4,8,20.073833,1
553,2611923443488393980,5,5,random,0.02,3,6,20.056875,1
554,2611923443488393981,5,5,random,0.02,4,7,20.068875,1
555,2611923443488393982,5,5,random,0.02,4,9,20.074666,1
556,2611923443488393983,5,5,random,0.02,4,7,20.110042,1
557,2611923443488393984,5,5,random,0.02,4,7,20.066667,1
558,2611923443488393985,5,5,random,0.02,4,10,20.072041,1
559,2611923443488393986,5,5,random,0.02,3,6,20.062375,1
560,2611923443488393987,5,5,random,0.02,5,6,20.078292,1
561,2611923443488393988,5,5,random,0.02,4,7,20.071208,1
562,2611923443488393989,5,5,random,0.02,3,7,20.064875,1
563,2611923443488393990,5,5,random,0.02,5,9,20.0655,1
564,2611923443488393991,5,5,random,0.02,4,7,20.077625,1
565,2611923443488393992,5,5,random,0.02,4,8,20.074375,1
566,2611923443488393993,5,5,random,0.02,4,7,20.081709,1
567,2611923443488393994,5,5,random,0.02,2,6,20.054042,1
568,2611923443488393995,5,5,random,0.02,4,6,20.078166,1
569,2611923443488393996,5,5,random,0.02,4,7,20.074875,1
570,2611923443488393997,5,5,random,0.02,4,6,20.066458,1
571,2611923443488393998,5,5,random,0.02,3,6,20.06125,1
572,2611923443488393999,5,5,random,0.02,4,9,20.070792,1
573,2611923443488394000,5,5,random,0.02,5,7,20.074625,1
574,2611923443488394001,5,5,random,0.02,4,8,20.063042,1
575,2611923443488394002,5,5,random,0.02,4,7,20.067583,1
576,2611923443488394003,5,5,random,0.02,5,8,20.065125,1
577,2611923443488394004,5,5,random,0.02,4,6,20.076541,1
578,2611923443488394005,5,5,random,0.02,3,9,20.052791,1
579,2611923443488394006,5,5,random,0.02,5,11,20.075375,1
580,2611923443488394007,5,5,random,0.02,5,8,20.06775,1
581,2611923443488394008,5,5,random,0.02,4,8,20.074792,1
582,2611923443488394009,5,5,random,0.02,4,8,20.076083,1
583,2611923443488394010,5,5,random,0.02,4,9,20.073416,1
584,2611923443488394011,5,5,random,0.02,5,8,20.080208,1
585,2611923443488394012,5,5,random,0.02,3,7,20.072834,1
586,2611923443488394013,5,5,random,0.02,5,9,20.07125,1
587,2611923443488394014,5,5,random,0.02,4,8,20.064541,1
588,2611923443488394015,5,5,random,0.02,4,10,20.074709,1
589,2611923443488394016,5,5,random,0.02,5,7,20.07425,1
590,2611923443488394017,5,5,random,0.02,4,8,20.063333,1
591,2611923443488394018,5,5,random,0.02,4,6,20.07725,1
592,2611923443488394019,5,5,random,0.02,4,7,20.074875,1
593,2611923443488394020,5,5,random,0.02,6,7,20.082042,1
594,2611923443488394021,5,5,random,0.02,4,7,20.080792,1
595,2611923443488394022,5,5,random,0.02,3,8,20.071667,1
596,2611923443488394023,5,5,random,0.02,4,6,20.075458,1
597,2611923443488394024,5,5,random,0.02,4,6,20.068417,1
598,2611923443488394025,5,5,random,0.02,4,11,20.070833,1
599,2611923443488394026,5,5,random,0.02,5,11,20.060417,1
600,2611923443488394027,5,5,random,0.02,4,11,20.067708,1
601,2611923443488394028,5,5,random,0.02,4,6,20.089792,1
602,2611923443488394029,5,5,random,0.02,5,6,20.080875,1
603,2611923443488394030,5,5,random,0.02,4,10,20.083958,1
604,2611923443488394031,5,5,random,0.02,4,8,20.077833,1
605,2611923443488394032,5,5,random,0.02,3,10,20.066458,1
606,2611923443488394033,5,5,random,0.02,5,8,20.197042,1
607,2611923443488394034,5,5,random,0.02,5,8,20.074917,1
608,2611923443488394035,5,5,random,0.02,4,6,20.079292,1
609,2611923443488394036,5,5,random,0.02,4,10,20.073416,1
610,2611923443488394037,5,5,random,0.02,3,7,20.053209,1
611,2611923443488394038,5,5,random,0.02,4,6,20.0755,1
612,2611923443488394039,5,5,random,0.02,4,6,20.059125,1
613,2611923443488394040,5,5,random,0.02,5,5,20.096167,1
614,2611923443488394041,5,5,random,0.02,3,6,20.067875,1
615,2611923443488394042,5,5,random,0.02,4,8,20.077167,1
616,2611923443488394043,5,5,random,0.02,4,6,20.069792,1
617,2611923443488394044,5,5,random,0.02,3,8,20.074375,1
618,2611923443488394045,5,5,random,0.02,4,8,20.070625,1
619,2611923443488394046,5,5,random,0.02,3,8,20.082333,1
620,2611923443488394047,5,5,random,0.02,4,11,20.079958,1
621,2611923443488394048,5,5,random,0.02,4,8,20.079084,1
622,2611923443488394049,5,5,random,0.02,5,7,20.074625,1
623,2611923443488394050,5,5,random,0.02,4,8,20.079167,1
624,2611923443488394051,5,5,random,0.02,3,5,20.073125,1
625,2611923443488394052,5,5,random,0.02,4,8,20.093708,1
626,2611923443488394053,5,5,random,0.02,3,9,20.057458,1
627,2611923443488394054,5,5,random,0.02,4,10,20.059583,1
628,2611923443488394055,5,5,random,0.02,5,7,20.07175,1
629,2611923443488394056,5,5,random,0.02,4,9,20.060959,1
630,2611923443488394057,5,5,random,0.02,3,7,20.062875,1
631,2611923443488394058,5,5,random,0.02,4,6,20.086125,1
632,2611923443488394059,5,5,random,0.02,4,7,20.068625,1
633,2611923443488394060,5,5,random,0.02,4,9,20.070042,1
634,2611923443488394061,5,5,random,0.02,4,7,20.101583,1
635,2611923443488394062,5,5,random,0.02,5,10,20.078833,1
636,2611923443488394063,5,5,random,0.02,4,7,20.069833,1
637,2611923443488394064,5,5,random,0.02,5,7,20.071583,1
638,2611923443488394065,5,5,random,0.02,4,10,20.081083,1
639,2611923443488394066,5,5,random,0.02,4,6,20.081125,1
640,2611923443488394067,5,5,random,0.02,5,7,20.07075,1
641,2611923443488394068,5,5,random,0.02,4,7,20.0635,1
642,2611923443488394069,5,5,random,0.02,4,7,20.078834,1
643,2611923443488394070,5,5,random,0.02,4,6,20.071958,1
644,2611923443488394071,5,5,random,0.02,5,9,20.07025,1
645,2611923443488394072,5,5,random,0.02,4,8,20.0635,1
646,2611923443488394073,5,5,random,0.02,4,6,20.077125,1
647,2611923443488394074,5,5,random,0.02,3,8,20.053209,1
648,2611923443488394075,5,5,random,0.02,4,6,20.068666,1
649,2611923443488394076,5,5,random,0.02,4,7,20.076958,1
650,2611923443488394077,5,5,random,0.02,3,7,20.081042,1
651,2611923443488394078,5,5,random,0.02,4,6,20.07825,1
652,2611923443488394079,5,5,random,0.02,4,7,20.077875,1
653,2611923443488394080,5,5,random,0.02,4,7,20.089917,1
654,2611923443488394081,5,5,random,0.02,4,6,20.162708,1
655,2611923443488394082,5,5,random,0.02,4,7,20.071,1
656,2611923443488394083,5,5,random,0.02,4,8,20.076833,1
657,2611923443488394084,5,5,random,0.02,4,11,20.06925,1
658,2611923443488394085,5,5,random,0.02,5,8,20.072542,1
659,2611923443488394086,5,5,random,0.02,4,7,20.082834,1
660,2611923443488394087,5,5,random,0.02,3,8,20.062,1
661,2611923443488394088,5,5,random,0.02,4,6,20.075208,1
662,2611923443488394089,5,5,random,0.02,4,8,20.075375,1
663,2611923443488394090,5,5,random,0.02,2,8,20.045042,1
664,2611923443488394091,5,5,random,0.02,4,8,20.072375,1
665,2611923443488394092,5,5,random,0.02,4,9,20.081625,1
666,2611923443488394093,5,5,random,0.02,5,8,20.066209,1
667,2611923443488394094,5,5,random,0.02,3,6,20.065291,1
668,2611923443488394095,5,5,random,0.02,3,10,20.067917,1
669,2611923443488394096,5,5,random,0.02,4,6,20.064166,1
670,2611923443488394097,5,5,random,0.02,4,8,20.07925,1
671,2611923443488394098,5,5,random,0.02,5,6,20.07725,1
672,2611923443488394099,5,5,random,0.02,5,9,20.073208,1
673,2611923443488394100,5,5,random,0.02,3,11,20.050125,1
674,2611923443488394101,5,5,random,0.02,4,7,20.073833,1
675,2611923443488394102,5,5,random,0.02,4,7,20.081917,1
676,2611923443488394103,5,5,random,0.02,4,6,20.067292,1
677,2611923443488394104,5,5,random,0.02,5,8,20.075459,1
678,2611923443488394105,5,5,random,0.02,4,7,20.062875,1
679,2611923443488394106,5,5,random,0.02,4,8,20.083667,1
680,2611923443488394107,5,5,random,0.02,3,6,20.071334,1
681,2611923443488394108,5,5,random,0.02,4,10,20.072625,1
682,2611923443488394109,5,5,random,0.02,3,9,20.06075,1
683,2611923443488394110,5,5,random,0.02,5,7,20.079583,1
684,2611923443488394111,5,5,random,0.02,3,7,20.068792,1
685,2611923443488394112,5,5,random,0.02,4,9,20.072125,1
686,2611923443488394113,5,5,random,0.02,4,7,20.067458,1
687,2611923443488394114,5,5,random,0.02,5,9,20.065333,1
688,2611923443488394115,5,5,random,0.02,4,7,20.061458,1
689,2611923443488394116,5,5,random,0.02,3,8,20.07575,1
690,2611923443488394117,5,5,random,0.02,3,6,20.062542,1
691,2611923443488394118,5,5,random,0.02,4,10,20.075291,1
692,2611923443488394119,5,5,random,0.02,4,8,20.072666,1
693,2611923443488394120,5,5,random,0.02,4,8,20.064209,1
694,2611923443488394121,5,5,random,0.02,3,8,20.139459,1
695,2611923443488394122,5,5,random,0.02,3,5,20.068375,1
696,2611923443488394123,5,5,random,0.02,4,7,20.059542,1
697,2611923443488394124,5,5,random,0.02,3,8,20.058958,1
698,2611923443488394125,5,5,random,0.02,4,9,20.06575,1
699,2611923443488394126,5,5,random,0.02,4,6,20.078083,1
700,2611923443488394127,5,5,random,0.02,3,8,20.07575,1
701,2611923443488394128,5,5,random,0.02,4,6,20.0735,1
702,2611923443488394129,5,5,random,0.02,4,7,20.078166,1
703,2611923443488394130,5,5,random,0.02,5,10,20.075417,1
704,2611923443488394131,5,5,random,0.02,4,7,20.059291,1
705,2611923443488394132,5,5,random,0.02,4,8,20.079083,1
706,2611923443488394133,5,5,random,0.02,4,9,20.075625,1
707,2611923443488394134,5,5,random,0.02,4,7,20.076708,1
708,2611923443488394135,5,5,random,0.02,4,5,20.074375,1
709,2611923443488394136,5,5,random,0.02,4,10,20.07725,1
710,2611923443488394137,5,5,random,0.02,5,8,20.080667,1
711,2611923443488394138,5,5,random,0.02,3,6,20.057667,1
712,2611923443488394139,5,5,random,0.02,5,5,20.074791,1
713,2611923443488394140,5,5,random,0.02,4,10,20.075584,1
714,2611923443488394141,5,5,random,0.02,4,9,20.071667,1
715,2611923443488394142,5,5,random,0.02,4,9,20.077459,1
716,2611923443488394143,5,5,random,0.02,3,5,20.060292,1
717,2611923443488394144,5,5,random,0.02,3,6,20.065041,1
718,2611923443488394145,5,5,random,0.02,4,8,20.064875,1
719,2611923443488394146,5,5,random,0.02,4,8,20.072917,1
720,2611923443488394147,5,5,random,0.02,5,8,20.072834,1
721,2611923443488394148,5,5,random,0.02,5,9,20.071833,1
722,2611923443488394149,5,5,random,0.02,3,6,20.056125,1
723,2611923443488394150,5,5,random,0.02,5,7,20.065708,1
724,2611923443488394151,5,5,random,0.02,3,7,20.07375,1
725,2611923443488394152,5,5,random,0.02,3,8,20.072416,1
726,2611923443488394153,5,5,random,0.02,4,6,20.066917,1
727,2611923443488394154,5,5,random,0.02,4,10,20.07075,1
728,2611923443488394155,5,5,random,0.02,4,7,20.061417,1
729,2611923443488394156,5,5,random,0.02,4,8,20.089709,1
730,2611923443488394157,5,5,random,0.02,4,8,20.059333,1
731,2611923443488394158,5,5,random,0.02,5,9,20.0645,1
732,2611923443488394159,5,5,random,0.02,4,7,20.069292,1
733,2611923443488394160,5,5,random,0.02,4,6,20.061958,1
734,2611923443488394161,5,5,random,0.02,4,7,20.06525,1
735,2611923443488394162,5,5,random,0.02,4,7,20.065792,1
736,2611923443488394163,5,5,random,0.02,3,6,20.062667,1
737,2611923443488394164,5,5,random,0.02,6,6,20.074417,1
738,2611923443488394165,5,5,random,0.02,4,9,20.064583,1
739,2611923443488394166,5,5,random,0.02,4,8,20.06325,1
740,2611923443488394167,5,5,random,0.02,4,11,20.072791,1
741,2611923443488394168,5,5,random,0.02,4,8,20.07125,1
742,2611923443488394169,5,5,random,0.02,3,7,20.070834,1
743,2611923443488394170,5,5,random,0.02,4,6,20.079292,1
744,2611923443488394171,5,5,random,0.02,6,9,20.07325,1
745,2611923443488394172,5,5,random,0.02,4,8,20.063875,1
746,2611923443488394173,5,5,random,0.02,4,6,20.080708,1
747,2611923443488394174,5,5,random,0.02,4,9,20.07725,1
748,2611923443488394175,5,5,random,0.02,4,8,20.066958,1
749,2611923443488394176,5,5,random,0.02,3,11,20.064875,1
750,2611923443488394177,5,5,random,0.02,4,7,20.077791,1
751,2611923443488394178,5,5,random,0.02,4,7,20.07075,1
752,2611923443488394179,5,5,random,0.02,4,7,20.071209,1
753,2611923443488394180,5,5,random,0.02,4,8,20.078208,1
754,2611923443488394181,5,5,random,0.02,5,7,20.095083,1
755,2611923443488394182,5,5,random,0.02,4,7,20.082459,1
756,2611923443488394183,5,5,random,0.02,4,8,20.067166,1
757,2611923443488394184,5,5,random,0.02,4,7,20.070417,1
758,2611923443488394185,5,5,random,0.02,5,8,20.079167,1
759,2611923443488394186,5,5,random,0.02,4,6,20.075625,1
760,2611923443488394187,5,5,random,0.02,4,6,20.076542,1
761,2611923443488394188,5,5,random,0.02,5,9,20.064166,1
762,2611923443488394189,5,5,random,0.02,4,10,20.070125,1
763,2611923443488394190,5,5,random,0.02,4,7,20.078417,1
764,2611923443488394191,5,5,random,0.02,4,9,20.073459,1
765,2611923443488394192,5,5,random,0.02,4,9,20.073917,1
766,2611923443488394193,5,5,random,0.02,5,8,20.079,1
767,2611923443488394194,5,5,random,0.02,4,8,20.053333,1
768,2611923443488394195,5,5,random,0.02,5,10,20.070292,1
769,2611923443488394196,5,5,random,0.02,5,6,20.070042,1
770,2611923443488394197,5,5,random,0.02,4,8,20.0785,1
771,2611923443488394198,5,5,random,0.02,4,6,20.076375,1
772,2611923443488394199,5,5,random,0.02,4,10,20.073292,1
773,2611923443488394200,5,5,random,0.02,4,8,20.05675,1
774,2611923443488394201,5,5,random,0.02,4,10,20.072375,1
775,2611923443488394202,5,5,random,0.02,4,8,20.074125,1
776,2611923443488394203,5,5,random,0.02,3,6,20.071875,1
777,2611923443488394204,5,5,random,0.02,4,7,20.075375,1
778,2611923443488394205,5,5,random,0.02,4,8,20.064625,1
779,2611923443488394206,5,5,random,0.02,6,7,20.075625,1
780,2611923443488394207,5,5,random,0.02,4,8,20.080125,1
781,2611923443488394208,5,5,random,0.02,4,6,20.060917,1
782,2611923443488394209,5,5,random,0.02,5,7,20.085709,1
783,2611923443488394210,5,5,random,0.02,4,6,20.08375,1
784,2611923443488394211,5,5,random,0.02,4,11,20.074708,1
785,2611923443488394212,5,5,random,0.02,4,8,20.084667,1
786,2611923443488394213,5,5,random,0.02,4,9,20.062708,1
787,2611923443488394214,5,5,random,0.02,3,7,20.066791,1
788,2611923443488394215,5,5,random,0.02,2,6,20.063333,1
789,2611923443488394216,5,5,random,0.02,5,9,20.0755,1
790,2611923443488394217,5,5,random,0.02,4,8,20.0715,1
791,2611923443488394218,5,5,random,0.02,4,9,20.057166,1
792,2611923443488394219,5,5,random,0.02,4,9,20.073083,1
793,2611923443488394220,5,5,random,0.02,4,8,20.074875,1
794,2611923443488394221,5,5,random,0.02,3,7,20.071333,1
795,2611923443488394222,5,5,random,0.02,3,8,20.095083,1
796,2611923443488394223,5,5,random,0.02,4,7,20.0705,1
797,2611923443488394224,5,5,random,0.02,4,8,20.0685,1
798,2611923443488394225,5,5,random,0.02,4,6,20.0735,1
799,2611923443488394226,5,5,random,0.02,4,6,20.07425,1
800,2611923443488394227,5,5,random,0.02,5,6,20.085833,1
801,2611923443488394228,5,5,random,0.02,4,7,20.080625,1
802,2611923443488394229,5,5,random,0.02,3,8,20.074292,1
803,2611923443488394230,5,5,random,0.02,4,7,20.064084,1
804,2611923443488394231,5,5,random,0.02,5,8,20.07675,1
805,2611923443488394232,5,5,random,0.02,4,7,20.07675,1
806,2611923443488394233,5,5,random,0.02,3,8,20.064375,1
807,2611923443488394234,5,5,random,0.02,4,7,20.074667,1
808,2611923443488394235,5,5,random,0.02,4,7,20.069791,1
809,2611923443488394236,5,5,random,0.02,3,6,20.070416,1
810,2611923443488394237,5,5,random,0.02,4,8,20.066959,1
811,2611923443488394238,5,5,random,0.02,5,9,20.064959,1
812,2611923443488394239,5,5,random,0.02,4,9,20.094833,1
813,2611923443488394240,5,5,random,0.02,4,7,20.061833,1
814,2611923443488394241,5,5,random,0.02,4,6,20.074917,1
815,2611923443488394242,5,5,random,0.02,5,12,20.060291,1
816,2611923443488394243,5,5,random,0.02,3,7,20.067125,1
817,2611923443488394244,5,5,random,0.02,3,6,20.067208,1
818,2611923443488394245,5,5,random,0.02,3,9,20.063,1
819,2611923443488394246,5,5,random,0.02,3,6,20.073584,1
820,2611923443488394247,5,5,random,0.02,4,7,20.068833,1
821,2611923443488394248,5,5,random,0.02,3,7,20.069375,1
822,2611923443488394249,5,5,random,0.02,5,6,20.073667,1
823,2611923443488394250,5,5,random,0.02,5,12,20.072541,1
824,2611923443488394251,5,5,random,0.02,4,7,20.063083,1
825,2611923443488394252,5,5,random,0.02,5,7,20.087625,1
826,2611923443488394253,5,5,random,0.02,4,9,20.065959,1
827,2611923443488394254,5,5,random,0.02,5,7,20.078875,1
828,2611923443488394255,5,5,random,0.02,4,7,20.074125,1
829,2611923443488394256,5,5,random,0.02,4,6,20.099125,1
830,2611923443488394257,5,5,random,0.02,5,7,20.0895,1
831,2611923443488394258,5,5,random,0.02,5,6,20.070166,1
832,2611923443488394259,5,5,random,0.02,5,6,20.066834,1
833,2611923443488394260,5,5,random,0.02,3,7,20.072458,1
834,2611923443488394261,5,5,random,0.02,4,10,20.080875,1
835,2611923443488394262,5,5,random,0.02,4,11,20.067833,1
836,2611923443488394263,5,5,random,0.02,4,7,20.078458,1
837,2611923443488394264,5,5,random,0.02,4,5,20.067333,1
838,2611923443488394265,5,5,random,0.02,4,7,20.072083,1
839,2611923443488394266,5,5,random,0.02,4,8,20.049542,1
840,2611923443488394267,5,5,random,0.02,4,10,20.072166,1
841,2611923443488394268,5,5,random,0.02,4,6,20.066042,1
842,2611923443488394269,5,5,random,0.02,6,8,20.082667,1
843,2611923443488394270,5,5,random,0.02,4,7,20.068667,1
844,2611923443488394271,5,5,random,0.02,3,8,20.061958,1
845,2611923443488394272,5,5,random,0.02,5,9,20.071125,1
846,2611923443488394273,5,5,random,0.02,5,8,20.085125,1
847,2611923443488394274,5,5,random,0.02,3,7,20.066208,1
848,2611923443488394275,5,5,random,0.02,3,6,20.06375,1
849,2611923443488394276,5,5,random,0.02,6,7,20.063583,1
850,2611923443488394277,5,5,random,0.02,4,10,20.0745,1
851,2611923443488394278,5,5,random,0.02,4,7,20.104666,1
852,2611923443488394279,5,5,random,0.02,4,9,20.082291,1
853,2611923443488394280,5,5,random,0.02,5,8,20.072833,1
854,2611923443488394281,5,5,random,0.02,4,11,20.078584,1
855,2611923443488394282,5,5,random,0.02,4,10,20.055458,1
856,2611923443488394283,5,5,random,0.02,4,8,20.067459,1
857,2611923443488394284,5,5,random,0.02,3,9,20.075292,1
858,2611923443488394285,5,5,random,0.02,5,8,20.074625,1
859,2611923443488394286,5,5,random,0.02,4,7,20.075958,1
860,2611923443488394287,5,5,random,0.02,4,8,20.077375,1
861,2611923443488394288,5,5,random,0.02,4,8,20.080292,1
862,2611923443488394289,5,5,random,0.02,4,7,20.062583,1
863,2611923443488394290,5,5,random,0.02,4,5,20.065583,1
864,2611923443488394291,5,5,random,0.02,5,8,20.065667,1
865,2611923443488394292,5,5,random,0.02,3,9,20.079583,1
866,2611923443488394293,5,5,random,0.02,4,10,20.062542,1
867,2611923443488394294,5,5,random,0.02,4,7,20.083375,1
868,2611923443488394295,5,5,random,0.02,4,7,20.068209,1
869,2611923443488394296,5,5,random,0.02,3,6,20.05975,1
870,2611923443488394297,5,5,random,0.02,3,8,20.084042,1
871,2611923443488394298,5,5,random,0.02,3,7,20.069667,1
872,2611923443488394299,5,5,random,0.02,4,7,20.071916,1
873,2611923443488394300,5,5,random,0.02,2,7,20.056917,1
874,2611923443488394301,5,5,random,0.02,4,7,20.075291,1
875,2611923443488394302,5,5,random,0.02,4,8,20.075125,1
876,2611923443488394303,5,5,random,0.02,4,7,20.068791,1
877,2611923443488394304,5,5,random,0.02,4,9,20.06175,1
878,2611923443488394305,5,5,random,0.02,3,10,20.054709,1
879,2611923443488394306,5,5,random,0.02,4,7,20.065167,1
880,2611923443488394307,5,5,random,0.02,4,6,20.069375,1
881,2611923443488394308,5,5,random,0.02,4,6,20.069333,1
882,2611923443488394309,5,5,random,0.02,4,7,20.065792,1
883,2611923443488394310,5,5,random,0.02,5,7,20.066709,1
884,2611923443488394311,5,5,random,0.02,3,7,20.068875,1
885,2611923443488394312,5,5,random,0.02,4,6,20.076125,1
886,2611923443488394313,5,5,random,0.02,4,6,20.058458,1
887,2611923443488394314,5,5,random,0.02,3,8,20.061,1
888,2611923443488394315,5,5,random,0.02,4,6,20.072333,1
889,2611923443488394316,5,5,random,0.02,3,8,20.063,1
890,2611923443488394317,5,5,random,0.02,3,6,20.054583,1
891,2611923443488394318,5,5,random,0.02,4,7,20.070417,1
892,2611923443488394319,5,5,random,0.02,5,9,20.07825,1
893,2611923443488394320,5,5,random,0.02,4,6,20.064916,1
894,2611923443488394321,5,5,random,0.02,3,6,20.06075,1
895,2611923443488394322,5,5,random,0.02,3,7,20.068542,1
896,2611923443488394323,5,5,random,0.02,5,7,20.067084,1
897,2611923443488394324,5,5,random,0.02,5,7,20.091917,1
898,2611923443488394325,5,5,random,0.02,4,4,20.075208,1
899,2611923443488394326,5,5,random,0.02,4,9,20.068,1
900,2611923443488394327,5,5,random,0.02,5,8,20.0805,1
901,2611923443488394328,5,5,random,0.02,4,8,20.069875,1
902,2611923443488394329,5,5,random,0.02,4,6,20.074333,1
903,2611923443488394330,5,5,random,0.02,5,9,20.070667,1
904,2611923443488394331,5,5,random,0.02,4,7,20.068583,1
905,2611923443488394332,5,5,random,0.02,4,8,20.0915,1
906,2611923443488394333,5,5,random,0.02,5,7,20.062958,1
907,2611923443488394334,5,5,random,0.02,4,10,20.103583,1
908,2611923443488394335,5,5,random,0.02,4,6,20.067666,1
909,2611923443488394336,5,5,random,0.02,4,8,20.076291,1
910,2611923443488394337,5,5,random,0.02,4,7,20.077959,1
911,2611923443488394338,5,5,random,0.02,4,9,20.067875,1
912,2611923443488394339,5,5,random,0.02,4,9,20.076208,1
913,2611923443488394340,5,5,random,0.02,2,8,20.064833,1
914,2611923443488394341,5,5,random,0.02,4,8,20.068292,1
915,2611923443488394342,5,5,random,0.02,5,9,20.108458,1
916,2611923443488394343,5,5,random,0.02,3,7,20.061958,1
917,2611923443488394344,5,5,random,0.02,4,8,20.070708,1
918,2611923443488394345,5,5,random,0.02,4,8,20.061583,1
919,2611923443488394346,5,5,random,0.02,4,7,20.091375,1
920,2611923443488394347,5,5,random,0.02,5,8,20.0745,1
921,2611923443488394348,5,5,random,0.02,3,7,20.075667,1
922,2611923443488394349,5,5,random,0.02,4,7,20.075458,1
923,2611923443488394350,5,5,random,0.02,4,8,20.063375,1
924,2611923443488394351,5,5,random,0.02,5,6,20.07975,1
925,2611923443488394352,5,5,random,0.02,5,8,20.065583,1
926,2611923443488394353,5,5,random,0.02,4,7,20.071209,1
927,2611923443488394354,5,5,random,0.02,4,8,20.067083,1
928,2611923443488394355,5,5,random,0.02,5,10,20.076333,1
929,2611923443488394356,5,5,random,0.02,4,8,20.066042,1
930,2611923443488394357,5,5,random,0.02,4,7,20.085166,1
931,2611923443488394358,5,5,random,0.02,5,10,20.068625,1
932,2611923443488394359,5,5,random,0.02,3,6,20.069875,1
933,2611923443488394360,5,5,random,0.02,4,7,20.09125,1
934,2611923443488394361,5,5,random,0.02,4,8,20.072167,1
935,2611923443488394362,5,5,random,0.02,4,9,20.066,1
936,2611923443488394363,5,5,random,0.02,4,8,20.076458,1
937,2611923443488394364,5,5,random,0.02,3,4,20.059791,1
938,2611923443488394365,5,5,random,0.02,5,7,20.068833,1
939,2611923443488394366,5,5,random,0.02,4,6,20.067041,1
940,2611923443488394367,5,5,random,0.02,4,7,20.07475,1
941,2611923443488394368,5,5,random,0.02,4,6,20.083834,1
942,2611923443488394369,5,5,random,0.02,5,9,20.073667,1
943,2611923443488394370,5,5,random,0.02,3,9,20.073584,1
944,2611923443488394371,5,5,random,0.02,5,7,20.065917,1
945,2611923443488394372,5,5,random,0.02,4,9,20.067542,1
946,2611923443488394373,5,5,random,0.02,4,6,20.075458,1
947,2611923443488394374,5,5,random,0.02,4,6,20.052542,1
948,2611923443488394375,5,5,random,0.02,4,5,20.069667,1
949,2611923443488394376,5,5,random,0.02,4,7,20.063834,1
950,2611923443488394377,5,5,random,0.02,4,6,20.084792,1
951,2611923443488394378,5,5,random,0.02,4,7,20.070416,1
952,2611923443488394379,5,5,random,0.02,3,10,20.060041,1
953,2611923443488394380,5,5,random,0.02,4,6,20.060542,1
954,2611923443488394381,5,5,random,0.02,5,6,20.067209,1
955,2611923443488394382,5,5,random,0.02,4,9,20.069,1
956,2611923443488394383,5,5,random,0.02,4,8,20.075125,1
957,2611923443488394384,5,5,random,0.02,4,9,20.080125,1
958,2611923443488394385,5,5,random,0.02,4,5,20.068167,1
959,2611923443488394386,5,5,random,0.02,4,6,20.07775,1
960,2611923443488394387,5,5,random,0.02,4,6,20.066625,1
961,2611923443488394388,5,5,random,0.02,5,7,20.068542,1
962,2611923443488394389,5,5,random,0.02,5,8,20.089375,1
963,2611923443488394390,5,5,random,0.02,3,6,20.095459,1
964,2611923443488394391,5,5,random,0.02,4,8,20.059666,1
965,2611923443488394392,5,5,random,0.02,4,12,20.070083,1
966,2611923443488394393,5,5,random,0.02,5,9,20.065208,1
967,2611923443488394394,5,5,random,0.02,4,9,20.078958,1
968,2611923443488394395,5,5,random,0.02,5,9,20.066792,1
969,2611923443488394396,5,5,random,0.02,4,5,20.07675,1
970,2611923443488394397,5,5,random,0.02,4,8,20.058917,1
971,2611923443488394398,5,5,random,0.02,4,7,20.072125,1
972,2611923443488394399,5,5,random,0.02,4,7,20.091084,1
973,2611923443488394400,5,5,random,0.02,5,9,20.11275,1
974,2611923443488394401,5,5,random,0.02,4,9,20.070792,1
975,2611923443488394402,5,5,random,0.02,4,10,20.073667,1
976,2611923443488394403,5,5,random,0.02,4,8,20.07275,1
977,2611923443488394404,5,5,random,0.02,5,8,20.072625,1
978,2611923443488394405,5,5,random,0.02,3,6,20.079958,1
979,2611923443488394406,5,5,random,0.02,4,7,20.070625,1
980,2611923443488394407,5,5,random,0.02,5,8,20.082583,1
981,2611923443488394408,5,5,random,0.02,4,9,20.054916,1
982,2611923443488394409,5,5,random,0.02,4,9,20.070709,1
983,2611923443488394410,5,5,random,0.02,5,11,20.070667,1
984,2611923443488394411,5,5,random,0.02,4,6,20.058125,1
985,2611923443488394412,5,5,random,0.02,4,9,20.05975,1
986,2611923443488394413,5,5,random,0.02,4,7,20.058708,1
987,2611923443488394414,5,5,random,0.02,5,9,20.066334,1
988,2611923443488394415,5,5,random,0.02,4,7,20.074792,1
989,2611923443488394416,5,5,random,0.02,4,6,20.080334,1
990,2611923443488394417,5,5,random,0.02,4,7,20.074459,1
991,2611923443488394418,5,5,random,0.02,4,5,20.07675,1
992,2611923443488394419,5,5,random,0.02,4,9,20.076042,1
993,2611923443488394420,5,5,random,0.02,4,8,20.086459,1
994,2611923443488394421,5,5,random,0.02,3,6,20.065166,1
995,2611923443488394422,5,5,random,0.02,4,9,20.074875,1
996,2611923443488394423,5,5,random,0.02,3,7,20.080916,1
997,2611923443488394424,5,5,random,0.02,2,7,20.067041,1
998,2611923443488394425,5,5,random,0.02,5,8,20.082208,1
999,2611923443488394426,5,5,random,0.02,5,6,20.081291,1
1000,2611923443488458963,8,8,random,0.02,14,14,20.325917,1
1001,2611923443488458964,8,8,random,0.02,15,13,20.333083,1
1002,2611923443488458965,8,8,random,0.02,14,14,20.360709,1
1003,2611923443488458966,8,8,random,0.02,13,15,20.301875,1
1004,2611923443488458967,8,8,random,0.02,13,16,20.326125,1
1005,2611923443488458968,8,8,random,0.02,13,13,20.330292,1
1006,2611923443488458969,8,8,random,0.02,16,16,20.322875,1
1007,2611923443488458970,8,8,random,0.02,15,16,20.323958,1
1008,2611923443488458971,8,8,random,0.02,14,13,20.303542,1
1009,2611923443488458972,8,8,random,0.02,14,16,20.312209,1
1010,2611923443488458973,8,8,random,0.02,15,10,20.336875,1
1011,2611923443488458974,8,8,random,0.02,18,13,20.370041,1
1012,2611923443488458975,8,8,random,0.02,14,13,20.320167,1
1013,2611923443488458976,8,8,random,0.02,15,13,20.336125,1
1014,2611923443488458977,8,8,random,0.02,15,13,20.344333,1
1015,2611923443488458978,8,8,random,0.02,13,14,20.303334,1
1016,2611923443488458979,8,8,random,0.02,13,13,20.305042,1
1017,2611923443488458980,8,8,random,0.02,14,12,20.325375,1
1018,2611923443488458981,8,8,random,0.02,13,13,20.338,1
1019,2611923443488458982,8,8,random,0.02,13,12,20.3195,1
1020,2611923443488458983,8,8,random,0.02,17,21,20.310708,1
1021,2611923443488458984,8,8,random,0.02,16,11,20.366542,1
1022,2611923443488458985,8,8,random,0.02,15,11,20.395292,1
1023,2611923443488458986,8,8,random,0.02,13,15,20.314083,1
1024,2611923443488458987,8,8,random,0.02,15,14,20.297667,1
1025,2611923443488458988,8,8,random,0.02,15,15,20.296292,1
1026,2611923443488458989,8,8,random,0.02,15,10,20.347167,1
1027,2611923443488458990,8,8,random,0.02,14,14,20.367792,1
1028,2611923443488458991,8,8,random,0.02,16,8,20.332375,1
1029,2611923443488458992,8,8,random,0.02,16,12,20.402417,1
1030,2611923443488458993,8,8,random,0.02,18,14,20.334833,1
1031,2611923443488458994,8,8,random,0.02,14,13,20.363458,1
1032,2611923443488458995,8,8,random,0.02,16,12,20.351334,1
1033,2611923443488458996,8,8,random,0.02,15,17,20.311166,1
1034,2611923443488458997,8,8,random,0.02,11,14,20.313375,1
1035,2611923443488458998,8,8,random,0.02,18,13,20.322375,1
1036,2611923443488458999,8,8,random,0.02,14,13,20.399292,1
1037,2611923443488459000,8,8,random,0.02,16,13,20.323209,1
1038,2611923443488459001,8,8,random,0.02,10,11,20.320333,1
1039,2611923443488459002,8,8,random,0.02,16,17,20.35075,1
1040,2611923443488459003,8,8,random,0.02,13,11,20.298583,1
1041,2611923443488459004,8,8,random,0.02,14,11,20.319834,1
1042,2611923443488459005,8,8,random,0.02,13,13,20.331875,1
1043,2611923443488459006,8,8,random,0.02,11,13,20.303083,1
1044,2611923443488459007,8,8,random,0.02,13,14,20.296584,1
1045,2611923443488459008,8,8,random,0.02,16,15,20.310917,1
1046,2611923443488459009,8,8,random,0.02,15,16,20.335333,1
1047,2611923443488459010,8,8,random,0.02,17,13,20.350875,1
1048,2611923443488459011,8,8,random,0.02,14,11,20.328667,1
1049,2611923443488459012,8,8,random,0.02,13,9,20.33325,1
1050,2611923443488459013,8,8,random,0.02,14,13,20.367041,1
1051,2611923443488459014,8,8,random,0.02,16,11,20.354667,1
1052,2611923443488459015,8,8,random,0.02,17,15,20.307,1
1053,2611923443488459016,8,8,random,0.02,14,14,20.355041,1
1054,2611923443488459017,8,8,random,0.02,14,18,20.352792,1
1055,2611923443488459018,8,8,random,0.02,14,14,20.347292,1
1056,2611923443488459019,8,8,random,0.02,12,14,20.359625,1
1057,2611923443488459020,8,8,random,0.02,16,13,20.321334,1
1058,2611923443488459021,8,8,random,0.02,13,15,20.334875,1
1059,2611923443488459022,8,8,random,0.02,15,15,20.349791,1
1060,2611923443488459023,8,8,random,0.02,12,14,20.318541,1
1061,2611923443488459024,8,8,random,0.02,13,15,20.332125,1
1062,2611923443488459025,8,8,random,0.02,16,13,20.319666,1
1063,2611923443488459026,8,8,random,0.02,14,13,20.374334,1
1064,2611923443488459027,8,8,random,0.02,13,11,20.347709,1
1065,2611923443488459028,8,8,random,0.02,14,15,20.320917,1
1066,2611923443488459029,8,8,random,0.02,11,15,20.317417,1
1067,2611923443488459030,8,8,random,0.02,15,12,20.351083,1
1068,2611923443488459031,8,8,random,0.02,13,14,20.3115,1
1069,2611923443488459032,8,8,random,0.02,15,18,20.327,1
1070,2611923443488459033,8,8,random,0.02,16,16,20.349875,1
1071,2611923443488459034,8,8,random,0.02,15,12,20.357417,1
1072,2611923443488459035,8,8,random,0.02,17,15,20.342291,1
1073,2611923443488459036,8,8,random,0.02,16,15,20.310792,1
1074,2611923443488459037,8,8,random,0.02,15,12,20.332125,1
1075,2611923443488459038,8,8,random,0.02,12,10,20.3195,1
1076,2611923443488459039,8,8,random,0.02,16,15,20.331333,1
1077,2611923443488459040,8,8,random,0.02,12,11,20.282166,1
1078,2611923443488459041,8,8,random,0.02,16,18,20.31,1
1079,2611923443488459042,8,8,random,0.02,12,13,20.369542,1
1080,2611923443488459043,8,8,random,0.02,15,13,20.330166,1
1081,2611923443488459044,8,8,random,0.02,12,12,20.310584,1
1082,2611923443488459045,8,8,random,0.02,16,16,20.327541,1
1083,2611923443488459046,8,8,random,0.02,15,16,20.334,1
1084,2611923443488459047,8,8,random,0.02,14,11,20.331708,1
1085,2611923443488459048,8,8,random,0.02,15,13,20.337333,1
1086,2611923443488459049,8,8,random,0.02,13,10,20.296416,1
1087,2611923443488459050,8,8,random,0.02,17,15,20.315208,1
1088,2611923443488459051,8,8,random,0.02,13,16,20.411167,1
1089,2611923443488459052,8,8,random,0.02,12,11,20.322334,1
1090,2611923443488459053,8,8,random,0.02,11,14,20.384,1
1091,2611923443488459054,8,8,random,0.02,14,14,20.324667,1
1092,2611923443488459055,8,8,random,0.02,17,21,20.300167,1
1093,2611923443488459056,8,8,random,0.02,16,13,20.308875,1
1094,2611923443488459057,8,8,random,0.02,15,13,20.306583,1
1095,2611923443488459058,8,8,random,0.02,16,15,20.3185,1
1096,2611923443488459059,8,8,random,0.02,13,12,20.326375,1
1097,2611923443488459060,8,8,random,0.02,12,12,20.329875,1
1098,2611923443488459061,8,8,random,0.02,16,13,20.363125,1
1099,2611923443488459062,8,8,random,0.02,17,16,20.327,1
1100,2611923443488459063,8,8,random,0.02,17,14,20.38475,1
1101,2611923443488459064,8,8,random,0.02,13,12,20.409375,1
1102,2611923443488459065,8,8,random,0.02,15,12,20.314792,1
1103,2611923443488459066,8,8,random,0.02,12,10,20.310542,1
1104,2611923443488459067,8,8,random,0.02,14,17,20.304459,1
1105,2611923443488459068,8,8,random,0.02,13,12,20.308875,1
1106,2611923443488459069,8,8,random,0.02,12,12,20.343875,1
1107,2611923443488459070,8,8,random,0.02,16,15,20.313667,1
1108,2611923443488459071,8,8,random,0.02,13,15,20.356208,1
1109,2611923443488459072,8,8,random,0.02,13,18,20.313167,1
1110,2611923443488459073,8,8,random,0.02,15,14,20.299583,1
1111,2611923443488459074,8,8,random,0.02,12,12,20.346166,1
1112,2611923443488459075,8,8,random,0.02,17,14,20.326917,1
1113,2611923443488459076,8,8,random,0.02,14,13,20.32975,1
1114,2611923443488459077,8,8,random,0.02,15,14,20.352083,1
1115,2611923443488459078,8,8,random,0.02,17,14,20.371209,1
1116,2611923443488459079,8,8,random,0.02,13,12,20.363333,1
1117,2611923443488459080,8,8,random,0.02,11,13,20.413583,1
1118,2611923443488459081,8,8,random,0.02,16,18,20.368375,1
1119,2611923443488459082,8,8,random,0.02,12,14,20.313834,1
1120,2611923443488459083,8,8,random,0.02,15,12,20.331417,1
1121,2611923443488459084,8,8,random,0.02,15,12,20.338792,1
1122,2611923443488459085,8,8,random,0.02,14,12,20.314583,1
1123,2611923443488459086,8,8,random,0.02,17,14,20.346,1
1124,2611923443488459087,8,8,random,0.02,12,12,20.311416,1
1125,2611923443488459088,8,8,random,0.02,15,15,20.314833,1
1126,2611923443488459089,8,8,random,0.02,14,12,20.366542,1
1127,2611923443488459090,8,8,random,0.02,16,14,20.325083,1
1128,2611923443488459091,8,8,random,0.02,17,16,20.289958,1
1129,2611923443488459092,8,8,random,0.02,16,10,20.318583,1
1130,2611923443488459093,8,8,random,0.02,14,12,20.345542,1
1131,2611923443488459094,8,8,random,0.02,15,10,20.343125,1
1132,2611923443488459095,8,8,random,0.02,14,11,20.359042,1
1133,2611923443488459096,8,8,random,0.02,14,10,20.310541,1
1134,2611923443488459097,8,8,random,0.02,16,13,20.380709,1
1135,2611923443488459098,8,8,random,0.02,12,13,20.351042,1
1136,2611923443488459099,8,8,random,0.02,16,14,20.33675,1
1137,2611923443488459100,8,8,random,0.02,16,14,20.318208,1
1138,2611923443488459101,8,8,random,0.02,14,12,20.322917,1
1139,2611923443488459102,8,8,random,0.02,16,16,20.362542,1
1140,2611923443488459103,8,8,random,0.02,14,12,20.379958,1
1141,2611923443488459104,8,8,random,0.02,16,12,20.332958,1
1142,2611923443488459105,8,8,random,0.02,15,11,20.355584,1
1143,2611923443488459106,8,8,random,0.02,16,13,20.346458,1
1144,2611923443488459107,8,8,random,0.02,16,17,20.324375,1
1145,2611923443488459108,8,8,random,0.02,16,14,20.326917,1
1146,2611923443488459109,8,8,random,0.02,17,11,20.374166,1
1147,2611923443488459110,8,8,random,0.02,12,12,20.344333,1
1148,2611923443488459111,8,8,random,0.02,14,14,20.327334,1
1149,2611923443488459112,8,8,random,0.02,14,12,20.379709,1
1150,2611923443488459113,8,8,random,0.02,13,13,20.269167,1
1151,2611923443488459114,8,8,random,0.02,14,15,20.308417,1
1152,2611923443488459115,8,8,random,0.02,16,15,20.307875,1
1153,2611923443488459116,8,8,random,0.02,12,13,20.342458,1
1154,2611923443488459117,8,8,random,0.02,14,11,20.325875,1
1155,2611923443488459118,8,8,random,0.02,16,13,20.32475,1
1156,2611923443488459119,8,8,random,0.02,14,15,20.332209,1
1157,2611923443488459120,8,8,random,0.02,15,17,20.354916,1
1158,2611923443488459121,8,8,random,0.02,17,14,20.335375,1
1159,2611923443488459122,8,8,random,0.02,13,11,20.348416,1
1160,2611923443488459123,8,8,random,0.02,14,10,20.348041,1
1161,2611923443488459124,8,8,random,0.02,14,14,20.332417,1
1162,2611923443488459125,8,8,random,0.02,16,12,20.370875,1
1163,2611923443488459126,8,8,random,0.02,14,11,20.346917,1
1164,2611923443488459127,8,8,random,0.02,12,15,20.292708,1
1165,2611923443488459128,8,8,random,0.02,16,15,20.333041,1
1166,2611923443488459129,8,8,random,0.02,14,15,20.334208,1
1167,2611923443488459130,8,8,random,0.02,18,13,20.402167,1
1168,2611923443488459131,8,8,random,0.02,13,10,20.307541,1
1169,2611923443488459132,8,8,random,0.02,15,17,20.304708,1
1170,2611923443488459133,8,8,random,0.02,15,21,20.328084,1
1171,2611923443488459134,8,8,random,0.02,13,13,20.315167,1
1172,2611923443488459135,8,8,random,0.02,14,11,20.360083,1
1173,2611923443488459136,8,8,random,0.02,16,13,20.374958,1
1174,2611923443488459137,8,8,random,0.02,15,14,20.33525,1
1175,2611923443488459138,8,8,random,0.02,13,14,20.291208,1
1176,2611923443488459139,8,8,random,0.02,16,14,20.338541,1
1177,2611923443488459140,8,8,random,0.02,15,20,20.336625,1
1178,2611923443488459141,8,8,random,0.02,14,13,20.33225,1
1179,2611923443488459142,8,8,random,0.02,17,14,20.320166,1
1180,2611923443488459143,8,8,random,0.02,16,15,20.311,1
1181,2611923443488459144,8,8,random,0.02,15,11,20.37125,1
1182,2611923443488459145,8,8,random,0.02,14,12,20.375959,1
1183,2611923443488459146,8,8,random,0.02,17,14,20.327583,1
1184,2611923443488459147,8,8,random,0.02,15,18,20.338709,1
1185,2611923443488459148,8,8,random,0.02,15,13,20.331,1
1186,2611923443488459149,8,8,random,0.02,14,14,20.344958,1
1187,2611923443488459150,8,8,random,0.02,16,17,20.32875,1
1188,2611923443488459151,8,8,random,0.02,13,16,20.285666,1
1189,2611923443488459152,8,8,random,0.02,15,14,20.335916,1
1190,2611923443488459153,8,8,random,0.02,14,16,20.312375,1
1191,2611923443488459154,8,8,random,0.02,15,12,20.3685,1
1192,2611923443488459155,8,8,random,0.02,13,15,20.326708,1
1193,2611923443488459156,8,8,random,0.02,17,16,20.325625,1
1194,2611923443488459157,8,8,random,0.02,14,14,20.389458,1
1195,2611923443488459158,8,8,random,0.02,13,13,20.288917,1
1196,2611923443488459159,8,8,random,0.02,15,11,20.327542,1
1197,2611923443488459160,8,8,random,0.02,17,14,20.339458,1
1198,2611923443488459161,8,8,random,0.02,14,15,20.334709,1
1199,2611923443488459162,8,8,random,0.02,16,15,20.32375,1
1200,2611923443488459163,8,8,random,0.02,18,16,20.318667,1
1201,2611923443488459164,8,8,random,0.02,16,14,20.341458,1
1202,2611923443488459165,8,8,random,0.02,15,16,20.324083,1
1203,2611923443488459166,8,8,random,0.02,17,14,20.298375,1
1204,2611923443488459167,8,8,random,0.02,17,21,20.312541,1
1205,2611923443488459168,8,8,random,0.02,13,12,20.331625,1
1206,2611923443488459169,8,8,random,0.02,14,15,20.396875,1
1207,2611923443488459170,8,8,random,0.02,15,10,20.381875,1
1208,2611923443488459171,8,8,random,0.02,12,11,20.340916,1
1209,2611923443488459172,8,8,random,0.02,12,14,20.335583,1
1210,2611923443488459173,8,8,random,0.02,15,16,20.348416,1
1211,2611923443488459174,8,8,random,0.02,14,11,20.353166,1
1212,2611923443488459175,8,8,random,0.02,12,14,20.305541,1
1213,2611923443488459176,8,8,random,0.02,15,13,20.307625,1
1214,2611923443488459177,8,8,random,0.02,12,13,20.345875,1
1215,2611923443488459178,8,8,random,0.02,14,13,20.360458,1
1216,2611923443488459179,8,8,random,0.02,14,12,20.343333,1
1217,2611923443488459180,8,8,random,0.02,15,10,20.380125,1
1218,2611923443488459181,8,8,random,0.02,15,13,20.345875,1
1219,2611923443488459182,8,8,random,0.02,14,14,20.421167,1
1220,2611923443488459183,8,8,random,0.02,15,17,20.337291,1
1221,2611923443488459184,8,8,random,0.02,14,11,20.328583,1
1222,2611923443488459185,8,8,random,0.02,14,14,20.330083,1
1223,2611923443488459186,8,8,random,0.02,14,13,20.322792,1
1224,2611923443488459187,8,8,random,0.02,15,12,20.363708,1
1225,2611923443488459188,8,8,random,0.02,14,19,20.315666,1
1226,2611923443488459189,8,8,random,0.02,10,14,20.310875,1
1227,2611923443488459190,8,8,random,0.02,15,14,20.305916,1
1228,2611923443488459191,8,8,random,0.02,14,12,20.41525,1
1229,2611923443488459192,8,8,random,0.02,15,12,20.332917,1
1230,2611923443488459193,8,8,random,0.02,15,13,20.296042,1
1231,2611923443488459194,8,8,random,0.02,14,14,20.315125,1
1232,2611923443488459195,8,8,random,0.02,12,10,20.341958,1
1233,2611923443488459196,8,8,random,0.02,15,17,20.312834,1
1234,2611923443488459197,8,8,random,0.02,14,10,20.330667,1
1235,2611923443488459198,8,8,random,0.02,13,13,20.336375,1
1236,2611923443488459199,8,8,random,0.02,16,11,20.3595,1
1237,2611923443488459200,8,8,random,0.02,12,11,20.400583,1
1238,2611923443488459201,8,8,random,0.02,14,14,20.313667,1
1239,2611923443488459202,8,8,random,0.02,15,14,20.349084,1
1240,2611923443488459203,8,8,random,0.02,16,13,20.320667,1
1241,2611923443488459204,8,8,random,0.02,12,15,20.343292,1
1242,2611923443488459205,8,8,random,0.02,16,13,20.344583,1
1243,2611923443488459206,8,8,random,0.02,17,15,20.371083,1
1244,2611923443488459207,8,8,random,0.02,15,18,20.343375,1
1245,2611923443488459208,8,8,random,0.02,17,12,20.3425,1
1246,2611923443488459209,8,8,random,0.02,15,14,20.314416,1
1247,2611923443488459210,8,8,random,0.02,16,11,20.363916,1
1248,2611923443488459211,8,8,random,0.02,14,15,20.308625,1
1249,2611923443488459212,8,8,random,0.02,13,15,20.326833,1
1250,2611923443488459213,8,8,random,0.02,18,12,20.33225,1
1251,2611923443488459214,8,8,random,0.02,16,15,20.32175,1
1252,2611923443488459215,8,8,random,0.02,17,14,20.37025,1
1253,2611923443488459216,8,8,random,0.02,15,13,20.329292,1
1254,2611923443488459217,8,8,random,0.02,15,11,20.333541,1
1255,2611923443488459218,8,8,random,0.02,14,15,20.305875,1
1256,2611923443488459219,8,8,random,0.02,13,13,20.312667,1
1257,2611923443488459220,8,8,random,0.02,15,13,20.424291,1
1258,2611923443488459221,8,8,random,0.02,14,14,20.324042,1
1259,2611923443488459222,8,8,random,0.02,14,10,20.338041,1
1260,2611923443488459223,8,8,random,0.02,13,12,20.32425,1
1261,2611923443488459224,8,8,random,0.02,16,14,20.285542,1
1262,2611923443488459225,8,8,random,0.02,11,14,20.28475,1
1263,2611923443488459226,8,8,random,0.02,14,10,20.301875,1
1264,2611923443488459227,8,8,random,0.02,13,11,20.291208,1
1265,2611923443488459228,8,8,random,0.02,15,13,20.315333,1
1266,2611923443488459229,8,8,random,0.02,18,15,20.453458,1
1267,2611923443488459230,8,8,random,0.02,13,12,20.330542,1
1268,2611923443488459231,8,8,random,0.02,14,13,20.343125,1
1269,2611923443488459232,8,8,random,0.02,17,17,20.328375,1
1270,2611923443488459233,8,8,random,0.02,14,11,20.363083,1
1271,2611923443488459234,8,8,random,0.02,15,14,20.350708,1
1272,2611923443488459235,8,8,random,0.02,14,16,20.316,1
1273,2611923443488459236,8,8,random,0.02,12,11,20.322625,1
1274,2611923443488459237,8,8,random,0.02,14,13,20.329125,1
1275,2611923443488459238,8,8,random,0.02,13,16,20.31775,1
1276,2611923443488459239,8,8,random,0.02,13,14,20.315375,1
1277,2611923443488459240,8,8,random,0.02,16,12,20.315875,1
1278,2611923443488459241,8,8,random,0.02,12,13,20.343875,1
1279,2611923443488459242,8,8,random,0.02,16,15,20.319542,1
1280,2611923443488459243,8,8,random,0.02,14,15,20.459875,1
1281,2611923443488459244,8,8,random,0.02,13,11,20.316083,1
1282,2611923443488459245,8,8,random,0.02,14,13,20.326917,1
1283,2611923443488459246,8,8,random,0.02,18,16,20.367583,1
1284,2611923443488459247,8,8,random,0.02,15,12,20.317458,1
1285,2611923443488459248,8,8,random,0.02,14,14,20.346083,1
1286,2611923443488459249,8,8,random,0.02,14,12,20.302375,1
1287,2611923443488459250,8,8,random,0.02,16,14,20.322041,1
1288,2611923443488459251,8,8,random,0.02,15,14,20.336208,1
1289,2611923443488459252,8,8,random,0.02,15,14,20.391167,1
1290,2611923443488459253,8,8,random,0.02,13,11,20.351958,1
1291,2611923443488459254,8,8,random,0.02,17,12,20.313625,1
1292,2611923443488459255,8,8,random,0.02,14,15,20.314208,1
1293,2611923443488459256,8,8,random,0.02,16,15,20.302041,1
1294,2611923443488459257,8,8,random,0.02,13,13,20.331125,1
1295,2611923443488459258,8,8,random,0.02,18,15,20.342084,1
1296,2611923443488459259,8,8,random,0.02,13,15,20.291375,1
1297,2611923443488459260,8,8,random,0.02,12,14,20.33325,1
1298,2611923443488459261,8,8,random,0.02,16,14,20.328042,1
1299,2611923443488459262,8,8,random,0.02,15,18,20.297042,1
1300,2611923443488459263,8,8,random,0.02,13,11,20.327083,1
1301,2611923443488459264,8,8,random,0.02,15,18,20.277,1
1302,2611923443488459265,8,8,random,0.02,17,13,20.315208,1
1303,2611923443488459266,8,8,random,0.02,14,12,20.296375,1
1304,2611923443488459267,8,8,random,0.02,12,12,20.354167,1
1305,2611923443488459268,8,8,random,0.02,13,12,20.32375,1
1306,2611923443488459269,8,8,random,0.02,15,14,20.319375,1
1307,2611923443488459270,8,8,random,0.02,16,18,20.372,1
1308,2611923443488459271,8,8,random,0.02,16,16,20.328709,1
1309,2611923443488459272,8,8,random,0.02,15,13,20.327959,1
1310,2611923443488459273,8,8,random,0.02,16,11,20.321041,1
1311,2611923443488459274,8,8,random,0.02,15,10,20.348708,1
1312,2611923443488459275,8,8,random,0.02,14,11,20.319292,1
1313,2611923443488459276,8,8,random,0.02,16,16,20.345542,1
1314,2611923443488459277,8,8,random,0.02,17,16,20.361667,1
1315,2611923443488459278,8,8,random,0.02,15,14,20.335166,1
1316,2611923443488459279,8,8,random,0.02,16,13,20.33275,1
1317,2611923443488459280,8,8,random,0.02,16,19,20.29475,1
1318,2611923443488459281,8,8,random,0.02,15,15,20.3045,1
1319,2611923443488459282,8,8,random,0.02,13,14,20.349417,1
1320,2611923443488459283,8,8,random,0.02,16,18,20.320833,1
1321,2611923443488459284,8,8,random,0.02,15,15,20.334417,1
1322,2611923443488459285,8,8,random,0.02,15,14,20.307291,1
1323,2611923443488459286,8,8,random,0.02,14,16,20.378292,1
1324,2611923443488459287,8,8,random,0.02,15,17,20.328833,1
1325,2611923443488459288,8,8,random,0.02,17,13,20.3205,1
1326,2611923443488459289,8,8,random,0.02,18,16,20.353667,1
1327,2611923443488459290,8,8,random,0.02,14,13,20.319083,1
1328,2611923443488459291,8,8,random,0.02,14,15,20.312708,1
1329,2611923443488459292,8,8,random,0.02,16,12,20.33725,1
1330,2611923443488459293,8,8,random,0.02,14,13,20.361625,1
1331,2611923443488459294,8,8,random,0.02,12,12,20.319333,1
1332,2611923443488459295,8,8,random,0.02,13,12,20.346167,1
1333,2611923443488459296,8,8,random,0.02,14,16,20.284667,1
1334,2611923443488459297,8,8,random,0.02,17,13,20.322791,1
1335,2611923443488459298,8,8,random,0.02,16,14,20.28775,1
1336,2611923443488459299,8,8,random,0.02,14,12,20.320875,1
1337,2611923443488459300,8,8,random,0.02,14,15,20.334,1
1338,2611923443488459301,8,8,random,0.02,14,10,20.378583,1
1339,2611923443488459302,8,8,random,0.02,14,11,20.374166,1
1340,2611923443488459303,8,8,random,0.02,15,11,20.326875,1
1341,2611923443488459304,8,8,random,0.02,14,13,20.345667,1
1342,2611923443488459305,8,8,random,0.02,14,15,20.357416,1
1343,2611923443488459306,8,8,random,0.02,16,14,20.334083,1
1344,2611923443488459307,8,8,random,0.02,14,14,20.338166,1
1345,2611923443488459308,8,8,random,0.02,13,14,20.262042,1
1346,2611923443488459309,8,8,random,0.02,15,15,20.314833,1
1347,2611923443488459310,8,8,random,0.02,14,19,20.347959,1
1348,2611923443488459311,8,8,random,0.02,15,13,20.33825,1
1349,2611923443488459312,8,8,random,0.02,13,13,20.2865,1
1350,2611923443488459313,8,8,random,0.02,14,10,20.337958,1
1351,2611923443488459314,8,8,random,0.02,17,13,20.344084,1
1352,2611923443488459315,8,8,random,0.02,17,17,20.472583,1
1353,2611923443488459316,8,8,random,0.02,16,12,20.342208,1
1354,2611923443488459317,8,8,random,0.02,12,12,20.33325,1
1355,2611923443488459318,8,8,random,0.02,13,11,20.325084,1
1356,2611923443488459319,8,8,random,0.02,16,15,20.309,1
1357,2611923443488459320,8,8,random,0.02,15,11,20.376042,1
1358,2611923443488459321,8,8,random,0.02,15,11,20.354833,1
1359,2611923443488459322,8,8,random,0.02,14,13,20.320958,1
1360,2611923443488459323,8,8,random,0.02,14,14,20.331292,1
1361,2611923443488459324,8,8,random,0.02,15,14,20.353459,1
1362,2611923443488459325,8,8,random,0.02,16,17,20.31175,1
1363,2611923443488459326,8,8,random,0.02,13,13,20.30725,1
1364,2611923443488459327,8,8,random,0.02,16,11,20.363042,1
1365,2611923443488459328,8,8,random,0.02,14,19,20.306458,1
1366,2611923443488459329,8,8,random,0.02,16,13,20.368958,1
1367,2611923443488459330,8,8,random,0.02,16,17,20.314125,1
1368,2611923443488459331,8,8,random,0.02,17,15,20.327333,1
1369,2611923443488459332,8,8,random,0.02,15,14,20.3085,1
1370,2611923443488459333,8,8,random,0.02,14,14,20.329667,1
1371,2611923443488459334,8,8,random,0.02,15,12,20.338333,1
1372,2611923443488459335,8,8,random,0.02,14,14,20.320542,1
1373,2611923443488459336,8,8,random,0.02,13,13,20.337458,1
1374,2611923443488459337,8,8,random,0.02,14,13,20.341333,1
1375,2611923443488459338,8,8,random,0.02,15,13,20.3895,1
1376,2611923443488459339,8,8,random,0.02,15,16,20.310958,1
1377,2611923443488459340,8,8,random,0.02,16,13,20.332708,1
1378,2611923443488459341,8,8,random,0.02,13,12,20.310458,1
1379,2611923443488459342,8,8,random,0.02,15,15,20.317166,1
1380,2611923443488459343,8,8,random,0.02,15,15,20.326875,1
1381,2611923443488459344,8,8,random,0.02,17,16,20.301125,1
1382,2611923443488459345,8,8,random,0.02,15,16,20.309916,1
1383,2611923443488459346,8,8,random,0.02,12,15,20.323375,1
1384,2611923443488459347,8,8,random,0.02,15,12,20.331459,1
1385,2611923443488459348,8,8,random,0.02,15,9,20.355834,1
1386,2611923443488459349,8,8,random,0.02,15,12,20.355916,1
1387,2611923443488459350,8,8,random,0.02,15,16,20.32025,1
1388,2611923443488459351,8,8,random,0.02,12,12,20.310125,1
1389,2611923443488459352,8,8,random,0.02,14,15,20.320875,1
1390,2611923443488459353,8,8,random,0.02,14,12,20.305875,1
1391,2611923443488459354,8,8,random,0.02,13,14,20.301791,1
1392,2611923443488459355,8,8,random,0.02,15,14,20.326208,1
1393,2611923443488459356,8,8,random,0.02,13,12,20.321459,1
1394,2611923443488459357,8,8,random,0.02,14,12,20.351667,1
1395,2611923443488459358,8,8,random,0.02,16,10,20.349417,1
1396,2611923443488459359,8,8,random,0.02,14,10,20.322625,1
1397,2611923443488459360,8,8,random,0.02,13,11,20.316334,1
1398,2611923443488459361,8,8,random,0.02,14,16,20.317292,1
1399,2611923443488459362,8,8,random,0.02,16,13,20.338375,1
1400,2611923443488459363,8,8,random,0.02,13,13,20.311458,1
1401,2611923443488459364,8,8,random,0.02,15,16,20.339125,1
1402,2611923443488459365,8,8,random,0.02,15,10,20.32475,1
1403,2611923443488459366,8,8,random,0.02,15,15,20.339708,1
1404,2611923443488459367,8,8,random,0.02,16,15,20.319,1
1405,2611923443488459368,8,8,random,0.02,15,15,20.318208,1
1406,2611923443488459369,8,8,random,0.02,15,12,20.349667,1
1407,2611923443488459370,8,8,random,0.02,14,14,20.339917,1
1408,2611923443488459371,8,8,random,0.02,15,13,20.321666,1
1409,2611923443488459372,8,8,random,0.02,15,12,20.405,1
1410,2611923443488459373,8,8,random,0.02,13,21,20.319375,1
1411,2611923443488459374,8,8,random,0.02,15,17,20.378167,1
1412,2611923443488459375,8,8,random,0.02,15,10,20.352375,1
1413,2611923443488459376,8,8,random,0.02,15,13,20.33975,1
1414,2611923443488459377,8,8,random,0.02,15,12,20.357625,1
1415,2611923443488459378,8,8,random,0.02,14,16,20.322208,1
1416,2611923443488459379,8,8,random,0.02,14,12,20.3575,1
1417,2611923443488459380,8,8,random,0.02,16,14,20.323333,1
1418,2611923443488459381,8,8,random,0.02,16,17,20.381208,1
1419,2611923443488459382,8,8,random,0.02,16,13,20.330375,1
1420,2611923443488459383,8,8,random,0.02,14,13,20.338875,1
1421,2611923443488459384,8,8,random,0.02,17,12,20.33875,1
1422,2611923443488459385,8,8,random,0.02,15,15,20.312209,1
1423,2611923443488459386,8,8,random,0.02,14,12,20.307417,1
1424,2611923443488459387,8,8,random,0.02,15,15,20.327541,1
1425,2611923443488459388,8,8,random,0.02,13,10,20.317166,1
1426,2611923443488459389,8,8,random,0.02,15,15,20.297667,1
1427,2611923443488459390,8,8,random,0.02,15,12,20.454958,1
1428,2611923443488459391,8,8,random,0.02,15,14,20.349208,1
1429,2611923443488459392,8,8,random,0.02,16,14,20.347834,1
1430,2611923443488459393,8,8,random,0.02,15,14,20.280209,1
1431,2611923443488459394,8,8,random,0.02,19,13,20.373708,1
1432,2611923443488459395,8,8,random,0.02,13,12,20.337459,1
1433,2611923443488459396,8,8,random,0.02,13,10,20.361125,1
1434,2611923443488459397,8,8,random,0.02,13,15,20.331084,1
1435,2611923443488459398,8,8,random,0.02,16,14,20.334667,1
1436,2611923443488459399,8,8,random,0.02,16,15,20.354167,1
1437,2611923443488459400,8,8,random,0.02,14,15,20.345083,1
1438,2611923443488459401,8,8,random,0.02,13,13,20.414167,1
1439,2611923443488459402,8,8,random,0.02,11,11,20.3225,1
1440,2611923443488459403,8,8,random,0.02,15,14,20.282666,1
1441,2611923443488459404,8,8,random,0.02,16,12,20.32575,1
1442,2611923443488459405,8,8,random,0.02,14,14,20.317125,1
1443,2611923443488459406,8,8,random,0.02,17,12,20.335667,1
1444,2611923443488459407,8,8,random,0.02,14,12,20.356958,1
1445,2611923443488459408,8,8,random,0.02,14,15,20.373875,1
1446,2611923443488459409,8,8,random,0.02,15,12,20.341958,1
1447,2611923443488459410,8,8,random,0.02,12,15,20.357,1
1448,2611923443488459411,8,8,random,0.02,15,13,20.36925,1
1449,2611923443488459412,8,8,random,0.02,15,15,20.2835,1
1450,2611923443488459413,8,8,random,0.02,14,12,20.331125,1
1451,2611923443488459414,8,8,random,0.02,15,16,20.305542,1
1452,2611923443488459415,8,8,random,0.02,14,11,20.292834,1
1453,2611923443488459416,8,8,random,0.02,14,13,20.329334,1
1454,2611923443488459417,8,8,random,0.02,13,11,20.307792,1
1455,2611923443488459418,8,8,random,0.02,17,16,20.339291,1
1456,2611923443488459419,8,8,random,0.02,13,11,20.371125,1
1457,2611923443488459420,8,8,random,0.02,13,12,20.602208,1
1458,2611923443488459421,8,8,random,0.02,17,13,20.426791,1
1459,2611923443488459422,8,8,random,0.02,17,12,20.326917,1
1460,2611923443488459423,8,8,random,0.02,9,12,20.295,1
1461,2611923443488459424,8,8,random,0.02,14,17,20.303667,1
1462,2611923443488459425,8,8,random,0.02,14,15,20.301417,1
1463,2611923443488459426,8,8,random,0.02,16,12,20.314541,1
1464,2611923443488459427,8,8,random,0.02,15,18,20.338792,1
1465,2611923443488459428,8,8,random,0.02,15,15,20.295625,1
1466,2611923443488459429,8,8,random,0.02,14,12,20.325792,1
1467,2611923443488459430,8,8,random,0.02,13,16,20.313916,1
1468,2611923443488459431,8,8,random,0.02,14,13,20.325334,1
1469,2611923443488459432,8,8,random,0.02,13,13,20.295167,1
1470,2611923443488459433,8,8,random,0.02,14,14,20.355375,1
1471,2611923443488459434,8,8,random,0.02,13,10,20.358166,1
1472,2611923443488459435,8,8,random,0.02,14,11,20.28975,1
1473,2611923443488459436,8,8,random,0.02,16,13,20.32375,1
1474,2611923443488459437,8,8,random,0.02,14,17,20.347083,1
1475,2611923443488459438,8,8,random,0.02,15,16,20.302,1
1476,2611923443488459439,8,8,random,0.02,15,14,20.296875,1
1477,2611923443488459440,8,8,random,0.02,18,15,20.380792,1
1478,2611923443488459441,8,8,random,0.02,15,14,20.340459,1
1479,2611923443488459442,8,8,random,0.02,13,10,20.29725,1
1480,2611923443488459443,8,8,random,0.02,14,15,20.299208,1
1481,2611923443488459444,8,8,random,0.02,14,11,20.352042,1
1482,2611923443488459445,8,8,random,0.02,15,11,20.338833,1
1483,2611923443488459446,8,8,random,0.02,15,16,20.43275,1
1484,2611923443488459447,8,8,random,0.02,16,10,20.347291,1
1485,2611923443488459448,8,8,random,0.02,13,12,20.316083,1
1486,2611923443488459449,8,8,random,0.02,15,17,20.358459,1
1487,2611923443488459450,8,8,random,0.02,16,17,20.337,1
1488,2611923443488459451,8,8,random,0.02,16,15,20.307292,1
1489,2611923443488459452,8,8,random,0.02,15,12,20.31875,1
1490,2611923443488459453,8,8,random,0.02,13,15,20.298125,1
1491,2611923443488459454,8,8,random,0.02,13,10,20.3285,1
1492,2611923443488459455,8,8,random,0.02,15,19,20.333042,1
1493,2611923443488459456,8,8,random,0.02,16,13,20.342459,1
1494,2611923443488459457,8,8,random,0.02,17,16,20.297583,1
1495,2611923443488459458,8,8,random,0.02,16,15,20.3135,1
1496,2611923443488459459,8,8,random,0.02,14,11,20.39,1
1497,2611923443488459460,8,8,random,0.02,12,9,20.415959,1
1498,2611923443488459461,8,8,random,0.02,16,14,20.352041,1
1499,2611923443488459462,8,8,random,0.02,16,14,20.340917,1
1500,2611923443488524499,10,10,random,0.02,27,16,20.635708,1
1501,2611923443488524500,10,10,random,0.02,22,15,20.694792,1
1502,2611923443488524501,10,10,random,0.02,22,13,20.720125,1
1503,2611923443488524502,10,10,random,0.02,23,17,20.672917,1
1504,2611923443488524503,10,10,random,0.02,28,15,20.674084,1
1505,2611923443488524504,10,10,random,0.02,23,16,20.659,1
1506,2611923443488524505,10,10,random,0.02,24,17,20.647709,1
1507,2611923443488524506,10,10,random,0.02,23,14,20.638833,1
1508,2611923443488524507,10,10,random,0.02,23,13,20.710625,1
1509,2611923443488524508,10,10,random,0.02,26,20,20.67125,1
1510,2611923443488524509,10,10,random,0.02,24,18,20.66425,1
1511,2611923443488524510,10,10,random,0.02,22,19,20.702917,1
1512,2611923443488524511,10,10,random,0.02,24,15,20.699708,1
1513,2611923443488524512,10,10,random,0.02,25,18,20.70475,1
1514,2611923443488524513,10,10,random,0.02,27,22,20.597916,1
1515,2611923443488524514,10,10,random,0.02,27,16,20.7705,1
1516,2611923443488524515,10,10,random,0.02,22,20,20.673917,1
1517,2611923443488524516,10,10,random,0.02,25,18,20.691292,1
1518,2611923443488524517,10,10,random,0.02,25,15,20.695333,1
1519,2611923443488524518,10,10,random,0.02,23,19,20.648,1
1520,2611923443488524519,10,10,random,0.02,26,19,20.691708,1
1521,2611923443488524520,10,10,random,0.02,25,19,20.692,1
1522,2611923443488524521,10,10,random,0.02,21,20,20.652416,1
1523,2611923443488524522,10,10,random,0.02,27,17,20.672208,1
1524,2611923443488524523,10,10,random,0.02,24,17,20.71525,1
1525,2611923443488524524,10,10,random,0.02,23,13,20.698042,1
1526,2611923443488524525,10,10,random,0.02,25,17,20.670833,1
1527,2611923443488524526,10,10,random,0.02,22,16,20.669834,1
1528,2611923443488524527,10,10,random,0.02,26,21,20.653,1
1529,2611923443488524528,10,10,random,0.02,24,18,20.644208,1
1530,2611923443488524529,10,10,random,0.02,26,19,20.744791,1
1531,2611923443488524530,10,10,random,0.02,22,17,20.683667,1
1532,2611923443488524531,10,10,random,0.02,26,18,20.724625,1
1533,2611923443488524532,10,10,random,0.02,27,19,20.649625,1
1534,2611923443488524533,10,10,random,0.02,24,15,20.717167,1
1535,2611923443488524534,10,10,random,0.02,26,24,21.313708,1
1536,2611923443488524535,10,10,random,0.02,23,24,20.642291,1
1537,2611923443488524536,10,10,random,0.02,24,18,20.702833,1
1538,2611923443488524537,10,10,random,0.02,22,23,20.717041,1
1539,2611923443488524538,10,10,random,0.02,25,16,20.691875,1
1540,2611923443488524539,10,10,random,0.02,26,18,20.805708,1
1541,2611923443488524540,10,10,random,0.02,23,22,20.70775,1
1542,2611923443488524541,10,10,random,0.02,22,20,20.669875,1
1543,2611923443488524542,10,10,random,0.02,27,20,20.66025,1
1544,2611923443488524543,10,10,random,0.02,25,18,20.648208,1
1545,2611923443488524544,10,10,random,0.02,23,19,20.715167,1
1546,2611923443488524545,10,10,random,0.02,24,18,20.781041,1
1547,2611923443488524546,10,10,random,0.02,27,19,20.657833,1
1548,2611923443488524547,10,10,random,0.02,28,24,20.62425,1
1549,2611923443488524548,10,10,random,0.02,25,16,20.627666,1
1550,2611923443488524549,10,10,random,0.02,24,18,20.651375,1
1551,2611923443488524550,10,10,random,0.02,26,18,20.667125,1
1552,2611923443488524551,10,10,random,0.02,26,17,20.650583,1
1553,2611923443488524552,10,10,random,0.02,25,15,20.677583,1
1554,2611923443488524553,10,10,random,0.02,25,23,20.632541,1
1555,2611923443488524554,10,10,random,0.02,22,15,20.686959,1
1556,2611923443488524555,10,10,random,0.02,25,16,20.732458,1
1557,2611923443488524556,10,10,random,0.02,29,23,20.675459,1
1558,2611923443488524557,10,10,random,0.02,23,15,20.71325,1
1559,2611923443488524558,10,10,random,0.02,24,20,20.705,1
1560,2611923443488524559,10,10,random,0.02,28,18,20.734833,1
1561,2611923443488524560,10,10,random,0.02,27,23,20.757625,1
1562,2611923443488524561,10,10,random,0.02,23,16,20.641375,1
1563,2611923443488524562,10,10,random,0.02,24,18,20.640917,1
1564,2611923443488524563,10,10,random,0.02,22,16,20.692708,1
1565,2611923443488524564,10,10,random,0.02,25,15,20.730625,1
1566,2611923443488524565,10,10,random,0.02,26,26,20.685209,1
1567,2611923443488524566,10,10,random,0.02,25,14,20.675209,1
1568,2611923443488524567,10,10,random,0.02,22,19,20.724292,1
1569,2611923443488524568,10,10,random,0.02,25,14,20.673542,1
1570,2611923443488524569,10,10,random,0.02,25,19,20.694791,1
1571,2611923443488524570,10,10,random,0.02,24,16,20.705792,1
1572,2611923443488524571,10,10,random,0.02,24,14,20.661875,1
1573,2611923443488524572,10,10,random,0.02,26,20,20.788,1
1574,2611923443488524573,10,10,random,0.02,23,16,20.676084,1
1575,2611923443488524574,10,10,random,0.02,25,13,20.684792,1
1576,2611923443488524575,10,10,random,0.02,26,18,20.710833,1
1577,2611923443488524576,10,10,random,0.02,26,23,20.683917,1
1578,2611923443488524577,10,10,random,0.02,24,16,20.692541,1
1579,2611923443488524578,10,10,random,0.02,24,18,20.735666,1
1580,2611923443488524579,10,10,random,0.02,23,15,20.766125,1
1581,2611923443488524580,10,10,random,0.02,26,17,20.733417,1
1582,2611923443488524581,10,10,random,0.02,25,17,20.658209,1
1583,2611923443488524582,10,10,random,0.02,25,21,20.603666,1
1584,2611923443488524583,10,10,random,0.02,26,18,20.656917,1
1585,2611923443488524584,10,10,random,0.02,22,18,20.618959,1
1586,2611923443488524585,10,10,random,0.02,26,17,20.743292,1
1587,2611923443488524586,10,10,random,0.02,25,18,20.674708,1
1588,2611923443488524587,10,10,random,0.02,24,16,20.679292,1
1589,2611923443488524588,10,10,random,0.02,24,19,20.69325,1
1590,2611923443488524589,10,10,random,0.02,24,18,20.668125,1
1591,2611923443488524590,10,10,random,0.02,27,25,20.659833,1
1592,2611923443488524591,10,10,random,0.02,21,19,20.595541,1
1593,2611923443488524592,10,10,random,0.02,24,19,20.663125,1
1594,2611923443488524593,10,10,random,0.02,26,22,21.541708,1
1595,2611923443488524594,10,10,random,0.02,25,18,22.041708,1
1596,2611923443488524595,10,10,random,0.02,21,16,20.791834,1
1597,2611923443488524596,10,10,random,0.02,25,15,20.664375,1
1598,2611923443488524597,10,10,random,0.02,25,15,20.719333,1
1599,2611923443488524598,10,10,random,0.02,28,21,20.6795,1
1600,2611923443488524599,10,10,random,0.02,27,17,20.748583,1
1601,2611923443488524600,10,10,random,0.02,24,15,20.632583,1
1602,2611923443488524601,10,10,random,0.02,26,15,20.661916,1
1603,2611923443488524602,10,10,random,0.02,27,15,20.758375,1
1604,2611923443488524603,10,10,random,0.02,26,19,20.698542,1
1605,2611923443488524604,10,10,random,0.02,26,15,20.650708,1
1606,2611923443488524605,10,10,random,0.02,24,17,20.709792,1
1607,2611923443488524606,10,10,random,0.02,24,15,20.633292,1
1608,2611923443488524607,10,10,random,0.02,28,18,20.687292,1
1609,2611923443488524608,10,10,random,0.02,23,15,20.611416,1
1610,2611923443488524609,10,10,random,0.02,21,17,20.717833,1
1611,2611923443488524610,10,10,random,0.02,18,13,20.598,1
1612,2611923443488524611,10,10,random,0.02,26,21,20.73,1
1613,2611923443488524612,10,10,random,0.02,24,13,20.676709,1
1614,2611923443488524613,10,10,random,0.02,28,26,20.9045,1
1615,2611923443488524614,10,10,random,0.02,25,14,20.67925,1
1616,2611923443488524615,10,10,random,0.02,27,19,20.662958,1
1617,2611923443488524616,10,10,random,0.02,26,19,20.666583,1
1618,2611923443488524617,10,10,random,0.02,23,17,20.706542,1
1619,2611923443488524618,10,10,random,0.02,26,18,20.654875,1
1620,2611923443488524619,10,10,random,0.02,26,26,20.745708,1
1621,2611923443488524620,10,10,random,0.02,26,23,20.677792,1
1622,2611923443488524621,10,10,random,0.02,24,14,20.734583,1
1623,2611923443488524622,10,10,random,0.02,25,19,20.686542,1
1624,2611923443488524623,10,10,random,0.02,26,20,20.833834,1
1625,2611923443488524624,10,10,random,0.02,28,17,20.723709,1
1626,2611923443488524625,10,10,random,0.02,27,13,20.700042,1
1627,2611923443488524626,10,10,random,0.02,26,15,20.676375,1
1628,2611923443488524627,10,10,random,0.02,22,16,20.77875,1
1629,2611923443488524628,10,10,random,0.02,23,17,20.729208,1
1630,2611923443488524629,10,10,random,0.02,26,17,20.719583,1
1631,2611923443488524630,10,10,random,0.02,25,23,20.756209,1
1632,2611923443488524631,10,10,random,0.02,25,18,20.749333,1
1633,2611923443488524632,10,10,random,0.02,26,17,20.689333,1
1634,2611923443488524633,10,10,random,0.02,25,18,20.663916,1
1635,2611923443488524634,10,10,random,0.02,23,21,20.649833,1
1636,2611923443488524635,10,10,random,0.02,26,13,20.732083,1
1637,2611923443488524636,10,10,random,0.02,24,13,20.681666,1
1638,2611923443488524637,10,10,random,0.02,25,19,20.637708,1
1639,2611923443488524638,10,10,random,0.02,23,16,20.640792,1
1640,2611923443488524639,10,10,random,0.02,23,23,20.600542,1
1641,2611923443488524640,10,10,random,0.02,27,22,20.68,1
1642,2611923443488524641,10,10,random,0.02,24,15,20.658583,1
1643,2611923443488524642,10,10,random,0.02,29,24,20.667417,1
1644,2611923443488524643,10,10,random,0.02,25,16,20.664292,1
1645,2611923443488524644,10,10,random,0.02,21,22,20.688458,1
1646,2611923443488524645,10,10,random,0.02,25,17,20.632083,1
1647,2611923443488524646,10,10,random,0.02,24,17,20.763209,1
1648,2611923443488524647,10,10,random,0.02,24,17,20.678,1
1649,2611923443488524648,10,10,random,0.02,24,19,20.727125,1
1650,2611923443488524649,10,10,random,0.02,25,17,20.683125,1
1651,2611923443488524650,10,10,random,0.02,29,18,20.688042,1
1652,2611923443488524651,10,10,random,0.02,26,16,20.771,1
1653,2611923443488524652,10,10,random,0.02,25,19,20.628542,1
1654,2611923443488524653,10,10,random,0.02,20,18,20.618667,1
1655,2611923443488524654,10,10,random,0.02,24,16,20.698,1
1656,2611923443488524655,10,10,random,0.02,24,19,20.695375,1
1657,2611923443488524656,10,10,random,0.02,28,17,20.78025,1
1658,2611923443488524657,10,10,random,0.02,27,20,20.795042,1
1659,2611923443488524658,10,10,random,0.02,29,16,20.711666,1
1660,2611923443488524659,10,10,random,0.02,25,15,20.738708,1
1661,2611923443488524660,10,10,random,0.02,27,17,20.828958,1
1662,2611923443488524661,10,10,random,0.02,22,15,20.750583,1
1663,2611923443488524662,10,10,random,0.02,24,15,20.678666,1
1664,2611923443488524663,10,10,random,0.02,23,16,20.677625,1
1665,2611923443488524664,10,10,random,0.02,23,13,20.678125,1
1666,2611923443488524665,10,10,random,0.02,22,17,20.659625,1
1667,2611923443488524666,10,10,random,0.02,25,19,20.674583,1
1668,2611923443488524667,10,10,random,0.02,30,18,20.665584,1
1669,2611923443488524668,10,10,random,0.02,26,17,20.659167,1
1670,2611923443488524669,10,10,random,0.02,27,18,20.671958,1
1671,2611923443488524670,10,10,random,0.02,24,21,20.675333,1
1672,2611923443488524671,10,10,random,0.02,22,16,20.713833,1
1673,2611923443488524672,10,10,random,0.02,23,17,20.743333,1
1674,2611923443488524673,10,10,random,0.02,24,19,20.650083,1
1675,2611923443488524674,10,10,random,0.02,26,16,20.668833,1
1676,2611923443488524675,10,10,random,0.02,26,19,20.660875,1
1677,2611923443488524676,10,10,random,0.02,25,14,20.713666,1
1678,2611923443488524677,10,10,random,0.02,28,15,20.701375,1
1679,2611923443488524678,10,10,random,0.02,28,17,20.7155,1
1680,2611923443488524679,10,10,random,0.02,26,14,20.643,1
1681,2611923443488524680,10,10,random,0.02,30,20,20.655875,1
1682,2611923443488524681,10,10,random,0.02,28,23,20.611792,1
1683,2611923443488524682,10,10,random,0.02,26,18,20.659417,1
1684,2611923443488524683,10,10,random,0.02,23,16,20.67625,1
1685,2611923443488524684,10,10,random,0.02,25,15,20.676375,1
1686,2611923443488524685,10,10,random,0.02,24,16,20.668167,1
1687,2611923443488524686,10,10,random,0.02,24,19,20.674084,1
1688,2611923443488524687,10,10,random,0.02,20,19,20.619833,1
1689,2611923443488524688,10,10,random,0.02,24,19,20.705125,1
1690,2611923443488524689,10,10,random,0.02,26,22,20.773375,1
1691,2611923443488524690,10,10,random,0.02,23,25,20.678459,1
1692,2611923443488524691,10,10,random,0.02,24,13,20.76725,1
1693,2611923443488524692,10,10,random,0.02,23,17,20.633209,1
1694,2611923443488524693,10,10,random,0.02,26,17,20.875958,1
1695,2611923443488524694,10,10,random,0.02,25,20,20.633792,1
1696,2611923443488524695,10,10,random,0.02,24,18,20.665542,1
1697,2611923443488524696,10,10,random,0.02,23,19,20.706709,1
1698,2611923443488524697,10,10,random,0.02,24,20,20.613083,1
1699,2611923443488524698,10,10,random,0.02,25,18,20.681333,1
1700,2611923443488524699,10,10,random,0.02,23,15,20.721208,1
1701,2611923443488524700,10,10,random,0.02,26,16,20.715375,1
1702,2611923443488524701,10,10,random,0.02,25,17,20.707792,1
1703,2611923443488524702,10,10,random,0.02,23,19,20.645625,1
1704,2611923443488524703,10,10,random,0.02,25,18,20.656875,1
1705,2611923443488524704,10,10,random,0.02,27,16,20.833583,1
1706,2611923443488524705,10,10,random,0.02,27,17,20.694417,1
1707,2611923443488524706,10,10,random,0.02,25,16,20.705584,1
1708,2611923443488524707,10,10,random,0.02,26,19,20.660042,1
1709,2611923443488524708,10,10,random,0.02,26,17,20.729083,1
1710,2611923443488524709,10,10,random,0.02,25,19,20.707667,1
1711,2611923443488524710,10,10,random,0.02,25,15,20.710541,1
1712,2611923443488524711,10,10,random,0.02,22,13,20.677333,1
1713,2611923443488524712,10,10,random,0.02,27,19,20.673709,1
1714,2611923443488524713,10,10,random,0.02,23,15,20.683375,1
1715,2611923443488524714,10,10,random,0.02,27,18,20.66675,1
1716,2611923443488524715,10,10,random,0.02,23,15,20.626375,1
1717,2611923443488524716,10,10,random,0.02,27,16,20.648375,1
1718,2611923443488524717,10,10,random,0.02,25,16,20.778958,1
1719,2611923443488524718,10,10,random,0.02,22,16,20.666667,1
1720,2611923443488524719,10,10,random,0.02,24,19,20.719625,1
1721,2611923443488524720,10,10,random,0.02,25,17,20.676708,1
1722,2611923443488524721,10,10,random,0.02,25,16,20.720084,1
1723,2611923443488524722,10,10,random,0.02,25,20,20.770709,1
1724,2611923443488524723,10,10,random,0.02,23,15,20.761208,1
1725,2611923443488524724,10,10,random,0.02,27,18,20.662458,1
1726,2611923443488524725,10,10,random,0.02,26,18,20.714,1
1727,2611923443488524726,10,10,random,0.02,25,22,20.623375,1
1728,2611923443488524727,10,10,random,0.02,22,20,20.6515,1
1729,2611923443488524728,10,10,random,0.02,25,15,20.70725,1
1730,2611923443488524729,10,10,random,0.02,25,20,20.695958,1
1731,2611923443488524730,10,10,random,0.02,25,16,20.679458,1
1732,2611923443488524731,10,10,random,0.02,23,13,20.652709,1
1733,2611923443488524732,10,10,random,0.02,27,18,20.750833,1
1734,2611923443488524733,10,10,random,0.02,26,20,20.643417,1
1735,2611923443488524734,10,10,random,0.02,28,19,20.722084,1
1736,2611923443488524735,10,10,random,0.02,29,19,20.651209,1
1737,2611923443488524736,10,10,random,0.02,24,24,20.722709,1
1738,2611923443488524737,10,10,random,0.02,26,21,20.670292,1
1739,2611923443488524738,10,10,random,0.02,26,20,24.285625,1
1740,2611923443488524739,10,10,random,0.02,24,15,20.710375,1
1741,2611923443488524740,10,10,random,0.02,26,17,20.677542,1
1742,2611923443488524741,10,10,random,0.02,26,18,20.717917,1
1743,2611923443488524742,10,10,random,0.02,26,19,20.773542,1
1744,2611923443488524743,10,10,random,0.02,24,14,20.686791,1
1745,2611923443488524744,10,10,random,0.02,24,22,20.697125,1
1746,2611923443488524745,10,10,random,0.02,21,16,20.767292,1
1747,2611923443488524746,10,10,random,0.02,27,24,20.652292,1
1748,2611923443488524747,10,10,random,0.02,25,14,20.640709,1
1749,2611923443488524748,10,10,random,0.02,24,15,20.677208,1
1750,2611923443488524749,10,10,random,0.02,24,20,20.735834,1
1751,2611923443488524750,10,10,random,0.02,26,16,21.015959,1
1752,2611923443488524751,10,10,random,0.02,24,16,20.705333,1
1753,2611923443488524752,10,10,random,0.02,26,19,20.662375,1
1754,2611923443488524753,10,10,random,0.02,25,18,20.712,1
1755,2611923443488524754,10,10,random,0.02,24,15,20.692333,1
1756,2611923443488524755,10,10,random,0.02,25,13,20.711792,1
1757,2611923443488524756,10,10,random,0.02,26,19,20.6815,1
1758,2611923443488524757,10,10,random,0.02,26,23,20.734291,1
1759,2611923443488524758,10,10,random,0.02,25,17,20.620875,1
1760,2611923443488524759,10,10,random,0.02,23,18,20.635083,1
1761,2611923443488524760,10,10,random,0.02,23,14,20.660084,1
1762,2611923443488524761,10,10,random,0.02,28,23,20.685917,1
1763,2611923443488524762,10,10,random,0.02,22,19,20.637458,1
1764,2611923443488524763,10,10,random,0.02,25,16,20.709666,1
1765,2611923443488524764,10,10,random,0.02,24,17,20.710958,1
1766,2611923443488524765,10,10,random,0.02,25,17,20.691458,1
1767,2611923443488524766,10,10,random,0.02,24,17,20.667458,1
1768,2611923443488524767,10,10,random,0.02,27,19,20.6785,1
1769,2611923443488524768,10,10,random,0.02,26,16,20.803375,1
1770,2611923443488524769,10,10,random,0.02,26,18,20.787,1
1771,2611923443488524770,10,10,random,0.02,23,16,20.660375,1
1772,2611923443488524771,10,10,random,0.02,22,15,20.713333,1
1773,2611923443488524772,10,10,random,0.02,27,16,20.752458,1
1774,2611923443488524773,10,10,random,0.02,26,19,20.67875,1
1775,2611923443488524774,10,10,random,0.02,25,19,20.644125,1
1776,2611923443488524775,10,10,random,0.02,23,18,20.590959,1
1777,2611923443488524776,10,10,random,0.02,27,17,20.598792,1
1778,2611923443488524777,10,10,random,0.02,24,17,20.660833,1
1779,2611923443488524778,10,10,random,0.02,27,18,20.645666,1
1780,2611923443488524779,10,10,random,0.02,26,19,20.691959,1
1781,2611923443488524780,10,10,random,0.02,23,19,20.623833,1
1782,2611923443488524781,10,10,random,0.02,26,17,20.645625,1
1783,2611923443488524782,10,10,random,0.02,26,20,20.659708,1
1784,2611923443488524783,10,10,random,0.02,26,18,20.631041,1
1785,2611923443488524784,10,10,random,0.02,25,15,20.68075,1
1786,2611923443488524785,10,10,random,0.02,25,16,20.658625,1
1787,2611923443488524786,10,10,random,0.02,26,20,20.66825,1
1788,2611923443488524787,10,10,random,0.02,25,17,20.729292,1
1789,2611923443488524788,10,10,random,0.02,21,15,20.61475,1
1790,2611923443488524789,10,10,random,0.02,27,18,20.680584,1
1791,2611923443488524790,10,10,random,0.02,21,18,20.653834,1
1792,2611923443488524791,10,10,random,0.02,25,16,20.65675,1
1793,2611923443488524792,10,10,random,0.02,20,20,20.744209,1
1794,2611923443488524793,10,10,random,0.02,24,22,20.697833,1
1795,2611923443488524794,10,10,random,0.02,28,25,20.665708,1
1796,2611923443488524795,10,10,random,0.02,27,20,20.677416,1
1797,2611923443488524796,10,10,random,0.02,24,15,20.729333,1
1798,2611923443488524797,10,10,random,0.02,26,15,20.716791,1
1799,2611923443488524798,10,10,random,0.02,26,17,20.6405,1
1800,2611923443488524799,10,10,random,0.02,27,18,20.796708,1
1801,2611923443488524800,10,10,random,0.02,24,16,20.754334,1
1802,2611923443488524801,10,10,random,0.02,25,16,20.691834,1
1803,2611923443488524802,10,10,random,0.02,26,17,20.715042,1
1804,2611923443488524803,10,10,random,0.02,24,19,20.661583,1
1805,2611923443488524804,10,10,random,0.02,24,18,20.673417,1
1806,2611923443488524805,10,10,random,0.02,27,16,20.674208,1
1807,2611923443488524806,10,10,random,0.02,25,15,20.697667,1
1808,2611923443488524807,10,10,random,0.02,23,15,20.679,1
1809,2611923443488524808,10,10,random,0.02,29,19,20.693292,1
1810,2611923443488524809,10,10,random,0.02,26,16,20.718875,1
1811,2611923443488524810,10,10,random,0.02,26,18,20.70025,1
1812,2611923443488524811,10,10,random,0.02,27,20,20.714417,1
1813,2611923443488524812,10,10,random,0.02,22,16,20.728209,1
1814,2611923443488524813,10,10,random,0.02,25,17,20.61125,1
1815,2611923443488524814,10,10,random,0.02,29,16,20.728625,1
1816,2611923443488524815,10,10,random,0.02,23,18,20.690666,1
1817,2611923443488524816,10,10,random,0.02,26,21,20.631167,1
1818,2611923443488524817,10,10,random,0.02,24,16,20.700458,1
1819,2611923443488524818,10,10,random,0.02,24,15,20.698917,1
1820,2611923443488524819,10,10,random,0.02,27,16,20.709291,1
1821,2611923443488524820,10,10,random,0.02,26,22,20.673125,1
1822,2611923443488524821,10,10,random,0.02,21,19,20.704625,1
1823,2611923443488524822,10,10,random,0.02,23,17,20.660125,1
1824,2611923443488524823,10,10,random,0.02,27,17,20.656917,1
1825,2611923443488524824,10,10,random,0.02,24,18,20.629,1
1826,2611923443488524825,10,10,random,0.02,26,19,20.667583,1
1827,2611923443488524826,10,10,random,0.02,27,15,20.741417,1
1828,2611923443488524827,10,10,random,0.02,24,17,20.65725,1
1829,2611923443488524828,10,10,random,0.02,21,13,20.616875,1
1830,2611923443488524829,10,10,random,0.02,22,13,20.638875,1
1831,2611923443488524830,10,10,random,0.02,24,18,20.673542,1
1832,2611923443488524831,10,10,random,0.02,28,17,20.752916,1
1833,2611923443488524832,10,10,random,0.02,25,14,20.674625,1
1834,2611923443488524833,10,10,random,0.02,23,19,20.687375,1
1835,2611923443488524834,10,10,random,0.02,27,22,20.736708,1
1836,2611923443488524835,10,10,random,0.02,26,18,20.690917,1
1837,2611923443488524836,10,10,random,0.02,26,17,20.7835,1
1838,2611923443488524837,10,10,random,0.02,23,17,20.724292,1
1839,2611923443488524838,10,10,random,0.02,25,18,20.725292,1
1840,2611923443488524839,10,10,random,0.02,23,12,20.711917,1
1841,2611923443488524840,10,10,random,0.02,26,14,20.656542,1
1842,2611923443488524841,10,10,random,0.02,28,19,20.673875,1
1843,2611923443488524842,10,10,random,0.02,26,16,20.683666,1
1844,2611923443488524843,10,10,random,0.02,28,19,20.708875,1
1845,2611923443488524844,10,10,random,0.02,26,15,20.742875,1
1846,2611923443488524845,10,10,random,0.02,27,23,20.667791,1
1847,2611923443488524846,10,10,random,0.02,24,20,20.667958,1
1848,2611923443488524847,10,10,random,0.02,25,20,20.600042,1
1849,2611923443488524848,10,10,random,0.02,25,15,20.741542,1
1850,2611923443488524849,10,10,random,0.02,23,20,20.677333,1
1851,2611923443488524850,10,10,random,0.02,29,21,20.666083,1
1852,2611923443488524851,10,10,random,0.02,24,17,20.73625,1
1853,2611923443488524852,10,10,random,0.02,23,23,20.687792,1
1854,2611923443488524853,10,10,random,0.02,30,20,20.687584,1
1855,2611923443488524854,10,10,random,0.02,24,17,20.647834,1
1856,2611923443488524855,10,10,random,0.02,26,17,20.644791,1
1857,2611923443488524856,10,10,random,0.02,19,12,20.6505,1
1858,2611923443488524857,10,10,random,0.02,28,16,20.681667,1
1859,2611923443488524858,10,10,random,0.02,25,17,20.801625,1
1860,2611923443488524859,10,10,random,0.02,24,20,20.682417,1
1861,2611923443488524860,10,10,random,0.02,27,16,20.711542,1
1862,2611923443488524861,10,10,random,0.02,25,14,20.667208,1
1863,2611923443488524862,10,10,random,0.02,27,16,20.647542,1
1864,2611923443488524863,10,10,random,0.02,24,15,20.703083,1
1865,2611923443488524864,10,10,random,0.02,24,14,20.684208,1
1866,2611923443488524865,10,10,random,0.02,22,18,20.587833,1
1867,2611923443488524866,10,10,random,0.02,21,16,20.69525,1
1868,2611923443488524867,10,10,random,0.02,22,21,20.672916,1
1869,2611923443488524868,10,10,random,0.02,20,18,20.7235,1
1870,2611923443488524869,10,10,random,0.02,26,12,20.768375,1
1871,2611923443488524870,10,10,random,0.02,26,16,20.649625,1
1872,2611923443488524871,10,10,random,0.02,24,24,20.701917,1
1873,2611923443488524872,10,10,random,0.02,25,16,20.735334,1
1874,2611923443488524873,10,10,random,0.02,23,16,20.699958,1
1875,2611923443488524874,10,10,random,0.02,26,18,20.667042,1
1876,2611923443488524875,10,10,random,0.02,27,18,20.679167,1
1877,2611923443488524876,10,10,random,0.02,26,14,20.771333,1
1878,2611923443488524877,10,10,random,0.02,23,19,20.599417,1
1879,2611923443488524878,10,10,random,0.02,27,16,20.713042,1
1880,2611923443488524879,10,10,random,0.02,25,17,20.666042,1
1881,2611923443488524880,10,10,random,0.02,26,17,20.705459,1
1882,2611923443488524881,10,10,random,0.02,28,14,20.711167,1
1883,2611923443488524882,10,10,random,0.02,24,17,20.601625,1
1884,2611923443488524883,10,10,random,0.02,26,17,20.758958,1
1885,2611923443488524884,10,10,random,0.02,26,17,20.748458,1
1886,2611923443488524885,10,10,random,0.02,22,17,20.687667,1
1887,2611923443488524886,10,10,random,0.02,21,16,20.6825,1
1888,2611923443488524887,10,10,random,0.02,23,17,20.667083,1
1889,2611923443488524888,10,10,random,0.02,26,16,20.650417,1
1890,2611923443488524889,10,10,random,0.02,26,19,20.664917,1
1891,2611923443488524890,10,10,random,0.02,24,14,20.72475,1
1892,2611923443488524891,10,10,random,0.02,26,20,20.712708,1
1893,2611923443488524892,10,10,random,0.02,23,22,20.678958,1
1894,2611923443488524893,10,10,random,0.02,24,22,20.65075,1
1895,2611923443488524894,10,10,random,0.02,24,16,20.661458,1
1896,2611923443488524895,10,10,random,0.02,25,20,20.652708,1
1897,2611923443488524896,10,10,random,0.02,29,17,20.696917,1
1898,2611923443488524897,10,10,random,0.02,26,18,20.6665,1
1899,2611923443488524898,10,10,random,0.02,25,18,20.697666,1
1900,2611923443488524899,10,10,random,0.02,25,23,20.791,1
1901,2611923443488524900,10,10,random,0.02,26,19,20.726417,1
1902,2611923443488524901,10,10,random,0.02,26,16,20.847209,1
1903,2611923443488524902,10,10,random,0.02,27,15,20.630334,1
1904,2611923443488524903,10,10,random,0.02,27,16,20.760875,1
1905,2611923443488524904,10,10,random,0.02,23,20,20.656625,1
1906,2611923443488524905,10,10,random,0.02,26,14,20.685917,1
1907,2611923443488524906,10,10,random,0.02,24,19,20.686542,1
1908,2611923443488524907,10,10,random,0.02,25,24,20.633667,1
1909,2611923443488524908,10,10,random,0.02,23,17,20.625666,1
1910,2611923443488524909,10,10,random,0.02,23,18,20.639541,1
1911,2611923443488524910,10,10,random,0.02,25,18,20.673584,1
1912,2611923443488524911,10,10,random,0.02,28,18,20.667417,1
1913,2611923443488524912,10,10,random,0.02,25,15,20.679917,1
1914,2611923443488524913,10,10,random,0.02,25,21,20.604625,1
1915,2611923443488524914,10,10,random,0.02,24,17,20.697791,1
1916,2611923443488524915,10,10,random,0.02,25,20,20.729417,1
1917,2611923443488524916,10,10,random,0.02,25,17,20.696083,1
1918,2611923443488524917,10,10,random,0.02,22,16,20.675334,1
1919,2611923443488524918,10,10,random,0.02,21,13,20.8005,1
1920,2611923443488524919,10,10,random,0.02,21,18,20.671791,1
1921,2611923443488524920,10,10,random,0.02,23,13,20.640584,1
1922,2611923443488524921,10,10,random,0.02,24,18,20.776541,1
1923,2611923443488524922,10,10,random,0.02,26,23,20.6485,1
1924,2611923443488524923,10,10,random,0.02,26,18,20.764042,1
1925,2611923443488524924,10,10,random,0.02,22,14,20.724792,1
1926,2611923443488524925,10,10,random,0.02,27,20,20.741,1
1927,2611923443488524926,10,10,random,0.02,25,15,20.701084,1
1928,2611923443488524927,10,10,random,0.02,24,16,20.666375,1
1929,2611923443488524928,10,10,random,0.02,25,15,20.7075,1
1930,2611923443488524929,10,10,random,0.02,24,19,20.641167,1
1931,2611923443488524930,10,10,random,0.02,23,16,20.6225,1
1932,2611923443488524931,10,10,random,0.02,26,17,20.708375,1
1933,2611923443488524932,10,10,random,0.02,25,19,20.658291,1
1934,2611923443488524933,10,10,random,0.02,24,18,20.726958,1
1935,2611923443488524934,10,10,random,0.02,24,16,20.694666,1
1936,2611923443488524935,10,10,random,0.02,25,18,20.905416,1
1937,2611923443488524936,10,10,random,0.02,32,21,20.686375,1
1938,2611923443488524937,10,10,random,0.02,21,21,20.707166,1
1939,2611923443488524938,10,10,random,0.02,27,17,20.70775,1
1940,2611923443488524939,10,10,random,0.02,20,18,20.620875,1
1941,2611923443488524940,10,10,random,0.02,26,18,20.791375,1
1942,2611923443488524941,10,10,random,0.02,24,13,20.738083,1
1943,2611923443488524942,10,10,random,0.02,26,14,20.79575,1
1944,2611923443488524943,10,10,random,0.02,21,13,20.648375,1
1945,2611923443488524944,10,10,random,0.02,27,16,20.668375,1
1946,2611923443488524945,10,10,random,0.02,27,15,20.699417,1
1947,2611923443488524946,10,10,random,0.02,23,19,20.642583,1
1948,2611923443488524947,10,10,random,0.02,19,13,20.709875,1
1949,2611923443488524948,10,10,random,0.02,25,17,20.644916,1
1950,2611923443488524949,10,10,random,0.02,20,17,20.756958,1
1951,2611923443488524950,10,10,random,0.02,28,17,20.659125,1
1952,2611923443488524951,10,10,random,0.02,27,16,20.708334,1
1953,2611923443488524952,10,10,random,0.02,24,15,20.691792,1
1954,2611923443488524953,10,10,random,0.02,24,14,20.62975,1
1955,2611923443488524954,10,10,random,0.02,24,18,20.640958,1
1956,2611923443488524955,10,10,random,0.02,23,22,20.734,1
1957,2611923443488524956,10,10,random,0.02,23,18,20.616166,1
1958,2611923443488524957,10,10,random,0.02,28,15,20.814209,1
1959,2611923443488524958,10,10,random,0.02,26,16,20.694084,1
1960,2611923443488524959,10,10,random,0.02,25,13,20.719583,1
1961,2611923443488524960,10,10,random,0.02,21,19,20.683167,1
1962,2611923443488524961,10,10,random,0.02,24,16,20.685458,1
1963,2611923443488524962,10,10,random,0.02,20,15,20.637584,1
1964,2611923443488524963,10,10,random,0.02,29,18,20.725709,1
1965,2611923443488524964,10,10,random,0.02,24,17,20.670833,1
1966,2611923443488524965,10,10,random,0.02,27,16,20.696542,1
1967,2611923443488524966,10,10,random,0.02,25,20,20.656208,1
1968,2611923443488524967,10,10,random,0.02,25,20,20.688833,1
1969,2611923443488524968,10,10,random,0.02,27,20,20.689083,1
1970,2611923443488524969,10,10,random,0.02,21,17,20.632875,1
1971,2611923443488524970,10,10,random,0.02,28,23,20.664209,1
1972,2611923443488524971,10,10,random,0.02,22,20,20.665083,1
1973,2611923443488524972,10,10,random,0.02,25,14,20.709875,1
1974,2611923443488524973,10,10,random,0.02,23,17,20.679625,1
1975,2611923443488524974,10,10,random,0.02,29,23,20.632458,1
1976,2611923443488524975,10,10,random,0.02,22,16,20.694083,1
1977,2611923443488524976,10,10,random,0.02,21,15,20.749334,1
1978,2611923443488524977,10,10,random,0.02,25,14,20.753583,1
1979,2611923443488524978,10,10,random,0.02,23,14,20.687459,1
1980,2611923443488524979,10,10,random,0.02,24,18,20.733583,1
1981,2611923443488524980,10,10,random,0.02,22,20,20.645667,1
1982,2611923443488524981,10,10,random,0.02,26,18,20.693667,1
1983,2611923443488524982,10,10,random,0.02,25,21,20.572417,1
1984,2611923443488524983,10,10,random,0.02,29,19,20.751917,1
1985,2611923443488524984,10,10,random,0.02,27,17,20.666791,1
1986,2611923443488524985,10,10,random,0.02,20,13,20.735375,1
1987,2611923443488524986,10,10,random,0.02,23,16,20.727417,1
1988,2611923443488524987,10,10,random,0.02,28,14,20.800583,1
1989,2611923443488524988,10,10,random,0.02,20,15,20.620833,1
1990,2611923443488524989,10,10,random,0.02,25,17,20.639875,1
1991,2611923443488524990,10,10,random,0.02,28,19,20.699958,1
1992,2611923443488524991,10,10,random,0.02,26,19,20.681708,1
1993,2611923443488524992,10,10,random,0.02,25,18,20.6475,1
1994,2611923443488524993,10,10,random,0.02,22,14,20.873792,1
1995,2611923443488524994,10,10,random,0.02,26,18,20.675042,1
1996,2611923443488524995,10,10,random,0.02,22,18,20.697125,1
1997,2611923443488524996,10,10,random,0.02,23,20,20.635,1
1998,2611923443488524997,10,10,random,0.02,24,19,20.653291,1
1999,2611923443488524998,10,10,random,0.02,22,20,20.663541,1
2000,2611923443488590035,15,15,random,0.02,56,28,22.472083,1
2001,2611923443488590036,15,15,random,0.02,60,26,22.770166,1
2002,2611923443488590037,15,15,random,0.02,62,28,22.469875,1
2003,2611923443488590038,15,15,random,0.02,57,25,22.650583,1
2004,2611923443488590039,15,15,random,0.02,61,26,22.588625,1
2005,2611923443488590040,15,15,random,0.02,61,24,22.885667,1
2006,2611923443488590041,15,15,random,0.02,59,27,22.530167,1
2007,2611923443488590042,15,15,random,0.02,61,29,22.658,1
2008,2611923443488590043,15,15,random,0.02,62,26,22.80175,1
2009,2611923443488590044,15,15,random,0.02,61,31,22.610959,1
2010,2611923443488590045,15,15,random,0.02,57,25,22.455125,1
2011,2611923443488590046,15,15,random,0.02,60,25,22.827042,1
2012,2611923443488590047,15,15,random,0.02,58,26,22.498875,1
2013,2611923443488590048,15,15,random,0.02,61,33,22.5435,1
2014,2611923443488590049,15,15,random,0.02,59,21,22.72625,1
2015,2611923443488590050,15,15,random,0.02,57,29,22.432917,1
2016,2611923443488590051,15,15,random,0.02,58,26,22.614667,1
2017,2611923443488590052,15,15,random,0.02,62,27,22.71825,1
2018,2611923443488590053,15,15,random,0.02,59,31,22.795459,1
2019,2611923443488590054,15,15,random,0.02,57,21,22.791458,1
2020,2611923443488590055,15,15,random,0.02,54,26,22.667625,1
2021,2611923443488590056,15,15,random,0.02,57,24,22.614333,1
2022,2611923443488590057,15,15,random,0.02,61,21,22.743,1
2023,2611923443488590058,15,15,random,0.02,58,26,22.552541,1
2024,2611923443488590059,15,15,random,0.02,56,22,22.616375,1
2025,2611923443488590060,15,15,random,0.02,64,37,22.755667,1
2026,2611923443488590061,15,15,random,0.02,58,24,22.722208,1
2027,2611923443488590062,15,15,random,0.02,61,44,22.465583,1
2028,2611923443488590063,15,15,random,0.02,63,26,22.829083,1
2029,2611923443488590064,15,15,random,0.02,63,34,22.475,1
2030,2611923443488590065,15,15,random,0.02,67,27,22.89025,1
2031,2611923443488590066,15,15,random,0.02,61,34,22.802333,1
2032,2611923443488590067,15,15,random,0.02,61,21,22.778875,1
2033,2611923443488590068,15,15,random,0.02,59,27,22.537416,1
2034,2611923443488590069,15,15,random,0.02,58,22,22.423042,1
2035,2611923443488590070,15,15,random,0.02,63,29,22.929958,1
2036,2611923443488590071,15,15,random,0.02,63,29,22.764208,1
2037,2611923443488590072,15,15,random,0.02,57,30,22.564875,1
2038,2611923443488590073,15,15,random,0.02,59,20,22.854333,1
2039,2611923443488590074,15,15,random,0.02,66,29,22.582042,1
2040,2611923443488590075,15,15,random,0.02,58,19,22.603792,1
2041,2611923443488590076,15,15,random,0.02,60,21,22.67925,1
2042,2611923443488590077,15,15,random,0.02,60,26,22.629417,1
2043,2611923443488590078,15,15,random,0.02,57,22,23.050417,1
2044,2611923443488590079,15,15,random,0.02,61,25,22.665917,1
2045,2611923443488590080,15,15,random,0.02,62,25,22.915917,1
2046,2611923443488590081,15,15,random,0.02,61,25,22.465167,1
2047,2611923443488590082,15,15,random,0.02,62,19,22.7415,1
2048,2611923443488590083,15,15,random,0.02,60,25,22.679041,1
2049,2611923443488590084,15,15,random,0.02,59,28,22.355667,1
2050,2611923443488590085,15,15,random,0.02,61,38,22.584833,1
2051,2611923443488590086,15,15,random,0.02,59,25,22.789584,1
2052,2611923443488590087,15,15,random,0.02,54,26,22.782209,1
2053,2611923443488590088,15,15,random,0.02,59,35,22.518167,1
2054,2611923443488590089,15,15,random,0.02,56,22,22.652333,1
2055,2611923443488590090,15,15,random,0.02,61,26,22.515375,1
2056,2611923443488590091,15,15,random,0.02,62,23,22.762709,1
2057,2611923443488590092,15,15,random,0.02,61,25,22.7245,1
2058,2611923443488590093,15,15,random,0.02,65,27,22.758875,1
2059,2611923443488590094,15,15,random,0.02,56,34,22.436958,1
2060,2611923443488590095,15,15,random,0.02,57,33,22.575875,1
2061,2611923443488590096,15,15,random,0.02,64,18,22.726083,1
2062,2611923443488590097,15,15,random,0.02,61,28,22.458167,1
2063,2611923443488590098,15,15,random,0.02,64,27,22.750792,1
2064,2611923443488590099,15,15,random,0.02,62,22,22.877667,1
2065,2611923443488590100,15,15,random,0.02,60,24,22.673167,1
2066,2611923443488590101,15,15,random,0.02,57,23,22.551917,1
2067,2611923443488590102,15,15,random,0.02,58,21,22.755167,1
2068,2611923443488590103,15,15,random,0.02,55,25,22.469458,1
2069,2611923443488590104,15,15,random,0.02,61,20,22.846541,1
2070,2611923443488590105,15,15,random,0.02,63,20,22.92775,1
2071,2611923443488590106,15,15,random,0.02,58,28,22.413625,1
2072,2611923443488590107,15,15,random,0.02,64,32,22.553125,1
2073,2611923443488590108,15,15,random,0.02,56,25,22.454792,1
2074,2611923443488590109,15,15,random,0.02,58,30,22.809625,1
2075,2611923443488590110,15,15,random,0.02,68,26,22.672958,1
2076,2611923443488590111,15,15,random,0.02,60,22,22.572542,1
2077,2611923443488590112,15,15,random,0.02,59,40,22.506334,1
2078,2611923443488590113,15,15,random,0.02,64,31,22.510625,1
2079,2611923443488590114,15,15,random,0.02,57,23,22.983584,1
2080,2611923443488590115,15,15,random,0.02,61,32,22.686875,1
2081,2611923443488590116,15,15,random,0.02,60,26,23.134542,1
2082,2611923443488590117,15,15,random,0.02,58,21,24.500542,1
2083,2611923443488590118,15,15,random,0.02,62,19,24.529,1
2084,2611923443488590119,15,15,random,0.02,60,30,22.5995,1
2085,2611923443488590120,15,15,random,0.02,61,32,22.689292,1
2086,2611923443488590121,15,15,random,0.02,63,30,22.761084,1
2087,2611923443488590122,15,15,random,0.02,57,28,22.413792,1
2088,2611923443488590123,15,15,random,0.02,58,28,22.843,1
2089,2611923443488590124,15,15,random,0.02,63,27,22.719541,1
2090,2611923443488590125,15,15,random,0.02,61,25,22.458125,1
2091,2611923443488590126,15,15,random,0.02,58,33,22.474417,1
2092,2611923443488590127,15,15,random,0.02,62,24,22.556667,1
2093,2611923443488590128,15,15,random,0.02,60,30,22.513417,1
2094,2611923443488590129,15,15,random,0.02,52,28,22.9565,1
2095,2611923443488590130,15,15,random,0.02,53,26,22.560542,1
2096,2611923443488590131,15,15,random,0.02,60,29,22.796042,1
2097,2611923443488590132,15,15,random,0.02,58,32,22.496375,1
2098,2611923443488590133,15,15,random,0.02,60,25,22.514583,1
2099,2611923443488590134,15,15,random,0.02,63,35,22.826958,1
2100,2611923443488590135,15,15,random,0.02,60,34,22.516417,1
2101,2611923443488590136,15,15,random,0.02,56,24,22.468333,1
2102,2611923443488590137,15,15,random,0.02,55,21,22.566708,1
2103,2611923443488590138,15,15,random,0.02,60,33,22.657709,1
2104,2611923443488590139,15,15,random,0.02,62,29,22.803708,1
2105,2611923443488590140,15,15,random,0.02,63,27,22.409875,1
2106,2611923443488590141,15,15,random,0.02,53,32,22.790667,1
2107,2611923443488590142,15,15,random,0.02,57,26,22.673375,1
2108,2611923443488590143,15,15,random,0.02,62,28,22.509083,1
2109,2611923443488590144,15,15,random,0.02,58,25,22.615833,1
2110,2611923443488590145,15,15,random,0.02,54,17,22.597916,1
2111,2611923443488590146,15,15,random,0.02,63,25,22.46225,1
2112,2611923443488590147,15,15,random,0.02,69,27,22.483458,1
2113,2611923443488590148,15,15,random,0.02,59,22,22.569,1
2114,2611923443488590149,15,15,random,0.02,61,23,22.800583,1
2115,2611923443488590150,15,15,random,0.02,65,26,22.883541,1
2116,2611923443488590151,15,15,random,0.02,56,33,22.30575,1
2117,2611923443488590152,15,15,random,0.02,61,27,22.626125,1
2118,2611923443488590153,15,15,random,0.02,62,29,22.505292,1
2119,2611923443488590154,15,15,random,0.02,64,25,22.6,1
2120,2611923443488590155,15,15,random,0.02,56,35,22.637959,1
2121,2611923443488590156,15,15,random,0.02,60,25,22.653334,1
2122,2611923443488590157,15,15,random,0.02,61,20,22.934833,1
2123,2611923443488590158,15,15,random,0.02,59,21,22.623,1
2124,2611923443488590159,15,15,random,0.02,60,36,22.466334,1
2125,2611923443488590160,15,15,random,0.02,69,34,22.869083,1
2126,2611923443488590161,15,15,random,0.02,61,30,22.454417,1
2127,2611923443488590162,15,15,random,0.02,59,23,22.784208,1
2128,2611923443488590163,15,15,random,0.02,61,28,22.599417,1
2129,2611923443488590164,15,15,random,0.02,55,26,22.811625,1
2130,2611923443488590165,15,15,random,0.02,65,18,22.841375,1
2131,2611923443488590166,15,15,random,0.02,58,27,22.45625,1
2132,2611923443488590167,15,15,random,0.02,66,28,22.691375,1
2133,2611923443488590168,15,15,random,0.02,63,20,22.705666,1
2134,2611923443488590169,15,15,random,0.02,61,29,22.441042,1
2135,2611923443488590170,15,15,random,0.02,60,30,22.698292,1
2136,2611923443488590171,15,15,random,0.02,56,26,22.67925,1
2137,2611923443488590172,15,15,random,0.02,62,34,22.502042,1
2138,2611923443488590173,15,15,random,0.02,60,27,22.677416,1
2139,2611923443488590174,15,15,random,0.02,60,33,23.179417,1
2140,2611923443488590175,15,15,random,0.02,60,34,22.627542,1
2141,2611923443488590176,15,15,random,0.02,60,25,22.716833,1
2142,2611923443488590177,15,15,random,0.02,63,25,22.595792,1
2143,2611923443488590178,15,15,random,0.02,66,30,22.608375,1
2144,2611923443488590179,15,15,random,0.02,61,35,22.442791,1
2145,2611923443488590180,15,15,random,0.02,60,27,22.569792,1
2146,2611923443488590181,15,15,random,0.02,68,34,22.737292,1
2147,2611923443488590182,15,15,random,0.02,60,27,22.637583,1
2148,2611923443488590183,15,15,random,0.02,58,31,22.735,1
2149,2611923443488590184,15,15,random,0.02,56,28,22.706125,1
2150,2611923443488590185,15,15,random,0.02,59,30,22.851625,1
2151,2611923443488590186,15,15,random,0.02,63,27,22.752333,1
2152,2611923443488590187,15,15,random,0.02,58,24,22.54775,1
2153,2611923443488590188,15,15,random,0.02,67,31,22.439,1
2154,2611923443488590189,15,15,random,0.02,60,26,22.710625,1
2155,2611923443488590190,15,15,random,0.02,60,28,22.856708,1
2156,2611923443488590191,15,15,random,0.02,62,31,22.62725,1
2157,2611923443488590192,15,15,random,0.02,60,33,22.352291,1
2158,2611923443488590193,15,15,random,0.02,58,23,22.747209,1
2159,2611923443488590194,15,15,random,0.02,60,24,22.754209,1
2160,2611923443488590195,15,15,random,0.02,58,25,22.510417,1
2161,2611923443488590196,15,15,random,0.02,59,27,22.573084,1
2162,2611923443488590197,15,15,random,0.02,60,25,22.630209,1
2163,2611923443488590198,15,15,random,0.02,60,25,22.507584,1
2164,2611923443488590199,15,15,random,0.02,56,39,22.848291,1
2165,2611923443488590200,15,15,random,0.02,64,45,22.806542,1
2166,2611923443488590201,15,15,random,0.02,63,34,22.65,1
2167,2611923443488590202,15,15,random,0.02,59,35,22.78525,1
2168,2611923443488590203,15,15,random,0.02,58,31,22.620584,1
2169,2611923443488590204,15,15,random,0.02,58,26,24.081834,1
2170,2611923443488590205,15,15,random,0.02,62,27,22.514583,1
2171,2611923443488590206,15,15,random,0.02,63,28,22.649292,1
2172,2611923443488590207,15,15,random,0.02,53,29,22.791084,1
2173,2611923443488590208,15,15,random,0.02,62,39,22.461333,1
2174,2611923443488590209,15,15,random,0.02,59,22,22.884708,1
2175,2611923443488590210,15,15,random,0.02,64,33,22.533459,1
2176,2611923443488590211,15,15,random,0.02,63,22,22.829625,1
2177,2611923443488590212,15,15,random,0.02,57,24,22.735208,1
2178,2611923443488590213,15,15,random,0.02,61,26,22.7295,1
2179,2611923443488590214,15,15,random,0.02,59,19,22.767041,1
2180,2611923443488590215,15,15,random,0.02,65,28,22.776666,1
2181,2611923443488590216,15,15,random,0.02,57,25,22.683792,1
2182,2611923443488590217,15,15,random,0.02,59,22,22.984625,1
2183,2611923443488590218,15,15,random,0.02,60,24,22.714083,1
2184,2611923443488590219,15,15,random,0.02,62,32,22.888916,1
2185,2611923443488590220,15,15,random,0.02,64,31,22.542708,1
2186,2611923443488590221,15,15,random,0.02,59,25,22.80825,1
2187,2611923443488590222,15,15,random,0.02,62,37,23.030042,1
2188,2611923443488590223,15,15,random,0.02,65,32,22.6485,1
2189,2611923443488590224,15,15,random,0.02,66,29,22.520542,1
2190,2611923443488590225,15,15,random,0.02,59,22,22.446792,1
2191,2611923443488590226,15,15,random,0.02,65,24,22.569041,1
2192,2611923443488590227,15,15,random,0.02,57,24,22.558625,1
2193,2611923443488590228,15,15,random,0.02,65,26,22.669584,1
2194,2611923443488590229,15,15,random,0.02,60,27,22.629166,1
2195,2611923443488590230,15,15,random,0.02,60,30,22.882334,1
2196,2611923443488590231,15,15,random,0.02,59,29,22.697459,1
2197,2611923443488590232,15,15,random,0.02,62,30,22.488833,1
2198,2611923443488590233,15,15,random,0.02,62,41,22.416542,1
2199,2611923443488590234,15,15,random,0.02,59,22,22.564542,1
2200,2611923443488655571,20,20,random,0.02,108,27,30.948667,1
2201,2611923443488655572,20,20,random,0.02,104,36,26.851541,1
2202,2611923443488655573,20,20,random,0.02,112,36,27.621459,1
2203,2611923443488655574,20,20,random,0.02,109,33,32.52325,1
2204,2611923443488655575,20,20,random,0.02,110,34,27.054541,1
2205,2611923443488655576,20,20,random,0.02,112,38,26.787,1
2206,2611923443488655577,20,20,random,0.02,105,30,29.891958,1
2207,2611923443488655578,20,20,random,0.02,110,36,26.922709,1
2208,2611923443488655579,20,20,random,0.02,107,42,26.770083,1
2209,2611923443488655580,20,20,random,0.02,107,37,26.691,1
2210,2611923443488655581,20,20,random,0.02,109,33,27.065166,1
2211,2611923443488655582,20,20,random,0.02,112,51,26.491,1
2212,2611923443488655583,20,20,random,0.02,105,41,26.650709,1
2213,2611923443488655584,20,20,random,0.02,108,39,26.63975,1
2214,2611923443488655585,20,20,random,0.02,108,44,26.820084,1
2215,2611923443488655586,20,20,random,0.02,110,30,27.129167,1
2216,2611923443488655587,20,20,random,0.02,113,35,26.0915,1
2217,2611923443488655588,20,20,random,0.02,115,43,26.822416,1
2218,2611923443488655589,20,20,random,0.02,115,35,26.634375,1
2219,2611923443488655590,20,20,random,0.02,108,45,26.619166,1
2220,2611923443488655591,20,20,random,0.02,112,28,27.062375,1
2221,2611923443488655592,20,20,random,0.02,110,35,27.711833,1
2222,2611923443488655593,20,20,random,0.02,101,37,27.800417,1
2223,2611923443488655594,20,20,random,0.02,107,35,27.643667,1
2224,2611923443488655595,20,20,random,0.02,115,30,27.009042,1
2225,2611923443488655596,20,20,random,0.02,104,29,26.836917,1
2226,2611923443488655597,20,20,random,0.02,113,28,27.832,1
2227,2611923443488655598,20,20,random,0.02,103,33,26.934208,1
2228,2611923443488655599,20,20,random,0.02,105,31,26.995583,1
2229,2611923443488655600,20,20,random,0.02,101,33,26.866541,1
2230,2611923443488655601,20,20,random,0.02,114,33,27.650333,1
2231,2611923443488655602,20,20,random,0.02,109,28,27.82075,1
2232,2611923443488655603,20,20,random,0.02,112,32,26.889833,1
2233,2611923443488655604,20,20,random,0.02,113,39,26.429167,1
2234,2611923443488655605,20,20,random,0.02,110,41,27.081417,1
2235,2611923443488655606,20,20,random,0.02,111,41,27.159792,1
2236,2611923443488655607,20,20,random,0.02,113,29,26.919375,1
2237,2611923443488655608,20,20,random,0.02,101,41,27.306,1
2238,2611923443488655609,20,20,random,0.02,120,33,27.274583,1
2239,2611923443488655610,20,20,random,0.02,112,29,27.377833,1
2240,2611923443488655611,20,20,random,0.02,114,42,26.684541,1
2241,2611923443488655612,20,20,random,0.02,107,33,26.636833,1
2242,2611923443488655613,20,20,random,0.02,109,34,26.887041,1
2243,2611923443488655614,20,20,random,0.02,110,43,26.385542,1
2244,2611923443488655615,20,20,random,0.02,108,27,27.02375,1
2245,2611923443488655616,20,20,random,0.02,112,27,27.10575,1
2246,2611923443488655617,20,20,random,0.02,118,36,26.96525,1
2247,2611923443488655618,20,20,random,0.02,115,31,27.059083,1
2248,2611923443488655619,20,20,random,0.02,106,26,26.962875,1
2249,2611923443488655620,20,20,random,0.02,106,36,26.47875,1
2250,2611923443488655621,20,20,random,0.02,99,42,26.708667,1
2251,2611923443488655622,20,20,random,0.02,116,35,26.774042,1
2252,2611923443488655623,20,20,random,0.02,111,28,27.812,1
2253,2611923443488655624,20,20,random,0.02,112,33,27.534459,1
2254,2611923443488655625,20,20,random,0.02,110,35,27.259458,1
2255,2611923443488655626,20,20,random,0.02,111,31,26.945667,1
2256,2611923443488655627,20,20,random,0.02,102,35,27.2145,1
2257,2611923443488655628,20,20,random,0.02,109,35,27.508542,1
2258,2611923443488655629,20,20,random,0.02,114,38,27.522417,1
2259,2611923443488655630,20,20,random,0.02,113,37,26.623208,1
2260,2611923443488655631,20,20,random,0.02,104,33,26.9435,1
2261,2611923443488655632,20,20,random,0.02,113,35,27.117959,1
2262,2611923443488655633,20,20,random,0.02,110,30,27.127959,1
2263,2611923443488655634,20,20,random,0.02,108,40,26.80775,1
2264,2611923443488655635,20,20,random,0.02,102,45,26.615375,1
2265,2611923443488655636,20,20,random,0.02,107,30,27.004375,1
2266,2611923443488655637,20,20,random,0.02,106,37,27.85,1
2267,2611923443488655638,20,20,random,0.02,109,41,27.077083,1
2268,2611923443488655639,20,20,random,0.02,114,36,26.888,1
2269,2611923443488655640,20,20,random,0.02,107,44,27.26775,1
2270,2611923443488655641,20,20,random,0.02,112,54,27.401917,1
2271,2611923443488655642,20,20,random,0.02,106,41,27.428,1
2272,2611923443488655643,20,20,random,0.02,118,36,27.947959,1
2273,2611923443488655644,20,20,random,0.02,108,34,26.761709,1
2274,2611923443488655645,20,20,random,0.02,107,30,26.847333,1
2275,2611923443488655646,20,20,random,0.02,116,42,27.252708,1
2276,2611923443488655647,20,20,random,0.02,110,33,27.326542,1
2277,2611923443488655648,20,20,random,0.02,115,33,26.579834,1
2278,2611923443488655649,20,20,random,0.02,113,47,26.414209,1
2279,2611923443488655650,20,20,random,0.02,111,30,27.275458,1
2280,2611923443488655651,20,20,random,0.02,109,27,27.077375,1
2281,2611923443488655652,20,20,random,0.02,105,37,27.064625,1
2282,2611923443488655653,20,20,random,0.02,110,38,27.1275,1
2283,2611923443488655654,20,20,random,0.02,107,33,26.2355,1
2284,2611923443488655655,20,20,random,0.02,114,37,26.783458,1
2285,2611923443488655656,20,20,random,0.02,113,46,27.001083,1
2286,2611923443488655657,20,20,random,0.02,112,32,27.476125,1
2287,2611923443488655658,20,20,random,0.02,115,38,27.184875,1
2288,2611923443488655659,20,20,random,0.02,112,37,26.971292,1
2289,2611923443488655660,20,20,random,0.02,110,31,27.790958,1
2290,2611923443488655661,20,20,random,0.02,107,35,27.211416,1
2291,2611923443488655662,20,20,random,0.02,112,38,27.190334,1
2292,2611923443488655663,20,20,random,0.02,111,40,26.931334,1
2293,2611923443488655664,20,20,random,0.02,108,38,26.868375,1
2294,2611923443488655665,20,20,random,0.02,103,32,26.693083,1
2295,2611923443488655666,20,20,random,0.02,111,46,27.338416,1
2296,2611923443488655667,20,20,random,0.02,110,40,26.7885,1
2297,2611923443488655668,20,20,random,0.02,111,30,26.526708,1
2298,2611923443488655669,20,20,random,0.02,112,44,26.970375,1
2299,2611923443488655670,20,20,random,0.02,111,39,26.841417,1
2300,2611923443488655671,20,20,random,0.02,116,25,27.228958,1
2301,2611923443488655672,20,20,random,0.02,107,40,27.2815,1
2302,2611923443488655673,20,20,random,0.02,108,40,26.770625,1
2303,2611923443488655674,20,20,random,0.02,107,28,27.255167,1
2304,2611923443488655675,20,20,random,0.02,110,31,26.9955,1
2305,2611923443488655676,20,20,random,0.02,102,37,26.614375,1
2306,2611923443488655677,20,20,random,0.02,117,32,26.910167,1
2307,2611923443488655678,20,20,random,0.02,105,38,26.554959,1
2308,2611923443488655679,20,20,random,0.02,104,36,26.914375,1
2309,2611923443488655680,20,20,random,0.02,104,32,27.896708,1
2310,2611923443488655681,20,20,random,0.02,101,48,26.137208,1
2311,2611923443488655682,20,20,random,0.02,106,27,27.043583,1
2312,2611923443488655683,20,20,random,0.02,114,29,26.977667,1
2313,2611923443488655684,20,20,random,0.02,114,28,27.656125,1
2314,2611923443488655685,20,20,random,0.02,110,35,27.299417,1
2315,2611923443488655686,20,20,random,0.02,104,49,26.223667,1
2316,2611923443488655687,20,20,random,0.02,105,31,27.602667,1
2317,2611923443488655688,20,20,random,0.02,110,32,27.414333,1
2318,2611923443488655689,20,20,random,0.02,111,33,27.182125,1
2319,2611923443488655690,20,20,random,0.02,110,36,27.294792,1
2320,2611923443488655691,20,20,random,0.02,113,34,27.684542,1
2321,2611923443488655692,20,20,random,0.02,109,41,27.023709,1
2322,2611923443488655693,20,20,random,0.02,111,30,27.600208,1
2323,2611923443488655694,20,20,random,0.02,111,33,26.966417,1
2324,2611923443488655695,20,20,random,0.02,113,32,26.4475,1
2325,2611923443488655696,20,20,random,0.02,106,34,27.312833,1
2326,2611923443488655697,20,20,random,0.02,108,47,26.5705,1
2327,2611923443488655698,20,20,random,0.02,110,35,27.720167,1
2328,2611923443488655699,20,20,random,0.02,111,39,26.84875,1
2329,2611923443488655700,20,20,random,0.02,105,40,27.193917,1
2330,2611923443488655701,20,20,random,0.02,113,29,27.148208,1
2331,2611923443488655702,20,20,random,0.02,112,36,27.58075,1
2332,2611923443488655703,20,20,random,0.02,116,40,27.306708,1
2333,2611923443488655704,20,20,random,0.02,112,38,26.952125,1
2334,2611923443488655705,20,20,random,0.02,107,29,27.152834,1
2335,2611923443488655706,20,20,random,0.02,107,45,26.442625,1
2336,2611923443488655707,20,20,random,0.02,111,41,26.830125,1
2337,2611923443488655708,20,20,random,0.02,111,43,26.247667,1
2338,2611923443488655709,20,20,random,0.02,110,39,27.219416,1
2339,2611923443488655710,20,20,random,0.02,110,41,27.247792,1
2340,2611923443488655711,20,20,random,0.02,113,41,26.879375,1
2341,2611923443488655712,20,20,random,0.02,105,43,26.747708,1
2342,2611923443488655713,20,20,random,0.02,121,42,27.437959,1
2343,2611923443488655714,20,20,random,0.02,113,36,27.098583,1
2344,2611923443488655715,20,20,random,0.02,97,30,27.106,1
2345,2611923443488655716,20,20,random,0.02,102,30,26.448375,1
2346,2611923443488655717,20,20,random,0.02,114,42,26.847458,1
2347,2611923443488655718,20,20,random,0.02,102,43,26.822625,1
2348,2611923443488655719,20,20,random,0.02,112,42,26.901,1
2349,2611923443488655720,20,20,random,0.02,112,30,27.862958,1
2350,2611923443488655721,20,20,random,0.02,111,33,27.865125,1
2351,2611923443488655722,20,20,random,0.02,108,31,27.03375,1
2352,2611923443488655723,20,20,random,0.02,112,28,26.741125,1
2353,2611923443488655724,20,20,random,0.02,105,29,27.022708,1
2354,2611923443488655725,20,20,random,0.02,108,27,27.948167,1
2355,2611923443488655726,20,20,random,0.02,115,45,26.667792,1
2356,2611923443488655727,20,20,random,0.02,113,36,26.463416,1
2357,2611923443488655728,20,20,random,0.02,109,30,27.48375,1
2358,2611923443488655729,20,20,random,0.02,114,27,27.338,1
2359,2611923443488655730,20,20,random,0.02,116,43,26.633291,1
2360,2611923443488655731,20,20,random,0.02,115,44,26.818667,1
2361,2611923443488655732,20,20,random,0.02,118,40,26.932458,1
2362,2611923443488655733,20,20,random,0.02,112,38,27.129917,1
2363,2611923443488655734,20,20,random,0.02,114,30,26.9005,1
2364,2611923443488655735,20,20,random,0.02,113,33,26.980708,1
2365,2611923443488655736,20,20,random,0.02,115,39,27.403709,1
2366,2611923443488655737,20,20,random,0.02,103,38,27.71325,1
2367,2611923443488655738,20,20,random,0.02,117,28,27.344458,1
2368,2611923443488655739,20,20,random,0.02,108,35,27.370583,1
2369,2611923443488655740,20,20,random,0.02,108,31,27.5155,1
2370,2611923443488655741,20,20,random,0.02,113,34,27.357583,1
2371,2611923443488655742,20,20,random,0.02,106,41,26.589375,1
2372,2611923443488655743,20,20,random,0.02,107,42,26.699084,1
2373,2611923443488655744,20,20,random,0.02,107,28,26.8315,1
2374,2611923443488655745,20,20,random,0.02,101,39,27.183208,1
2375,2611923443488655746,20,20,random,0.02,106,37,26.8595,1
2376,2611923443488655747,20,20,random,0.02,114,47,27.042583,1
2377,2611923443488655748,20,20,random,0.02,107,39,26.812583,1
2378,2611923443488655749,20,20,random,0.02,103,35,27.11225,1
2379,2611923443488655750,20,20,random,0.02,109,43,27.135417,1
2380,2611923443488655751,20,20,random,0.02,108,39,26.370125,1
2381,2611923443488655752,20,20,random,0.02,106,34,27.3495,1
2382,2611923443488655753,20,20,random,0.02,110,37,26.740084,1
2383,2611923443488655754,20,20,random,0.02,108,44,26.572834,1
2384,2611923443488655755,20,20,random,0.02,109,34,26.640542,1
2385,2611923443488655756,20,20,random,0.02,112,41,26.603458,1
2386,2611923443488655757,20,20,random,0.02,107,34,27.553042,1
2387,2611923443488655758,20,20,random,0.02,109,27,27.692625,1
2388,2611923443488655759,20,20,random,0.02,112,40,26.981417,1
2389,2611923443488655760,20,20,random,0.02,111,37,26.643625,1
2390,2611923443488655761,20,20,random,0.02,111,36,26.886542,1
2391,2611923443488655762,20,20,random,0.02,111,33,27.100792,1
2392,2611923443488655763,20,20,random,0.02,112,43,26.72225,1
2393,2611923443488655764,20,20,random,0.02,112,52,26.854584,1
2394,2611923443488655765,20,20,random,0.02,103,37,27.032333,1
2395,2611923443488655766,20,20,random,0.02,111,37,27.435542,1
2396,2611923443488655767,20,20,random,0.02,110,29,27.1125,1
2397,2611923443488655768,20,20,random,0.02,109,40,27.063209,1
2398,2611923443488655769,20,20,random,0.02,106,27,26.961542,1
2399,2611923443488655770,20,20,random,0.02,110,34,26.483958,1
2400,2611923443488721107,1,20,thin,0.02,9,11,20.040208,1
2401,2611923443488721108,1,20,thin,0.02,9,10,20.027792,1
2402,2611923443488721109,1,20,thin,0.02,9,10,20.029584,1
2403,2611923443488721110,1,20,thin,0.02,11,11,20.017375,1
2404,2611923443488721111,1,20,thin,0.02,8,12,20.027875,1
2405,2611923443488721112,1,20,thin,0.02,10,15,20.030917,1
2406,2611923443488721113,1,20,thin,0.02,9,10,20.026542,1
2407,2611923443488721114,1,20,thin,0.02,9,12,20.025583,1
2408,2611923443488721115,1,20,thin,0.02,8,13,20.026416,1
2409,2611923443488721116,1,20,thin,0.02,10,10,20.020709,1
2410,2611923443488721117,1,20,thin,0.02,9,11,20.0315,1
2411,2611923443488721118,1,20,thin,0.02,10,10,20.035291,1
2412,2611923443488721119,1,20,thin,0.02,8,10,20.024667,1
2413,2611923443488721120,1,20,thin,0.02,10,13,20.02125,1
2414,2611923443488721121,1,20,thin,0.02,9,11,20.030125,1
2415,2611923443488721122,1,20,thin,0.02,10,13,20.029333,1
2416,2611923443488721123,1,20,thin,0.02,9,13,20.032458,1
2417,2611923443488721124,1,20,thin,0.02,10,13,20.020166,1
2418,2611923443488721125,1,20,thin,0.02,9,12,20.023792,1
2419,2611923443488721126,1,20,thin,0.02,9,15,20.016167,1
2420,2611923443488721127,1,20,thin,0.02,10,16,20.02,1
2421,2611923443488721128,1,20,thin,0.02,9,12,20.031458,1
2422,2611923443488721129,1,20,thin,0.02,9,12,20.015625,1
2423,2611923443488721130,1,20,thin,0.02,10,13,20.014166,1
2424,2611923443488721131,1,20,thin,0.02,10,11,20.023125,1
2425,2611923443488721132,1,20,thin,0.02,10,13,20.021083,1
2426,2611923443488721133,1,20,thin,0.02,9,11,20.014458,1
2427,2611923443488721134,1,20,thin,0.02,9,12,20.019042,1
2428,2611923443488721135,1,20,thin,0.02,11,12,20.019667,1
2429,2611923443488721136,1,20,thin,0.02,10,11,20.017208,1
2430,2611923443488721137,1,20,thin,0.02,8,12,20.028792,1
2431,2611923443488721138,1,20,thin,0.02,10,12,20.031,1
2432,2611923443488721139,1,20,thin,0.02,8,11,20.051834,1
2433,2611923443488721140,1,20,thin,0.02,10,14,20.030041,1
2434,2611923443488721141,1,20,thin,0.02,9,12,20.026042,1
2435,2611923443488721142,1,20,thin,0.02,10,10,20.030875,1
2436,2611923443488721143,1,20,thin,0.02,10,11,20.018334,1
2437,2611923443488721144,1,20,thin,0.02,10,10,20.02775,1
2438,2611923443488721145,1,20,thin,0.02,10,11,20.028333,1
2439,2611923443488721146,1,20,thin,0.02,10,12,20.036625,1
2440,2611923443488721147,1,20,thin,0.02,10,10,20.01925,1
2441,2611923443488721148,1,20,thin,0.02,9,10,20.025416,1
2442,2611923443488721149,1,20,thin,0.02,9,10,20.020208,1
2443,2611923443488721150,1,20,thin,0.02,9,13,20.027625,1
2444,2611923443488721151,1,20,thin,0.02,10,11,20.03025,1
2445,2611923443488721152,1,20,thin,0.02,9,12,20.022916,1
2446,2611923443488721153,1,20,thin,0.02,9,14,20.034042,1
2447,2611923443488721154,1,20,thin,0.02,9,10,20.029083,1
2448,2611923443488721155,1,20,thin,0.02,9,14,20.016292,1
2449,2611923443488721156,1,20,thin,0.02,11,10,20.023709,1
2450,2611923443488721157,1,20,thin,0.02,10,12,20.026958,1
2451,2611923443488721158,1,20,thin,0.02,10,10,20.026541,1
2452,2611923443488721159,1,20,thin,0.02,11,11,20.028208,1
2453,2611923443488721160,1,20,thin,0.02,8,10,20.029542,1
2454,2611923443488721161,1,20,thin,0.02,9,11,20.018291,1
2455,2611923443488721162,1,20,thin,0.02,8,10,20.021584,1
2456,2611923443488721163,1,20,thin,0.02,8,11,20.024167,1
2457,2611923443488721164,1,20,thin,0.02,9,14,20.029375,1
2458,2611923443488721165,1,20,thin,0.02,10,11,20.029416,1
2459,2611923443488721166,1,20,thin,0.02,11,12,20.029292,1
2460,2611923443488721167,1,20,thin,0.02,10,13,20.027,1
2461,2611923443488721168,1,20,thin,0.02,11,10,20.015708,1
2462,2611923443488721169,1,20,thin,0.02,10,10,20.019458,1
2463,2611923443488721170,1,20,thin,0.02,10,11,20.024875,1
2464,2611923443488721171,1,20,thin,0.02,10,10,20.02,1
2465,2611923443488721172,1,20,thin,0.02,9,10,20.027583,1
2466,2611923443488721173,1,20,thin,0.02,10,10,20.01825,1
2467,2611923443488721174,1,20,thin,0.02,10,14,20.030292,1
2468,2611923443488721175,1,20,thin,0.02,9,11,20.030292,1
2469,2611923443488721176,1,20,thin,0.02,8,11,20.022834,1
2470,2611923443488721177,1,20,thin,0.02,10,12,20.026084,1
2471,2611923443488721178,1,20,thin,0.02,10,12,20.018125,1
2472,2611923443488721179,1,20,thin,0.02,8,10,20.023041,1
2473,2611923443488721180,1,20,thin,0.02,9,10,20.029083,1
2474,2611923443488721181,1,20,thin,0.02,9,11,20.021875,1
2475,2611923443488721182,1,20,thin,0.02,9,12,20.031917,1
2476,2611923443488721183,1,20,thin,0.02,10,10,20.024709,1
2477,2611923443488721184,1,20,thin,0.02,9,15,20.020292,1
2478,2611923443488721185,1,20,thin,0.02,10,12,20.023834,1
2479,2611923443488721186,1,20,thin,0.02,9,11,20.035584,1
2480,2611923443488721187,1,20,thin,0.02,10,11,20.024667,1
2481,2611923443488721188,1,20,thin,0.02,9,10,20.039167,1
2482,2611923443488721189,1,20,thin,0.02,9,11,20.019042,1
2483,2611923443488721190,1,20,thin,0.02,9,10,20.021334,1
2484,2611923443488721191,1,20,thin,0.02,11,12,20.029292,1
2485,2611923443488721192,1,20,thin,0.02,9,10,20.025708,1
2486,2611923443488721193,1,20,thin,0.02,10,15,20.020583,1
2487,2611923443488721194,1,20,thin,0.02,9,11,20.017167,1
2488,2611923443488721195,1,20,thin,0.02,8,13,20.034458,1
2489,2611923443488721196,1,20,thin,0.02,10,10,20.024625,1
2490,2611923443488721197,1,20,thin,0.02,10,10,20.031667,1
2491,2611923443488721198,1,20,thin,0.02,9,13,20.023,1
2492,2611923443488721199,1,20,thin,0.02,9,10,20.024083,1
2493,2611923443488721200,1,20,thin,0.02,10,10,20.027959,1
2494,2611923443488721201,1,20,thin,0.02,9,12,20.0245,1
2495,2611923443488721202,1,20,thin,0.02,8,11,20.017083,1
2496,2611923443488721203,1,20,thin,0.02,9,11,20.030792,1
2497,2611923443488721204,1,20,thin,0.02,9,14,20.023125,1
2498,2611923443488721205,1,20,thin,0.02,11,10,20.0245,1
2499,2611923443488721206,1,20,thin,0.02,10,10,20.028625,1
2500,2611923443488786643,2,20,thin,0.02,15,17,20.133375,1
2501,2611923443488786644,2,20,thin,0.02,12,17,20.136291,1
2502,2611923443488786645,2,20,thin,0.02,13,17,20.1325,1
2503,2611923443488786646,2,20,thin,0.02,13,19,20.133333,1
2504,2611923443488786647,2,20,thin,0.02,14,13,20.129417,1
2505,2611923443488786648,2,20,thin,0.02,15,21,20.098875,1
2506,2611923443488786649,2,20,thin,0.02,13,15,20.122291,1
2507,2611923443488786650,2,20,thin,0.02,16,18,20.1315,1
2508,2611923443488786651,2,20,thin,0.02,13,12,20.123167,1
2509,2611923443488786652,2,20,thin,0.02,12,15,20.119041,1
2510,2611923443488786653,2,20,thin,0.02,16,18,20.105958,1
2511,2611923443488786654,2,20,thin,0.02,14,15,20.129166,1
2512,2611923443488786655,2,20,thin,0.02,14,16,20.114125,1
2513,2611923443488786656,2,20,thin,0.02,14,20,20.109042,1
2514,2611923443488786657,2,20,thin,0.02,14,21,20.104292,1
2515,2611923443488786658,2,20,thin,0.02,14,16,20.12025,1
2516,2611923443488786659,2,20,thin,0.02,16,21,20.101,1
2517,2611923443488786660,2,20,thin,0.02,14,14,20.135375,1
2518,2611923443488786661,2,20,thin,0.02,16,21,20.107292,1
2519,2611923443488786662,2,20,thin,0.02,14,14,20.137333,1
2520,2611923443488786663,2,20,thin,0.02,13,18,20.120042,1
2521,2611923443488786664,2,20,thin,0.02,12,14,20.126541,1
2522,2611923443488786665,2,20,thin,0.02,14,17,20.128083,1
2523,2611923443488786666,2,20,thin,0.02,14,17,20.117083,1
2524,2611923443488786667,2,20,thin,0.02,14,13,20.184917,1
2525,2611923443488786668,2,20,thin,0.02,15,19,20.106167,1
2526,2611923443488786669,2,20,thin,0.02,14,18,20.116458,1
2527,2611923443488786670,2,20,thin,0.02,11,13,20.098083,1
2528,2611923443488786671,2,20,thin,0.02,14,13,20.128375,1
2529,2611923443488786672,2,20,thin,0.02,12,14,20.126167,1
2530,2611923443488786673,2,20,thin,0.02,13,17,20.149833,1
2531,2611923443488786674,2,20,thin,0.02,16,20,20.104792,1
2532,2611923443488786675,2,20,thin,0.02,17,19,20.105417,1
2533,2611923443488786676,2,20,thin,0.02,14,18,20.111834,1
2534,2611923443488786677,2,20,thin,0.02,12,15,20.127583,1
2535,2611923443488786678,2,20,thin,0.02,16,18,20.118166,1
2536,2611923443488786679,2,20,thin,0.02,11,12,20.127458,1
2537,2611923443488786680,2,20,thin,0.02,14,17,20.110208,1
2538,2611923443488786681,2,20,thin,0.02,12,16,20.118417,1
2539,2611923443488786682,2,20,thin,0.02,11,13,20.135916,1
2540,2611923443488786683,2,20,thin,0.02,13,17,20.127125,1
2541,2611923443488786684,2,20,thin,0.02,15,17,20.133417,1
2542,2611923443488786685,2,20,thin,0.02,16,15,23.409708,1
2543,2611923443488786686,2,20,thin,0.02,11,12,20.222,1
2544,2611923443488786687,2,20,thin,0.02,13,18,20.111167,1
2545,2611923443488786688,2,20,thin,0.02,15,14,20.12575,1
2546,2611923443488786689,2,20,thin,0.02,14,19,20.142958,1
2547,2611923443488786690,2,20,thin,0.02,17,21,20.276917,1
2548,2611923443488786691,2,20,thin,0.02,14,15,20.208916,1
2549,2611923443488786692,2,20,thin,0.02,15,19,20.101541,1
2550,2611923443488786693,2,20,thin,0.02,14,14,20.161084,1
2551,2611923443488786694,2,20,thin,0.02,16,16,20.13925,1
2552,2611923443488786695,2,20,thin,0.02,16,22,20.292459,1
2553,2611923443488786696,2,20,thin,0.02,16,13,20.205125,1
2554,2611923443488786697,2,20,thin,0.02,11,18,20.243333,1
2555,2611923443488786698,2,20,thin,0.02,13,18,20.1255,1
2556,2611923443488786699,2,20,thin,0.02,13,11,20.123833,1
2557,2611923443488786700,2,20,thin,0.02,13,17,20.144916,1
2558,2611923443488786701,2,20,thin,0.02,16,21,20.128542,1
2559,2611923443488786702,2,20,thin,0.02,13,17,20.150125,1
2560,2611923443488786703,2,20,thin,0.02,12,13,20.144209,1
2561,2611923443488786704,2,20,thin,0.02,16,18,20.116875,1
2562,2611923443488786705,2,20,thin,0.02,15,17,20.122042,1
2563,2611923443488786706,2,20,thin,0.02,17,20,20.166042,1
2564,2611923443488786707,2,20,thin,0.02,14,16,20.134375,1
2565,2611923443488786708,2,20,thin,0.02,13,12,20.214459,1
2566,2611923443488786709,2,20,thin,0.02,15,20,20.116958,1
2567,2611923443488786710,2,20,thin,0.02,11,15,20.142375,1
2568,2611923443488786711,2,20,thin,0.02,14,20,20.098042,1
2569,2611923443488786712,2,20,thin,0.02,14,19,20.119708,1
2570,2611923443488786713,2,20,thin,0.02,12,16,20.120666,1
2571,2611923443488786714,2,20,thin,0.02,13,16,20.146167,1
2572,2611923443488786715,2,20,thin,0.02,14,16,20.159916,1
2573,2611923443488786716,2,20,thin,0.02,12,14,20.148042,1
2574,2611923443488786717,2,20,thin,0.02,12,13,20.134,1
2575,2611923443488786718,2,20,thin,0.02,12,12,20.134667,1
2576,2611923443488786719,2,20,thin,0.02,15,21,20.108417,1
2577,2611923443488786720,2,20,thin,0.02,16,20,20.13525,1
2578,2611923443488786721,2,20,thin,0.02,15,18,20.118084,1
2579,2611923443488786722,2,20,thin,0.02,14,17,20.116208,1
2580,2611923443488786723,2,20,thin,0.02,15,19,20.122125,1
2581,2611923443488786724,2,20,thin,0.02,16,18,20.13475,1
2582,2611923443488786725,2,20,thin,0.02,13,20,20.124041,1
2583,2611923443488786726,2,20,thin,0.02,10,12,20.125791,1
2584,2611923443488786727,2,20,thin,0.02,12,11,20.140291,1
2585,2611923443488786728,2,20,thin,0.02,17,20,20.107917,1
2586,2611923443488786729,2,20,thin,0.02,14,20,20.113083,1
2587,2611923443488786730,2,20,thin,0.02,14,17,20.116833,1
2588,2611923443488786731,2,20,thin,0.02,14,20,20.102458,1
2589,2611923443488786732,2,20,thin,0.02,14,19,20.115042,1
2590,2611923443488786733,2,20,thin,0.02,14,20,20.102542,1
2591,2611923443488786734,2,20,thin,0.02,14,21,20.102625,1
2592,2611923443488786735,2,20,thin,0.02,14,17,20.112625,1
2593,2611923443488786736,2,20,thin,0.02,15,15,20.118667,1
2594,2611923443488786737,2,20,thin,0.02,12,13,20.120625,1
2595,2611923443488786738,2,20,thin,0.02,14,15,20.118584,1
2596,2611923443488786739,2,20,thin,0.02,13,14,20.18075,1
2597,2611923443488786740,2,20,thin,0.02,11,16,20.12575,1
2598,2611923443488786741,2,20,thin,0.02,13,18,20.108125,1
2599,2611923443488786742,2,20,thin,0.02,13,15,20.114,1
2600,2611923443488852179,3,20,thin,0.02,14,14,20.248708,1
2601,2611923443488852180,3,20,thin,0.02,17,20,20.217333,1
2602,2611923443488852181,3,20,thin,0.02,15,14,20.227708,1
2603,2611923443488852182,3,20,thin,0.02,16,18,20.2765,1
2604,2611923443488852183,3,20,thin,0.02,14,16,20.234292,1
2605,2611923443488852184,3,20,thin,0.02,18,12,20.276584,1
2606,2611923443488852185,3,20,thin,0.02,18,18,20.248292,1
2607,2611923443488852186,3,20,thin,0.02,17,19,20.264666,1
2608,2611923443488852187,3,20,thin,0.02,17,19,20.269959,1
2609,2611923443488852188,3,20,thin,0.02,16,21,20.259542,1
2610,2611923443488852189,3,20,thin,0.02,17,18,20.298458,1
2611,2611923443488852190,3,20,thin,0.02,17,18,20.251875,1
2612,2611923443488852191,3,20,thin,0.02,13,16,20.30475,1
2613,2611923443488852192,3,20,thin,0.02,18,18,20.274042,1
2614,2611923443488852193,3,20,thin,0.02,16,16,20.281958,1
2615,2611923443488852194,3,20,thin,0.02,16,13,20.263584,1
2616,2611923443488852195,3,20,thin,0.02,15,18,20.234959,1
2617,2611923443488852196,3,20,thin,0.02,19,13,20.3345,1
2618,2611923443488852197,3,20,thin,0.02,14,17,20.250458,1
2619,2611923443488852198,3,20,thin,0.02,16,15,20.260292,1
2620,2611923443488852199,3,20,thin,0.02,18,19,20.239917,1
2621,2611923443488852200,3,20,thin,0.02,13,17,20.2855,1
2622,2611923443488852201,3,20,thin,0.02,17,20,20.265,1
2623,2611923443488852202,3,20,thin,0.02,16,18,20.277458,1
2624,2611923443488852203,3,20,thin,0.02,16,18,20.250042,1
2625,2611923443488852204,3,20,thin,0.02,18,14,20.243458,1
2626,2611923443488852205,3,20,thin,0.02,15,17,20.266125,1
2627,2611923443488852206,3,20,thin,0.02,17,18,20.24625,1
2628,2611923443488852207,3,20,thin,0.02,19,15,20.262459,1
2629,2611923443488852208,3,20,thin,0.02,17,19,20.220417,1
2630,2611923443488852209,3,20,thin,0.02,19,21,20.242709,1
2631,2611923443488852210,3,20,thin,0.02,11,15,20.252625,1
2632,2611923443488852211,3,20,thin,0.02,17,17,20.244125,1
2633,2611923443488852212,3,20,thin,0.02,16,12,20.246,1
2634,2611923443488852213,3,20,thin,0.02,17,18,20.230291,1
2635,2611923443488852214,3,20,thin,0.02,17,14,20.290042,1
2636,2611923443488852215,3,20,thin,0.02,15,16,20.2755,1
2637,2611923443488852216,3,20,thin,0.02,16,19,20.253125,1
2638,2611923443488852217,3,20,thin,0.02,17,13,20.251042,1
2639,2611923443488852218,3,20,thin,0.02,17,22,20.241125,1
2640,2611923443488852219,3,20,thin,0.02,16,17,20.216666,1
2641,2611923443488852220,3,20,thin,0.02,16,20,20.240208,1
2642,2611923443488852221,3,20,thin,0.02,15,17,20.268875,1
2643,2611923443488852222,3,20,thin,0.02,14,20,20.266,1
2644,2611923443488852223,3,20,thin,0.02,12,13,20.352458,1
2645,2611923443488852224,3,20,thin,0.02,17,25,20.239,1
2646,2611923443488852225,3,20,thin,0.02,18,18,20.256334,1
2647,2611923443488852226,3,20,thin,0.02,18,14,20.279375,1
2648,2611923443488852227,3,20,thin,0.02,17,16,20.2255,1
2649,2611923443488852228,3,20,thin,0.02,16,17,20.244292,1
2650,2611923443488852229,3,20,thin,0.02,15,24,20.201417,1
2651,2611923443488852230,3,20,thin,0.02,16,18,20.254875,1
2652,2611923443488852231,3,20,thin,0.02,18,19,20.259417,1
2653,2611923443488852232,3,20,thin,0.02,17,23,20.258708,1
2654,2611923443488852233,3,20,thin,0.02,16,15,20.261667,1
2655,2611923443488852234,3,20,thin,0.02,15,20,20.233375,1
2656,2611923443488852235,3,20,thin,0.02,15,16,20.254333,1
2657,2611923443488852236,3,20,thin,0.02,14,14,20.252167,1
2658,2611923443488852237,3,20,thin,0.02,14,14,20.246916,1
2659,2611923443488852238,3,20,thin,0.02,17,23,20.209875,1
2660,2611923443488852239,3,20,thin,0.02,18,20,20.262833,1
2661,2611923443488852240,3,20,thin,0.02,16,17,20.274291,1
2662,2611923443488852241,3,20,thin,0.02,15,16,20.238667,1
2663,2611923443488852242,3,20,thin,0.02,16,22,20.22375,1
2664,2611923443488852243,3,20,thin,0.02,16,15,20.231042,1
2665,2611923443488852244,3,20,thin,0.02,17,14,20.307208,1
2666,2611923443488852245,3,20,thin,0.02,16,21,20.259958,1
2667,2611923443488852246,3,20,thin,0.02,18,17,20.284,1
2668,2611923443488852247,3,20,thin,0.02,18,20,20.210209,1
2669,2611923443488852248,3,20,thin,0.02,17,19,20.264667,1
2670,2611923443488852249,3,20,thin,0.02,15,16,20.256917,1
2671,2611923443488852250,3,20,thin,0.02,16,18,20.24325,1
2672,2611923443488852251,3,20,thin,0.02,16,18,20.239875,1
2673,2611923443488852252,3,20,thin,0.02,15,19,20.327917,1
2674,2611923443488852253,3,20,thin,0.02,18,25,20.201083,1
2675,2611923443488852254,3,20,thin,0.02,16,19,20.214584,1
2676,2611923443488852255,3,20,thin,0.02,16,16,20.269917,1
2677,2611923443488852256,3,20,thin,0.02,17,17,20.33525,1
2678,2611923443488852257,3,20,thin,0.02,16,18,20.252583,1
2679,2611923443488852258,3,20,thin,0.02,17,16,20.26975,1
2680,2611923443488852259,3,20,thin,0.02,18,15,20.266209,1
2681,2611923443488852260,3,20,thin,0.02,16,12,20.254125,1
2682,2611923443488852261,3,20,thin,0.02,17,23,20.213084,1
2683,2611923443488852262,3,20,thin,0.02,17,14,20.244458,1
2684,2611923443488852263,3,20,thin,0.02,16,16,20.257875,1
2685,2611923443488852264,3,20,thin,0.02,18,19,20.24025,1
2686,2611923443488852265,3,20,thin,0.02,18,15,20.276167,1
2687,2611923443488852266,3,20,thin,0.02,18,24,20.203833,1
2688,2611923443488852267,3,20,thin,0.02,18,19,20.2515,1
2689,2611923443488852268,3,20,thin,0.02,15,21,20.198666,1
2690,2611923443488852269,3,20,thin,0.02,14,15,20.277291,1
2691,2611923443488852270,3,20,thin,0.02,14,17,20.242208,1
2692,2611923443488852271,3,20,thin,0.02,15,13,20.268,1
2693,2611923443488852272,3,20,thin,0.02,17,16,20.293084,1
2694,2611923443488852273,3,20,thin,0.02,19,21,20.249917,1
2695,2611923443488852274,3,20,thin,0.02,15,15,20.25225,1
2696,2611923443488852275,3,20,thin,0.02,19,21,20.25925,1
2697,2611923443488852276,3,20,thin,0.02,17,14,20.272625,1
2698,2611923443488852277,3,20,thin,0.02,17,14,20.29075,1
2699,2611923443488852278,3,20,thin,0.02,15,17,20.248667,1
2700,2611923443488917715,4,10,rectangle,0.02,8,8,20.183042,1
2701,2611923443488917716,4,10,rectangle,0.02,8,10,20.165083,1
2702,2611923443488917717,4,10,rectangle,0.02,9,9,20.201542,1
2703,2611923443488917718,4,10,rectangle,0.02,7,10,20.1755,1
2704,2611923443488917719,4,10,rectangle,0.02,9,13,20.160208,1
2705,2611923443488917720,4,10,rectangle,0.02,8,13,20.132292,1
2706,2611923443488917721,4,10,rectangle,0.02,9,10,20.148709,1
2707,2611923443488917722,4,10,rectangle,0.02,8,8,20.161708,1
2708,2611923443488917723,4,10,rectangle,0.02,8,8,20.158,1
2709,2611923443488917724,4,10,rectangle,0.02,8,13,20.159542,1
2710,2611923443488917725,4,10,rectangle,0.02,7,10,20.158459,1
2711,2611923443488917726,4,10,rectangle,0.02,6,13,20.158,1
2712,2611923443488917727,4,10,rectangle,0.02,8,10,20.160166,1
2713,2611923443488917728,4,10,rectangle,0.02,7,10,20.140166,1
2714,2611923443488917729,4,10,rectangle,0.02,8,8,20.1555,1
2715,2611923443488917730,4,10,rectangle,0.02,7,9,20.14575,1
2716,2611923443488917731,4,10,rectangle,0.02,10,10,20.135792,1
2717,2611923443488917732,4,10,rectangle,0.02,9,11,20.137708,1
2718,2611923443488917733,4,10,rectangle,0.02,8,14,20.154333,1
2719,2611923443488917734,4,10,rectangle,0.02,8,11,20.138709,1
2720,2611923443488917735,4,10,rectangle,0.02,12,9,20.145125,1
2721,2611923443488917736,4,10,rectangle,0.02,7,9,20.143583,1
2722,2611923443488917737,4,10,rectangle,0.02,8,13,20.148208,1
2723,2611923443488917738,4,10,rectangle,0.02,11,13,20.146666,1
2724,2611923443488917739,4,10,rectangle,0.02,8,10,20.177042,1
2725,2611923443488917740,4,10,rectangle,0.02,9,10,20.16825,1
2726,2611923443488917741,4,10,rectangle,0.02,9,9,20.175417,1
2727,2611923443488917742,4,10,rectangle,0.02,8,10,20.148125,1
2728,2611923443488917743,4,10,rectangle,0.02,9,14,20.143334,1
2729,2611923443488917744,4,10,rectangle,0.02,9,11,20.152333,1
2730,2611923443488917745,4,10,rectangle,0.02,8,12,20.157917,1
2731,2611923443488917746,4,10,rectangle,0.02,6,9,20.157542,1
2732,2611923443488917747,4,10,rectangle,0.02,8,10,20.155666,1
2733,2611923443488917748,4,10,rectangle,0.02,7,12,20.158875,1
2734,2611923443488917749,4,10,rectangle,0.02,9,8,20.153667,1
2735,2611923443488917750,4,10,rectangle,0.02,10,12,20.146417,1
2736,2611923443488917751,4,10,rectangle,0.02,9,10,20.164917,1
2737,2611923443488917752,4,10,rectangle,0.02,9,12,20.162333,1
2738,2611923443488917753,4,10,rectangle,0.02,9,10,20.146667,1
2739,2611923443488917754,4,10,rectangle,0.02,9,10,20.173125,1
2740,2611923443488917755,4,10,rectangle,0.02,10,12,20.1535,1
2741,2611923443488917756,4,10,rectangle,0.02,9,13,20.152083,1
2742,2611923443488917757,4,10,rectangle,0.02,8,12,20.134125,1
2743,2611923443488917758,4,10,rectangle,0.02,8,14,20.175459,1
2744,2611923443488917759,4,10,rectangle,0.02,7,13,20.127625,1
2745,2611923443488917760,4,10,rectangle,0.02,8,14,20.144417,1
2746,2611923443488917761,4,10,rectangle,0.02,10,12,20.147541,1
2747,2611923443488917762,4,10,rectangle,0.02,9,11,20.159583,1
2748,2611923443488917763,4,10,rectangle,0.02,9,11,20.161958,1
2749,2611923443488917764,4,10,rectangle,0.02,9,10,20.155792,1
2750,2611923443488917765,4,10,rectangle,0.02,8,9,20.174875,1
2751,2611923443488917766,4,10,rectangle,0.02,9,10,20.166458,1
2752,2611923443488917767,4,10,rectangle,0.02,10,11,20.149709,1
2753,2611923443488917768,4,10,rectangle,0.02,8,11,20.173958,1
2754,2611923443488917769,4,10,rectangle,0.02,9,7,20.153542,1
2755,2611923443488917770,4,10,rectangle,0.02,12,10,20.182292,1
2756,2611923443488917771,4,10,rectangle,0.02,9,13,20.14025,1
2757,2611923443488917772,4,10,rectangle,0.02,10,11,20.166375,1
2758,2611923443488917773,4,10,rectangle,0.02,10,10,20.157291,1
2759,2611923443488917774,4,10,rectangle,0.02,8,13,20.149375,1
2760,2611923443488917775,4,10,rectangle,0.02,9,13,20.136,1
2761,2611923443488917776,4,10,rectangle,0.02,9,9,20.151375,1
2762,2611923443488917777,4,10,rectangle,0.02,7,9,20.1505,1
2763,2611923443488917778,4,10,rectangle,0.02,8,12,20.153542,1
2764,2611923443488917779,4,10,rectangle,0.02,8,9,20.179792,1
2765,2611923443488917780,4,10,rectangle,0.02,10,8,20.172542,1
2766,2611923443488917781,4,10,rectangle,0.02,9,10,20.141208,1
2767,2611923443488917782,4,10,rectangle,0.02,8,11,20.152166,1
2768,2611923443488917783,4,10,rectangle,0.02,7,11,20.163958,1
2769,2611923443488917784,4,10,rectangle,0.02,9,14,20.157041,1
2770,2611923443488917785,4,10,rectangle,0.02,7,9,20.145792,1
2771,2611923443488917786,4,10,rectangle,0.02,10,11,20.151083,1
2772,2611923443488917787,4,10,rectangle,0.02,8,8,20.167375,1
2773,2611923443488917788,4,10,rectangle,0.02,9,9,20.1595,1
2774,2611923443488917789,4,10,rectangle,0.02,8,9,20.164542,1
2775,2611923443488917790,4,10,rectangle,0.02,8,10,20.150875,1
2776,2611923443488917791,4,10,rectangle,0.02,8,12,20.145042,1
2777,2611923443488917792,4,10,rectangle,0.02,7,9,20.150333,1
2778,2611923443488917793,4,10,rectangle,0.02,9,12,20.147375,1
2779,2611923443488917794,4,10,rectangle,0.02,8,10,20.13575,1
2780,2611923443488917795,4,10,rectangle,0.02,9,8,20.167542,1
2781,2611923443488917796,4,10,rectangle,0.02,9,15,20.188875,1
2782,2611923443488917797,4,10,rectangle,0.02,8,11,20.132583,1
2783,2611923443488917798,4,10,rectangle,0.02,10,10,20.152209,1
2784,2611923443488917799,4,10,rectangle,0.02,9,12,20.141083,1
2785,2611923443488917800,4,10,rectangle,0.02,8,8,20.173708,1
2786,2611923443488917801,4,10,rectangle,0.02,8,13,20.132333,1
2787,2611923443488917802,4,10,rectangle,0.02,9,10,20.136667,1
2788,2611923443488917803,4,10,rectangle,0.02,8,15,20.152958,1
2789,2611923443488917804,4,10,rectangle,0.02,8,9,20.153875,1
2790,2611923443488917805,4,10,rectangle,0.02,8,9,20.163208,1
2791,2611923443488917806,4,10,rectangle,0.02,8,11,20.141167,1
2792,2611923443488917807,4,10,rectangle,0.02,10,9,20.155417,1
2793,2611923443488917808,4,10,rectangle,0.02,10,12,20.22775,1
2794,2611923443488917809,4,10,rectangle,0.02,7,12,20.144958,1
2795,2611923443488917810,4,10,rectangle,0.02,9,15,20.157083,1
2796,2611923443488917811,4,10,rectangle,0.02,9,9,20.155458,1
2797,2611923443488917812,4,10,rectangle,0.02,7,10,20.134709,1
2798,2611923443488917813,4,10,rectangle,0.02,10,10,20.144958,1
2799,2611923443488917814,4,10,rectangle,0.02,11,12,20.149,1
2800,2611923443488983251,6,12,rectangle,0.02,16,13,20.416791,1
2801,2611923443488983252,6,12,rectangle,0.02,19,15,20.435208,1
2802,2611923443488983253,6,12,rectangle,0.02,16,14,20.459417,1
2803,2611923443488983254,6,12,rectangle,0.02,14,11,20.413458,1
2804,2611923443488983255,6,12,rectangle,0.02,16,11,20.398291,1
2805,2611923443488983256,6,12,rectangle,0.02,15,14,20.403208,1
2806,2611923443488983257,6,12,rectangle,0.02,20,20,20.35725,1
2807,2611923443488983258,6,12,rectangle,0.02,18,16,20.426084,1
2808,2611923443488983259,6,12,rectangle,0.02,16,10,20.426583,1
2809,2611923443488983260,6,12,rectangle,0.02,19,14,20.4055,1
2810,2611923443488983261,6,12,rectangle,0.02,17,17,20.395333,1
2811,2611923443488983262,6,12,rectangle,0.02,21,19,20.367125,1
2812,2611923443488983263,6,12,rectangle,0.02,14,14,20.361458,1
2813,2611923443488983264,6,12,rectangle,0.02,20,19,20.415541,1
2814,2611923443488983265,6,12,rectangle,0.02,17,14,20.420916,1
2815,2611923443488983266,6,12,rectangle,0.02,22,16,20.417709,1
2816,2611923443488983267,6,12,rectangle,0.02,17,16,20.407708,1
2817,2611923443488983268,6,12,rectangle,0.02,17,18,20.387292,1
2818,2611923443488983269,6,12,rectangle,0.02,19,15,20.404084,1
2819,2611923443488983270,6,12,rectangle,0.02,16,16,20.413,1
2820,2611923443488983271,6,12,rectangle,0.02,16,15,20.357583,1
2821,2611923443488983272,6,12,rectangle,0.02,16,10,20.412375,1
2822,2611923443488983273,6,12,rectangle,0.02,17,11,20.53425,1
2823,2611923443488983274,6,12,rectangle,0.02,16,16,20.401042,1
2824,2611923443488983275,6,12,rectangle,0.02,15,15,20.4005,1
2825,2611923443488983276,6,12,rectangle,0.02,18,18,20.386833,1
2826,2611923443488983277,6,12,rectangle,0.02,20,16,20.391333,1
2827,2611923443488983278,6,12,rectangle,0.02,15,16,20.454667,1
2828,2611923443488983279,6,12,rectangle,0.02,16,11,20.389,1
2829,2611923443488983280,6,12,rectangle,0.02,18,13,20.431667,1
2830,2611923443488983281,6,12,rectangle,0.02,17,13,20.40175,1
2831,2611923443488983282,6,12,rectangle,0.02,17,14,20.452583,1
2832,2611923443488983283,6,12,rectangle,0.02,15,13,20.362333,1
2833,2611923443488983284,6,12,rectangle,0.02,17,21,20.383083,1
2834,2611923443488983285,6,12,rectangle,0.02,17,17,20.379084,1
2835,2611923443488983286,6,12,rectangle,0.02,19,15,20.385041,1
2836,2611923443488983287,6,12,rectangle,0.02,18,15,20.375958,1
2837,2611923443488983288,6,12,rectangle,0.02,17,15,20.383791,1
2838,2611923443488983289,6,12,rectangle,0.02,18,13,20.387291,1
2839,2611923443488983290,6,12,rectangle,0.02,19,16,20.383,1
2840,2611923443488983291,6,12,rectangle,0.02,16,16,20.378833,1
2841,2611923443488983292,6,12,rectangle,0.02,15,11,20.401084,1
2842,2611923443488983293,6,12,rectangle,0.02,16,16,20.360417,1
2843,2611923443488983294,6,12,rectangle,0.02,16,12,20.410459,1
2844,2611923443488983295,6,12,rectangle,0.02,20,19,20.416917,1
2845,2611923443488983296,6,12,rectangle,0.02,16,15,20.4185,1
2846,2611923443488983297,6,12,rectangle,0.02,16,16,20.434333,1
2847,2611923443488983298,6,12,rectangle,0.02,18,17,20.368959,1
2848,2611923443488983299,6,12,rectangle,0.02,18,13,20.37325,1
2849,2611923443488983300,6,12,rectangle,0.02,20,20,20.374959,1
2850,2611923443488983301,6,12,rectangle,0.02,16,17,20.4505,1
2851,2611923443488983302,6,12,rectangle,0.02,16,12,20.4465,1
2852,2611923443488983303,6,12,rectangle,0.02,15,12,20.427542,1
2853,2611923443488983304,6,12,rectangle,0.02,14,18,20.373084,1
2854,2611923443488983305,6,12,rectangle,0.02,17,11,20.402417,1
2855,2611923443488983306,6,12,rectangle,0.02,12,14,20.357666,1
2856,2611923443488983307,6,12,rectangle,0.02,19,14,20.402875,1
2857,2611923443488983308,6,12,rectangle,0.02,16,16,20.343667,1
2858,2611923443488983309,6,12,rectangle,0.02,20,17,20.36,1
2859,2611923443488983310,6,12,rectangle,0.02,18,16,20.4005,1
2860,2611923443488983311,6,12,rectangle,0.02,17,15,20.419292,1
2861,2611923443488983312,6,12,rectangle,0.02,19,16,20.38175,1
2862,2611923443488983313,6,12,rectangle,0.02,17,16,20.38425,1
2863,2611923443488983314,6,12,rectangle,0.02,18,19,20.398375,1
2864,2611923443488983315,6,12,rectangle,0.02,16,14,20.359292,1
2865,2611923443488983316,6,12,rectangle,0.02,17,11,20.432292,1
2866,2611923443488983317,6,12,rectangle,0.02,18,17,20.374292,1
2867,2611923443488983318,6,12,rectangle,0.02,20,22,20.348292,1
2868,2611923443488983319,6,12,rectangle,0.02,17,20,20.364291,1
2869,2611923443488983320,6,12,rectangle,0.02,18,13,20.427958,1
2870,2611923443488983321,6,12,rectangle,0.02,18,15,20.381708,1
2871,2611923443488983322,6,12,rectangle,0.02,17,15,20.448417,1
2872,2611923443488983323,6,12,rectangle,0.02,15,12,20.378042,1
2873,2611923443488983324,6,12,rectangle,0.02,16,14,20.421792,1
2874,2611923443488983325,6,12,rectangle,0.02,20,18,20.386875,1
2875,2611923443488983326,6,12,rectangle,0.02,20,15,20.415333,1
2876,2611923443488983327,6,12,rectangle,0.02,16,13,20.396209,1
2877,2611923443488983328,6,12,rectangle,0.02,15,17,20.391083,1
2878,2611923443488983329,6,12,rectangle,0.02,15,13,20.39925,1
2879,2611923443488983330,6,12,rectangle,0.02,17,17,20.400959,1
2880,2611923443488983331,6,12,rectangle,0.02,17,12,20.485917,1
2881,2611923443488983332,6,12,rectangle,0.02,18,19,20.371541,1
2882,2611923443488983333,6,12,rectangle,0.02,17,17,20.4155,1
2883,2611923443488983334,6,12,rectangle,0.02,18,15,20.395916,1
2884,2611923443488983335,6,12,rectangle,0.02,18,15,20.395291,1
2885,2611923443488983336,6,12,rectangle,0.02,19,17,20.366625,1
2886,2611923443488983337,6,12,rectangle,0.02,16,15,20.364916,1
2887,2611923443488983338,6,12,rectangle,0.02,16,17,20.373834,1
2888,2611923443488983339,6,12,rectangle,0.02,20,15,20.405958,1
2889,2611923443488983340,6,12,rectangle,0.02,16,14,20.424333,1
2890,2611923443488983341,6,12,rectangle,0.02,17,14,20.397583,1
2891,2611923443488983342,6,12,rectangle,0.02,22,17,20.474083,1
2892,2611923443488983343,6,12,rectangle,0.02,17,13,20.393083,1
2893,2611923443488983344,6,12,rectangle,0.02,17,19,20.388542,1
2894,2611923443488983345,6,12,rectangle,0.02,15,18,20.372958,1
2895,2611923443488983346,6,12,rectangle,0.02,16,17,20.364375,1
2896,2611923443488983347,6,12,rectangle,0.02,15,12,20.404958,1
2897,2611923443488983348,6,12,rectangle,0.02,18,19,20.364,1
2898,2611923443488983349,6,12,rectangle,0.02,17,13,20.378541,1
2899,2611923443488983350,6,12,rectangle,0.02,18,17,20.492667,1
2900,2611923443489048787,8,15,rectangle,0.02,28,18,21.067458,1
2901,2611923443489048788,8,15,rectangle,0.02,33,14,20.873042,1
2902,2611923443489048789,8,15,rectangle,0.02,27,21,20.892458,1
2903,2611923443489048790,8,15,rectangle,0.02,35,22,20.892959,1
2904,2611923443489048791,8,15,rectangle,0.02,34,19,20.954542,1
2905,2611923443489048792,8,15,rectangle,0.02,30,19,20.950875,1
2906,2611923443489048793,8,15,rectangle,0.02,35,23,20.980166,1
2907,2611923443489048794,8,15,rectangle,0.02,29,20,20.892125,1
2908,2611923443489048795,8,15,rectangle,0.02,28,25,20.866541,1
2909,2611923443489048796,8,15,rectangle,0.02,31,23,20.801042,1
2910,2611923443489048797,8,15,rectangle,0.02,32,16,20.977084,1
2911,2611923443489048798,8,15,rectangle,0.02,32,22,20.962458,1
2912,2611923443489048799,8,15,rectangle,0.02,30,19,20.923917,1
2913,2611923443489048800,8,15,rectangle,0.02,33,21,20.881625,1
2914,2611923443489048801,8,15,rectangle,0.02,26,23,20.885792,1
2915,2611923443489048802,8,15,rectangle,0.02,33,20,20.821084,1
2916,2611923443489048803,8,15,rectangle,0.02,33,20,20.934708,1
2917,2611923443489048804,8,15,rectangle,0.02,27,20,20.962833,1
2918,2611923443489048805,8,15,rectangle,0.02,31,20,20.923541,1
2919,2611923443489048806,8,15,rectangle,0.02,33,16,21.000792,1
2920,2611923443489048807,8,15,rectangle,0.02,27,18,20.850875,1
2921,2611923443489048808,8,15,rectangle,0.02,35,26,20.900625,1
2922,2611923443489048809,8,15,rectangle,0.02,31,26,20.920167,1
2923,2611923443489048810,8,15,rectangle,0.02,34,19,20.929208,1
2924,2611923443489048811,8,15,rectangle,0.02,30,17,20.918959,1
2925,2611923443489048812,8,15,rectangle,0.02,31,18,20.916542,1
2926,2611923443489048813,8,15,rectangle,0.02,27,24,20.903667,1
2927,2611923443489048814,8,15,rectangle,0.02,30,22,20.960167,1
2928,2611923443489048815,8,15,rectangle,0.02,31,15,20.898834,1
2929,2611923443489048816,8,15,rectangle,0.02,34,21,21.0215,1
2930,2611923443489048817,8,15,rectangle,0.02,35,17,20.87425,1
2931,2611923443489048818,8,15,rectangle,0.02,31,20,20.920875,1
2932,2611923443489048819,8,15,rectangle,0.02,32,23,20.944042,1
2933,2611923443489048820,8,15,rectangle,0.02,31,30,20.9735,1
2934,2611923443489048821,8,15,rectangle,0.02,29,26,20.97675,1
2935,2611923443489048822,8,15,rectangle,0.02,29,21,20.883875,1
2936,2611923443489048823,8,15,rectangle,0.02,31,20,20.827583,1
2937,2611923443489048824,8,15,rectangle,0.02,31,18,20.90825,1
2938,2611923443489048825,8,15,rectangle,0.02,33,18,20.931,1
2939,2611923443489048826,8,15,rectangle,0.02,30,20,20.891,1
2940,2611923443489048827,8,15,rectangle,0.02,31,23,20.807458,1
2941,2611923443489048828,8,15,rectangle,0.02,35,17,20.925042,1
2942,2611923443489048829,8,15,rectangle,0.02,25,19,20.850625,1
2943,2611923443489048830,8,15,rectangle,0.02,30,29,20.874417,1
2944,2611923443489048831,8,15,rectangle,0.02,31,23,20.85625,1
2945,2611923443489048832,8,15,rectangle,0.02,28,17,20.876208,1
2946,2611923443489048833,8,15,rectangle,0.02,31,22,20.794792,1
2947,2611923443489048834,8,15,rectangle,0.02,30,19,20.916292,1
2948,2611923443489048835,8,15,rectangle,0.02,33,23,20.919041,1
2949,2611923443489048836,8,15,rectangle,0.02,33,21,20.886667,1
2950,2611923443489048837,8,15,rectangle,0.02,32,17,20.973209,1
2951,2611923443489048838,8,15,rectangle,0.02,30,20,20.904291,1
2952,2611923443489048839,8,15,rectangle,0.02,34,21,20.911209,1
2953,2611923443489048840,8,15,rectangle,0.02,31,19,20.883459,1
2954,2611923443489048841,8,15,rectangle,0.02,31,22,20.824917,1
2955,2611923443489048842,8,15,rectangle,0.02,23,18,20.998167,1
2956,2611923443489048843,8,15,rectangle,0.02,30,24,20.914417,1
2957,2611923443489048844,8,15,rectangle,0.02,32,16,20.954625,1
2958,2611923443489048845,8,15,rectangle,0.02,35,24,20.880667,1
2959,2611923443489048846,8,15,rectangle,0.02,33,21,20.919417,1
2960,2611923443489048847,8,15,rectangle,0.02,31,21,20.957,1
2961,2611923443489048848,8,15,rectangle,0.02,33,20,20.848584,1
2962,2611923443489048849,8,15,rectangle,0.02,33,27,20.812875,1
2963,2611923443489048850,8,15,rectangle,0.02,31,19,20.933541,1
2964,2611923443489048851,8,15,rectangle,0.02,30,17,21.047083,1
2965,2611923443489048852,8,15,rectangle,0.02,32,26,20.891208,1
2966,2611923443489048853,8,15,rectangle,0.02,31,17,20.960708,1
2967,2611923443489048854,8,15,rectangle,0.02,34,17,20.887459,1
2968,2611923443489048855,8,15,rectangle,0.02,33,14,21.008209,1
2969,2611923443489048856,8,15,rectangle,0.02,29,17,20.854375,1
2970,2611923443489048857,8,15,rectangle,0.02,31,21,21.018125,1
2971,2611923443489048858,8,15,rectangle,0.02,33,17,20.96425,1
2972,2611923443489048859,8,15,rectangle,0.02,33,23,21.091542,1
2973,2611923443489048860,8,15,rectangle,0.02,30,23,20.859375,1
2974,2611923443489048861,8,15,rectangle,0.02,30,20,20.93175,1
2975,2611923443489048862,8,15,rectangle,0.02,29,17,20.958083,1
2976,2611923443489048863,8,15,rectangle,0.02,32,23,21.016959,1
2977,2611923443489048864,8,15,rectangle,0.02,31,19,21.783083,1
2978,2611923443489048865,8,15,rectangle,0.02,32,18,20.919292,1
2979,2611923443489048866,8,15,rectangle,0.02,30,14,21.026083,1
2980,2611923443489048867,8,15,rectangle,0.02,30,20,20.911292,1
2981,2611923443489048868,8,15,rectangle,0.02,31,23,21.011833,1
2982,2611923443489048869,8,15,rectangle,0.02,31,21,20.885042,1
2983,2611923443489048870,8,15,rectangle,0.02,32,21,20.957416,1
2984,2611923443489048871,8,15,rectangle,0.02,30,15,20.9235,1
2985,2611923443489048872,8,15,rectangle,0.02,30,23,20.915375,1
2986,2611923443489048873,8,15,rectangle,0.02,30,29,20.874625,1
2987,2611923443489048874,8,15,rectangle,0.02,31,20,20.899208,1
2988,2611923443489048875,8,15,rectangle,0.02,32,20,20.992333,1
2989,2611923443489048876,8,15,rectangle,0.02,32,25,20.827916,1
2990,2611923443489048877,8,15,rectangle,0.02,34,22,20.883542,1
2991,2611923443489048878,8,15,rectangle,0.02,30,22,20.889542,1
2992,2611923443489048879,8,15,rectangle,0.02,30,25,20.933833,1
2993,2611923443489048880,8,15,rectangle,0.02,30,17,21.000417,1
2994,2611923443489048881,8,15,rectangle,0.02,29,19,20.982375,1
2995,2611923443489048882,8,15,rectangle,0.02,28,21,20.892958,1
2996,2611923443489048883,8,15,rectangle,0.02,31,16,20.860292,1
2997,2611923443489048884,8,15,rectangle,0.02,33,21,21.150625,1
2998,2611923443489048885,8,15,rectangle,0.02,33,21,20.912291,1
2999,2611923443489048886,8,15,rectangle,0.02,32,21,20.958584,1
3000,4026536840,5,5,pattern0,0.02,0,8,20.022333,1
3001,4026536841,5,5,pattern1,0.02,0,8,20.022125,1
3002,4026536842,5,5,pattern2,0.02,0,24,20.02525,1
3003,4026536843,5,5,pattern3,0.02,0,8,20.036167,1
3004,4026536844,5,5,pattern4,0.02,5,11,20.056792,1
3005,4026539840,8,8,pattern0,0.02,0,14,20.053791,1
3006,4026539841,8,8,pattern1,0.02,0,14,20.05675,1
3007,4026539842,8,8,pattern2,0.02,0,63,20.055584,1
3008,4026539843,8,8,pattern3,0.02,0,14,20.090208,1
3009,4026539844,8,8,pattern4,0.02,13,21,20.237292,1
3010,4026541840,10,10,pattern0,0.02,0,18,20.092125,1
3011,4026541841,10,10,pattern1,0.02,0,18,20.090333,1
3012,4026541842,10,10,pattern2,0.02,0,99,20.093875,1
3013,4026541843,10,10,pattern3,0.02,0,18,20.14325,1
3014,4026541844,10,10,pattern4,0.02,20,23,20.498583,1
3015,4026546840,15,15,pattern0,0.02,0,28,20.296416,1
3016,4026546841,15,15,pattern1,0.02,0,28,20.244458,1
3017,4026546842,15,15,pattern2,0.02,0,224,20.243166,1
3018,4026546843,15,15,pattern3,0.02,0,28,20.502542,1
3019,4026546844,15,15,pattern4,0.02,50,37,21.761834,1
3020,4026551840,20,20,pattern0,0.02,0,38,20.618334,1
3021,4026551841,20,20,pattern1,0.02,0,38,20.590875,1
3022,4026551842,20,20,pattern2,0.02,0,399,20.601333,1
3023,4026551843,20,20,pattern3,0.02,0,38,21.157042,1
3024,4026551844,20,20,pattern4,0.02,90,53,25.044625,1
