index,seed,rows,cols,family,seconds,swaps,worst,runtime_ms,valid
0,2611923443488393427,5,5,random,0.02,3,10,20.090959,1
1,2611923443488393428,5,5,random,0.02,3,7,20.059375,1
2,2611923443488393429,5,5,random,0.02,4,9,20.049083,1
3,2611923443488393430,5,5,random,0.02,4,5,20.055208,1
4,2611923443488393431,5,5,random,0.02,4,7,20.066542,1
5,2611923443488393432,5,5,random,0.02,4,8,20.06225,1
6,2611923443488393433,5,5,random,0.02,4,7,20.062208,1
7,2611923443488393434,5,5,random,0.02,4,7,20.057167,1
8,2611923443488393435,5,5,random,0.02,3,8,20.052417,1
9,2611923443488393436,5,5,random,0.02,3,10,20.051083,1
10,2611923443488393437,5,5,random,0.02,4,7,20.05125,1
11,2611923443488393438,5,5,random,0.02,5,9,20.059208,1
12,2611923443488393439,5,5,random,0.02,4,8,20.067042,1
13,2611923443488393440,5,5,random,0.02,3,8,20.055833,1
14,2611923443488393441,5,5,random,0.02,5,6,20.07025,1
15,2611923443488393442,5,5,random,0.02,4,6,20.063542,1
16,2611923443488393443,5,5,random,0.02,3,7,20.070209,1
17,2611923443488393444,5,5,random,0.02,4,7,20.061083,1
18,2611923443488393445,5,5,random,0.02,3,8,20.061542,1
19,2611923443488393446,5,5,random,0.02,4,9,20.36525,1
20,2611923443488393447,5,5,random,0.02,5,7,20.070125,1
21,2611923443488393448,5,5,random,0.02,4,7,20.068459,1
22,2611923443488393449,5,5,random,0.02,5,8,20.057292,1
23,2611923443488393450,5,5,random,0.02,5,6,20.059458,1
24,2611923443488393451,5,5,random,0.02,4,8,20.055042,1
25,2611923443488393452,5,5,random,0.02,3,8,20.058833,1
26,2611923443488393453,5,5,random,0.02,4,10,20.045334,1
27,2611923443488393454,5,5,random,0.02,4,6,20.060083,1
28,2611923443488393455,5,5,random,0.02,5,7,20.065334,1
29,2611923443488393456,5,5,random,0.02,4,8,20.061083,1
30,2611923443488393457,5,5,random,0.02,4,6,20.062041,1
31,2611923443488393458,5,5,random,0.02,3,7,20.069083,1
32,2611923443488393459,5,5,random,0.02,4,6,20.060916,1
33,2611923443488393460,5,5,random,0.02,3,9,20.060541,1
34,2611923443488393461,5,5,random,0.02,4,8,20.069541,1
35,2611923443488393462,5,5,random,0.02,4,8,20.112375,1
36,2611923443488393463,5,5,random,0.02,3,7,20.065125,1
37,2611923443488393464,5,5,random,0.02,4,7,20.053084,1
38,2611923443488393465,5,5,random,0.02,3,6,20.054708,1
39,2611923443488393466,5,5,random,0.02,4,6,20.067917,1
40,2611923443488393467,5,5,random,0.02,5,8,20.05375,1
41,2611923443488393468,5,5,random,0.02,4,5,20.057375,1
42,2611923443488393469,5,5,random,0.02,5,9,20.058083,1
43,2611923443488393470,5,5,random,0.02,4,6,20.06875,1
44,2611923443488393471,5,5,random,0.02,4,9,20.054667,1
45,2611923443488393472,5,5,random,0.02,4,9,20.062417,1
46,2611923443488393473,5,5,random,0.02,5,6,20.055584,1
47,2611923443488393474,5,5,random,0.02,3,7,20.0505,1
48,2611923443488393475,5,5,random,0.02,4,8,20.068166,1
49,2611923443488393476,5,5,random,0.02,3,8,20.079791,1
50,2611923443488393477,5,5,random,0.02,4,7,20.060916,1
51,2611923443488393478,5,5,random,0.02,3,10,20.049875,1
52,2611923443488393479,5,5,random,0.02,3,8,20.044666,1
53,2611923443488393480,5,5,random,0.02,4,7,20.065667,1
54,2611923443488393481,5,5,random,0.02,4,7,20.054875,1
55,2611923443488393482,5,5,random,0.02,4,8,20.057541,1
56,2611923443488393483,5,5,random,0.02,4,6,20.05775,1
57,2611923443488393484,5,5,random,0.02,4,9,20.059125,1
58,2611923443488393485,5,5,random,0.02,5,9,20.067875,1
59,2611923443488393486,5,5,random,0.02,4,5,20.060542,1
60,2611923443488393487,5,5,random,0.02,5,10,20.0495,1
61,2611923443488393488,5,5,random,0.02,5,7,20.062459,1
62,2611923443488393489,5,5,random,0.02,4,7,20.057167,1
63,2611923443488393490,5,5,random,0.02,4,9,20.073584,1
64,2611923443488393491,5,5,random,0.02,5,8,20.064375,1
65,2611923443488393492,5,5,random,0.02,3,7,20.065083,1
66,2611923443488393493,5,5,random,0.02,5,7,20.071,1
67,2611923443488393494,5,5,random,0.02,4,8,20.05475,1
68,2611923443488393495,5,5,random,0.02,3,7,20.056834,1
69,2611923443488393496,5,5,random,0.02,4,9,20.053083,1
70,2611923443488393497,5,5,random,0.02,3,9,20.050125,1
71,2611923443488393498,5,5,random,0.02,4,8,20.062125,1
72,2611923443488393499,5,5,random,0.02,3,7,20.056334,1
73,2611923443488393500,5,5,random,0.02,4,5,20.05925,1
74,2611923443488393501,5,5,random,0.02,4,8,20.053,1
75,2611923443488393502,5,5,random,0.02,5,6,20.063167,1
76,2611923443488393503,5,5,random,0.02,4,7,20.068125,1
77,2611923443488393504,5,5,random,0.02,3,8,20.066458,1
78,2611923443488393505,5,5,random,0.02,4,8,20.05675,1
79,2611923443488393506,5,5,random,0.02,4,8,20.061834,1
80,2611923443488393507,5,5,random,0.02,3,7,20.053625,1
81,2611923443488393508,5,5,random,0.02,5,10,20.06375,1
82,2611923443488393509,5,5,random,0.02,5,8,20.057042,1
83,2611923443488393510,5,5,random,0.02,3,8,20.054542,1
84,2611923443488393511,5,5,random,0.02,5,6,20.067625,1
85,2611923443488393512,5,5,random,0.02,5,6,20.053333,1
86,2611923443488393513,5,5,random,0.02,4,9,20.0675,1
87,2611923443488393514,5,5,random,0.02,4,6,20.061375,1
88,2611923443488393515,5,5,random,0.02,4,9,20.131208,1
89,2611923443488393516,5,5,random,0.02,4,10,20.063125,1
90,2611923443488393517,5,5,random,0.02,4,9,20.054208,1
91,2611923443488393518,5,5,random,0.02,5,8,20.050542,1
92,2611923443488393519,5,5,random,0.02,4,8,20.063083,1
93,2611923443488393520,5,5,random,0.02,3,7,20.062375,1
94,2611923443488393521,5,5,random,0.02,4,11,20.059292,1
95,2611923443488393522,5,5,random,0.02,4,8,20.068458,1
96,2611923443488393523,5,5,random,0.02,5,6,20.0535,1
97,2611923443488393524,5,5,random,0.02,4,7,20.070166,1
98,2611923443488393525,5,5,random,0.02,3,6,20.062834,1
99,2611923443488393526,5,5,random,0.02,4,6,20.079958,1
100,2611923443488393527,5,5,random,0.02,4,6,20.058291,1
101,2611923443488393528,5,5,random,0.02,4,8,20.060542,1
102,2611923443488393529,5,5,random,0.02,4,7,20.05475,1
103,2611923443488393530,5,5,random,0.02,5,6,20.063375,1
104,2611923443488393531,5,5,random,0.02,4,8,20.062291,1
105,2611923443488393532,5,5,random,0.02,3,7,20.040209,1
106,2611923443488393533,5,5,random,0.02,4,9,20.062125,1
107,2611923443488393534,5,5,random,0.02,4,7,20.052708,1
108,2611923443488393535,5,5,random,0.02,4,7,20.060833,1
109,2611923443488393536,5,5,random,0.02,3,7,20.060292,1
110,2611923443488393537,5,5,random,0.02,4,7,20.061666,1
111,2611923443488393538,5,5,random,0.02,6,6,20.054167,1
112,2611923443488393539,5,5,random,0.02,4,8,20.611042,1
113,2611923443488393540,5,5,random,0.02,5,6,20.070292,1
114,2611923443488393541,5,5,random,0.02,4,6,20.062583,1
115,2611923443488393542,5,5,random,0.02,3,7,20.057459,1
116,2611923443488393543,5,5,random,0.02,4,7,20.087,1
117,2611923443488393544,5,5,random,0.02,4,7,20.069667,1
118,2611923443488393545,5,5,random,0.02,4,8,20.060667,1
119,2611923443488393546,5,5,random,0.02,4,7,20.063958,1
120,2611923443488393547,5,5,random,0.02,4,7,20.057,1
121,2611923443488393548,5,5,random,0.02,5,7,20.054958,1
122,2611923443488393549,5,5,random,0.02,4,7,20.1015,1
123,2611923443488393550,5,5,random,0.02,4,6,20.055167,1
124,2611923443488393551,5,5,random,0.02,3,7,20.065792,1
125,2611923443488393552,5,5,random,0.02,4,9,20.067209,1
126,2611923443488393553,5,5,random,0.02,4,11,20.059459,1
127,2611923443488393554,5,5,random,0.02,4,8,20.061334,1
128,2611923443488393555,5,5,random,0.02,4,12,20.060709,1
129,2611923443488393556,5,5,random,0.02,4,8,20.0545,1
130,2611923443488393557,5,5,random,0.02,2,7,20.06025,1
131,2611923443488393558,5,5,random,0.02,4,7,20.081458,1
132,2611923443488393559,5,5,random,0.02,3,9,20.047625,1
133,2611923443488393560,5,5,random,0.02,4,10,20.057125,1
134,2611923443488393561,5,5,random,0.02,3,9,20.059833,1
135,2611923443488393562,5,5,random,0.02,4,8,20.060875,1
136,2611923443488393563,5,5,random,0.02,2,7,20.074333,1
137,2611923443488393564,5,5,random,0.02,5,9,20.063208,1
138,2611923443488393565,5,5,random,0.02,6,8,20.055542,1
139,2611923443488393566,5,5,random,0.02,5,11,20.058458,1
140,2611923443488393567,5,5,random,0.02,4,6,20.069334,1
141,2611923443488393568,5,5,random,0.02,3,8,20.0565,1
142,2611923443488393569,5,5,random,0.02,4,7,20.065833,1
143,2611923443488393570,5,5,random,0.02,4,7,20.0645,1
144,2611923443488393571,5,5,random,0.02,4,7,20.067333,1
145,2611923443488393572,5,5,random,0.02,3,9,20.067083,1
146,2611923443488393573,5,5,random,0.02,4,7,20.776625,1
147,2611923443488393574,5,5,random,0.02,3,6,20.065208,1
148,2611923443488393575,5,5,random,0.02,4,7,20.067166,1
149,2611923443488393576,5,5,random,0.02,4,6,20.068083,1
150,2611923443488393577,5,5,random,0.02,2,7,20.050167,1
151,2611923443488393578,5,5,random,0.02,4,10,20.069958,1
152,2611923443488393579,5,5,random,0.02,3,6,20.056291,1
153,2611923443488393580,5,5,random,0.02,3,7,20.052291,1
154,2611923443488393581,5,5,random,0.02,3,7,20.062875,1
155,2611923443488393582,5,5,random,0.02,3,7,20.062916,1
156,2611923443488393583,5,5,random,0.02,5,9,20.059167,1
157,2611923443488393584,5,5,random,0.02,5,9,20.0625,1
158,2611923443488393585,5,5,random,0.02,3,7,20.063875,1
159,2611923443488393586,5,5,random,0.02,3,7,20.055167,1
160,2611923443488393587,5,5,random,0.02,4,7,20.078167,1
161,2611923443488393588,5,5,random,0.02,4,10,20.107209,1
162,2611923443488393589,5,5,random,0.02,5,12,20.056541,1
163,2611923443488393590,5,5,random,0.02,3,8,20.046125,1
164,2611923443488393591,5,5,random,0.02,5,8,20.055959,1
165,2611923443488393592,5,5,random,0.02,3,6,20.293,1
166,2611923443488393593,5,5,random,0.02,4,9,20.061416,1
167,2611923443488393594,5,5,random,0.02,4,7,20.056584,1
168,2611923443488393595,5,5,random,0.02,5,10,20.069875,1
169,2611923443488393596,5,5,random,0.02,4,6,20.062791,1
170,2611923443488393597,5,5,random,0.02,3,6,20.058792,1
171,2611923443488393598,5,5,random,0.02,3,10,20.060209,1
172,2611923443488393599,5,5,random,0.02,4,8,20.080542,1
173,2611923443488393600,5,5,random,0.02,5,6,20.060625,1
174,2611923443488393601,5,5,random,0.02,3,7,20.057834,1
175,2611923443488393602,5,5,random,0.02,4,11,20.052125,1
176,2611923443488393603,5,5,random,0.02,3,6,20.055542,1
177,2611923443488393604,5,5,random,0.02,4,6,20.062709,1
178,2611923443488393605,5,5,random,0.02,4,7,20.070542,1
179,2611923443488393606,5,5,random,0.02,4,9,20.057167,1
180,2611923443488393607,5,5,random,0.02,4,6,20.055375,1
181,2611923443488393608,5,5,random,0.02,4,7,20.062208,1
182,2611923443488393609,5,5,random,0.02,4,7,20.057209,1
183,2611923443488393610,5,5,random,0.02,5,7,20.056833,1
184,2611923443488393611,5,5,random,0.02,5,9,20.057625,1
185,2611923443488393612,5,5,random,0.02,5,7,20.066542,1
186,2611923443488393613,5,5,random,0.02,4,9,20.151333,1
187,2611923443488393614,5,5,random,0.02,5,7,20.063375,1
188,2611923443488393615,5,5,random,0.02,3,6,20.0575,1
189,2611923443488393616,5,5,random,0.02,3,8,20.060875,1
190,2611923443488393617,5,5,random,0.02,4,7,20.053541,1
191,2611923443488393618,5,5,random,0.02,3,7,20.0675,1
192,2611923443488393619,5,5,random,0.02,5,6,20.06525,1
193,2611923443488393620,5,5,random,0.02,5,6,20.073291,1
194,2611923443488393621,5,5,random,0.02,4,6,20.065167,1
195,2611923443488393622,5,5,random,0.02,4,8,20.054,1
196,2611923443488393623,5,5,random,0.02,4,9,20.05925,1
197,2611923443488393624,5,5,random,0.02,4,8,20.071334,1
198,2611923443488393625,5,5,random,0.02,5,9,20.062875,1
199,2611923443488393626,5,5,random,0.02,4,8,20.064041,1
200,2611923443488393627,5,5,random,0.02,5,8,20.072583,1
201,2611923443488393628,5,5,random,0.02,4,8,20.064542,1
202,2611923443488393629,5,5,random,0.02,5,7,20.056292,1
203,2611923443488393630,5,5,random,0.02,4,8,20.054417,1
204,2611923443488393631,5,5,random,0.02,5,9,20.057125,1
205,2611923443488393632,5,5,random,0.02,4,8,23.652375,1
206,2611923443488393633,5,5,random,0.02,4,7,20.254292,1
207,2611923443488393634,5,5,random,0.02,3,7,20.08925,1
208,2611923443488393635,5,5,random,0.02,3,7,20.066792,1
209,2611923443488393636,5,5,random,0.02,5,7,20.0645,1
210,2611923443488393637,5,5,random,0.02,5,8,20.083458,1
211,2611923443488393638,5,5,random,0.02,5,9,20.064958,1
212,2611923443488393639,5,5,random,0.02,5,8,20.0695,1
213,2611923443488393640,5,5,random,0.02,4,8,20.051666,1
214,2611923443488393641,5,5,random,0.02,5,8,20.059084,1
215,2611923443488393642,5,5,random,0.02,3,6,20.048042,1
216,2611923443488393643,5,5,random,0.02,4,7,20.064041,1
217,2611923443488393644,5,5,random,0.02,4,8,20.065542,1
218,2611923443488393645,5,5,random,0.02,4,8,20.06425,1
219,2611923443488393646,5,5,random,0.02,4,9,20.05975,1
220,2611923443488393647,5,5,random,0.02,3,7,20.060958,1
221,2611923443488393648,5,5,random,0.02,3,9,20.066791,1
222,2611923443488393649,5,5,random,0.02,4,8,20.056333,1
223,2611923443488393650,5,5,random,0.02,4,7,20.062584,1
224,2611923443488393651,5,5,random,0.02,3,10,20.052167,1
225,2611923443488393652,5,5,random,0.02,4,8,20.056083,1
226,2611923443488393653,5,5,random,0.02,4,5,20.065167,1
227,2611923443488393654,5,5,random,0.02,4,8,20.046375,1
228,2611923443488393655,5,5,random,0.02,5,10,20.065416,1
229,2611923443488393656,5,5,random,0.02,5,8,20.058375,1
230,2611923443488393657,5,5,random,0.02,4,6,20.064,1
231,2611923443488393658,5,5,random,0.02,5,7,20.057667,1
232,2611923443488393659,5,5,random,0.02,4,6,20.066916,1
233,2611923443488393660,5,5,random,0.02,5,6,20.066875,1
234,2611923443488393661,5,5,random,0.02,4,6,20.0495,1
235,2611923443488393662,5,5,random,0.02,3,6,20.055708,1
236,2611923443488393663,5,5,random,0.02,2,9,20.059416,1
237,2611923443488393664,5,5,random,0.02,4,8,20.062833,1
238,2611923443488393665,5,5,random,0.02,2,6,20.0775,1
239,2611923443488393666,5,5,random,0.02,3,8,20.061042,1
240,2611923443488393667,5,5,random,0.02,4,6,20.10175,1
241,2611923443488393668,5,5,random,0.02,5,8,20.062375,1
242,2611923443488393669,5,5,random,0.02,4,6,20.061042,1
243,2611923443488393670,5,5,random,0.02,4,5,20.062292,1
244,2611923443488393671,5,5,random,0.02,3,7,20.05125,1
245,2611923443488393672,5,5,random,0.02,4,8,20.056708,1
246,2611923443488393673,5,5,random,0.02,4,7,20.062583,1
247,2611923443488393674,5,5,random,0.02,4,6,20.061708,1
248,2611923443488393675,5,5,random,0.02,3,8,20.094375,1
249,2611923443488393676,5,5,random,0.02,4,7,20.065042,1
250,2611923443488393677,5,5,random,0.02,5,10,20.057458,1
251,2611923443488393678,5,5,random,0.02,4,6,20.057791,1
252,2611923443488393679,5,5,random,0.02,3,5,20.051084,1
253,2611923443488393680,5,5,random,0.02,5,9,20.059375,1
254,2611923443488393681,5,5,random,0.02,4,9,20.053334,1
255,2611923443488393682,5,5,random,0.02,5,9,20.060417,1
256,2611923443488393683,5,5,random,0.02,4,7,20.053125,1
257,2611923443488393684,5,5,random,0.02,4,7,20.056458,1
258,2611923443488393685,5,5,random,0.02,4,6,20.065042,1
259,2611923443488393686,5,5,random,0.02,4,6,20.080333,1
260,2611923443488393687,5,5,random,0.02,5,8,20.057875,1
261,2611923443488393688,5,5,random,0.02,4,8,20.066667,1
262,2611923443488393689,5,5,random,0.02,3,8,20.082792,1
263,2611923443488393690,5,5,random,0.02,4,8,20.055666,1
264,2611923443488393691,5,5,random,0.02,4,7,20.058583,1
265,2611923443488393692,5,5,random,0.02,4,9,20.059375,1
266,2611923443488393693,5,5,random,0.02,5,7,20.063084,1
267,2611923443488393694,5,5,random,0.02,4,8,20.086875,1
268,2611923443488393695,5,5,random,0.02,5,6,20.07375,1
269,2611923443488393696,5,5,random,0.02,5,10,20.057458,1
270,2611923443488393697,5,5,random,0.02,4,5,20.065,1
271,2611923443488393698,5,5,random,0.02,4,10,20.06475,1
272,2611923443488393699,5,5,random,0.02,3,8,20.055958,1
273,2611923443488393700,5,5,random,0.02,6,7,20.066334,1
274,2611923443488393701,5,5,random,0.02,2,9,20.051209,1
275,2611923443488393702,5,5,random,0.02,4,7,20.061291,1
276,2611923443488393703,5,5,random,0.02,4,10,20.126209,1
277,2611923443488393704,5,5,random,0.02,3,6,20.060916,1
278,2611923443488393705,5,5,random,0.02,4,6,20.064959,1
279,2611923443488393706,5,5,random,0.02,2,6,20.185792,1
280,2611923443488393707,5,5,random,0.02,4,7,20.068167,1
281,2611923443488393708,5,5,random,0.02,5,8,20.447375,1
282,2611923443488393709,5,5,random,0.02,4,7,21.335291,1
283,2611923443488393710,5,5,random,0.02,3,7,20.050458,1
284,2611923443488393711,5,5,random,0.02,3,8,20.057334,1
285,2611923443488393712,5,5,random,0.02,4,7,20.057625,1
286,2611923443488393713,5,5,random,0.02,5,7,20.064125,1
287,2611923443488393714,5,5,random,0.02,4,7,20.056208,1
288,2611923443488393715,5,5,random,0.02,4,6,20.064959,1
289,2611923443488393716,5,5,random,0.02,5,6,20.057125,1
290,2611923443488393717,5,5,random,0.02,5,6,20.059834,1
291,2611923443488393718,5,5,random,0.02,4,7,20.0625,1
292,2611923443488393719,5,5,random,0.02,4,9,20.065542,1
293,2611923443488393720,5,5,random,0.02,5,7,20.059542,1
294,2611923443488393721,5,5,random,0.02,4,10,20.061,1
295,2611923443488393722,5,5,random,0.02,6,6,20.068792,1
296,2611923443488393723,5,5,random,0.02,4,8,20.09475,1
297,2611923443488393724,5,5,random,0.02,5,7,20.063875,1
298,2611923443488393725,5,5,random,0.02,4,6,20.054917,1
299,2611923443488393726,5,5,random,0.02,4,6,20.063291,1
300,2611923443488393727,5,5,random,0.02,4,8,20.060833,1
301,2611923443488393728,5,5,random,0.02,5,8,20.053084,1
302,2611923443488393729,5,5,random,0.02,4,7,20.060833,1
303,2611923443488393730,5,5,random,0.02,4,6,20.06025,1
304,2611923443488393731,5,5,random,0.02,2,9,20.057208,1
305,2611923443488393732,5,5,random,0.02,5,10,20.058625,1
306,2611923443488393733,5,5,random,0.02,4,7,20.063166,1
307,2611923443488393734,5,5,random,0.02,4,8,20.055417,1
308,2611923443488393735,5,5,random,0.02,3,8,20.0425,1
309,2611923443488393736,5,5,random,0.02,4,8,20.066209,1
310,2611923443488393737,5,5,random,0.02,5,9,20.05975,1
311,2611923443488393738,5,5,random,0.02,4,6,20.06375,1
312,2611923443488393739,5,5,random,0.02,4,6,20.062083,1
313,2611923443488393740,5,5,random,0.02,4,7,20.065333,1
314,2611923443488393741,5,5,random,0.02,4,6,20.063958,1
315,2611923443488393742,5,5,random,0.02,4,7,20.055417,1
316,2611923443488393743,5,5,random,0.02,4,8,20.057833,1
317,2611923443488393744,5,5,random,0.02,3,6,20.061125,1
318,2611923443488393745,5,5,random,0.02,4,6,20.068459,1
319,2611923443488393746,5,5,random,0.02,3,9,20.054542,1
320,2611923443488393747,5,5,random,0.02,4,6,20.064792,1
321,2611923443488393748,5,5,random,0.02,3,8,20.060334,1
322,2611923443488393749,5,5,random,0.02,4,9,20.0665,1
323,2611923443488393750,5,5,random,0.02,3,8,20.047292,1
324,2611923443488393751,5,5,random,0.02,4,5,20.040083,1
325,2611923443488393752,5,5,random,0.02,4,6,20.056833,1
326,2611923443488393753,5,5,random,0.02,4,7,20.061667,1
327,2611923443488393754,5,5,random,0.02,4,9,20.057625,1
328,2611923443488393755,5,5,random,0.02,3,10,20.06475,1
329,2611923443488393756,5,5,random,0.02,3,7,20.049667,1
330,2611923443488393757,5,5,random,0.02,5,7,20.052667,1
331,2611923443488393758,5,5,random,0.02,3,8,20.062875,1
332,2611923443488393759,5,5,random,0.02,5,9,20.054334,1
333,2611923443488393760,5,5,random,0.02,3,8,20.048583,1
334,2611923443488393761,5,5,random,0.02,5,8,20.061042,1
335,2611923443488393762,5,5,random,0.02,4,6,20.063167,1
336,2611923443488393763,5,5,random,0.02,5,7,20.061208,1
337,2611923443488393764,5,5,random,0.02,4,10,20.049292,1
338,2611923443488393765,5,5,random,0.02,5,7,20.067583,1
339,2611923443488393766,5,5,random,0.02,3,9,20.054834,1
340,2611923443488393767,5,5,random,0.02,4,8,20.072417,1
341,2611923443488393768,5,5,random,0.02,4,8,20.06125,1
342,2611923443488393769,5,5,random,0.02,4,5,20.058917,1
343,2611923443488393770,5,5,random,0.02,4,7,20.065416,1
344,2611923443488393771,5,5,random,0.02,4,6,20.067292,1
345,2611923443488393772,5,5,random,0.02,3,8,20.056084,1
346,2611923443488393773,5,5,random,0.02,5,7,20.057,1
347,2611923443488393774,5,5,random,0.02,4,8,20.054417,1
348,2611923443488393775,5,5,random,0.02,4,9,20.071292,1
349,2611923443488393776,5,5,random,0.02,4,5,20.064209,1
350,2611923443488393777,5,5,random,0.02,4,6,20.073458,1
351,2611923443488393778,5,5,random,0.02,5,9,20.053542,1
352,2611923443488393779,5,5,random,0.02,4,7,20.053208,1
353,2611923443488393780,5,5,random,0.02,4,7,20.041334,1
354,2611923443488393781,5,5,random,0.02,4,7,20.075458,1
355,2611923443488393782,5,5,random,0.02,4,10,20.067833,1
356,2611923443488393783,5,5,random,0.02,3,7,20.048,1
357,2611923443488393784,5,5,random,0.02,4,7,20.04675,1
358,2611923443488393785,5,5,random,0.02,4,7,20.056875,1
359,2611923443488393786,5,5,random,0.02,4,7,20.055667,1
360,2611923443488393787,5,5,random,0.02,4,6,20.065166,1
361,2611923443488393788,5,5,random,0.02,5,7,20.0525,1
362,2611923443488393789,5,5,random,0.02,5,9,20.05575,1
363,2611923443488393790,5,5,random,0.02,4,9,20.06125,1
364,2611923443488393791,5,5,random,0.02,5,7,20.078416,1
365,2611923443488393792,5,5,random,0.02,4,10,20.079416,1
366,2611923443488393793,5,5,random,0.02,4,9,20.04925,1
367,2611923443488393794,5,5,random,0.02,5,7,20.065792,1
368,2611923443488393795,5,5,random,0.02,5,6,20.060916,1
369,2611923443488393796,5,5,random,0.02,3,8,20.047459,1
370,2611923443488393797,5,5,random,0.02,4,7,20.067041,1
371,2611923443488393798,5,5,random,0.02,5,6,20.064125,1
372,2611923443488393799,5,5,random,0.02,4,7,20.056041,1
373,2611923443488393800,5,5,random,0.02,4,9,20.055875,1
374,2611923443488393801,5,5,random,0.02,3,6,20.055917,1
375,2611923443488393802,5,5,random,0.02,6,9,20.065208,1
376,2611923443488393803,5,5,random,0.02,4,9,20.056834,1
377,2611923443488393804,5,5,random,0.02,3,8,20.051,1
378,2611923443488393805,5,5,random,0.02,4,6,20.06625,1
379,2611923443488393806,5,5,random,0.02,5,9,20.054875,1
380,2611923443488393807,5,5,random,0.02,4,6,20.060791,1
381,2611923443488393808,5,5,random,0.02,4,7,20.061459,1
382,2611923443488393809,5,5,random,0.02,4,11,20.064458,1
383,2611923443488393810,5,5,random,0.02,4,6,20.068708,1
384,2611923443488393811,5,5,random,0.02,5,9,20.062917,1
385,2611923443488393812,5,5,random,0.02,4,6,20.052292,1
386,2611923443488393813,5,5,random,0.02,4,8,20.065917,1
387,2611923443488393814,5,5,random,0.02,4,9,20.056625,1
388,2611923443488393815,5,5,random,0.02,6,7,20.061333,1
389,2611923443488393816,5,5,random,0.02,4,6,20.047792,1
390,2611923443488393817,5,5,random,0.02,5,7,20.065083,1
391,2611923443488393818,5,5,random,0.02,3,9,20.066417,1
392,2611923443488393819,5,5,random,0.02,4,7,20.059667,1
393,2611923443488393820,5,5,random,0.02,3,11,20.052084,1
394,2611923443488393821,5,5,random,0.02,4,7,20.063375,1
395,2611923443488393822,5,5,random,0.02,3,7,20.054833,1
396,2611923443488393823,5,5,random,0.02,4,10,20.076166,1
397,2611923443488393824,5,5,random,0.02,4,7,20.058791,1
398,2611923443488393825,5,5,random,0.02,3,5,20.057583,1
399,2611923443488393826,5,5,random,0.02,5,9,20.062333,1
400,2611923443488393827,5,5,random,0.02,6,8,20.068583,1
401,2611923443488393828,5,5,random,0.02,3,6,20.065125,1
402,2611923443488393829,5,5,random,0.02,3,8,20.058292,1
403,2611923443488393830,5,5,random,0.02,5,6,20.071458,1
404,2611923443488393831,5,5,random,0.02,5,6,20.069375,1
405,2611923443488393832,5,5,random,0.02,4,7,20.057166,1
406,2611923443488393833,5,5,random,0.02,4,8,20.058917,1
407,2611923443488393834,5,5,random,0.02,3,6,20.058333,1
408,2611923443488393835,5,5,random,0.02,5,7,20.051667,1
409,2611923443488393836,5,5,random,0.02,4,7,20.06925,1
410,2611923443488393837,5,5,random,0.02,4,7,20.065583,1
411,2611923443488393838,5,5,random,0.02,5,9,20.058792,1
412,2611923443488393839,5,5,random,0.02,4,9,20.066417,1
413,2611923443488393840,5,5,random,0.02,4,9,20.057291,1
414,2611923443488393841,5,5,random,0.02,4,10,20.06725,1
415,2611923443488393842,5,5,random,0.02,4,8,20.060333,1
416,2611923443488393843,5,5,random,0.02,3,10,20.062208,1
417,2611923443488393844,5,5,random,0.02,5,6,20.064625,1
418,2611923443488393845,5,5,random,0.02,3,7,20.055541,1
419,2611923443488393846,5,5,random,0.02,4,9,20.074084,1
420,2611923443488393847,5,5,random,0.02,4,7,20.055292,1
421,2611923443488393848,5,5,random,0.02,5,7,20.06,1
422,2611923443488393849,5,5,random,0.02,4,9,20.062542,1
423,2611923443488393850,5,5,random,0.02,4,7,20.066125,1
424,2611923443488393851,5,5,random,0.02,2,8,20.059542,1
425,2611923443488393852,5,5,random,0.02,4,6,20.059542,1
426,2611923443488393853,5,5,random,0.02,4,7,20.056083,1
427,2611923443488393854,5,5,random,0.02,3,5,20.04875,1
428,2611923443488393855,5,5,random,0.02,5,10,20.2125,1
429,2611923443488393856,5,5,random,0.02,4,9,20.066917,1
430,2611923443488393857,5,5,random,0.02,4,7,20.051166,1
431,2611923443488393858,5,5,random,0.02,4,8,20.059167,1
432,2611923443488393859,5,5,random,0.02,5,10,20.054042,1
433,2611923443488393860,5,5,random,0.02,5,5,20.049,1
434,2611923443488393861,5,5,random,0.02,5,10,20.058084,1
435,2611923443488393862,5,5,random,0.02,3,8,20.067125,1
436,2611923443488393863,5,5,random,0.02,5,7,20.051417,1
437,2611923443488393864,5,5,random,0.02,3,6,20.054875,1
438,2611923443488393865,5,5,random,0.02,4,7,20.052542,1
439,2611923443488393866,5,5,random,0.02,5,7,20.059375,1
440,2611923443488393867,5,5,random,0.02,4,9,20.056,1
441,2611923443488393868,5,5,random,0.02,3,7,20.058083,1
442,2611923443488393869,5,5,random,0.02,3,9,20.066375,1
443,2611923443488393870,5,5,random,0.02,4,5,20.064375,1
444,2611923443488393871,5,5,random,0.02,4,6,20.057625,1
445,2611923443488393872,5,5,random,0.02,3,6,20.053208,1
446,2611923443488393873,5,5,random,0.02,4,6,20.063916,1
447,2611923443488393874,5,5,random,0.02,5,9,20.060333,1
448,2611923443488393875,5,5,random,0.02,4,7,20.072625,1
449,2611923443488393876,5,5,random,0.02,4,8,20.057042,1
450,2611923443488393877,5,5,random,0.02,4,10,20.065584,1
451,2611923443488393878,5,5,random,0.02,4,9,20.054959,1
452,2611923443488393879,5,5,random,0.02,5,6,20.05975,1
453,2611923443488393880,5,5,random,0.02,5,7,20.184083,1
454,2611923443488393881,5,5,random,0.02,5,11,20.053458,1
455,2611923443488393882,5,5,random,0.02,4,8,20.057917,1
456,2611923443488393883,5,5,random,0.02,4,7,20.065625,1
457,2611923443488393884,5,5,random,0.02,4,9,20.055583,1
458,2611923443488393885,5,5,random,0.02,4,7,20.056125,1
459,2611923443488393886,5,5,random,0.02,5,8,20.062833,1
460,2611923443488393887,5,5,random,0.02,4,7,20.069833,1
461,2611923443488393888,5,5,random,0.02,4,7,20.058917,1
462,2611923443488393889,5,5,random,0.02,4,9,20.0505,1
463,2611923443488393890,5,5,random,0.02,3,11,20.065833,1
464,2611923443488393891,5,5,random,0.02,3,9,20.058958,1
465,2611923443488393892,5,5,random,0.02,5,6,20.064334,1
466,2611923443488393893,5,5,random,0.02,5,9,20.06525,1
467,2611923443488393894,5,5,random,0.02,4,6,20.067042,1
468,2611923443488393895,5,5,random,0.02,4,8,20.069667,1
469,2611923443488393896,5,5,random,0.02,3,6,20.055542,1
470,2611923443488393897,5,5,random,0.02,3,7,20.051292,1
471,2611923443488393898,5,5,random,0.02,4,7,20.050917,1
472,2611923443488393899,5,5,random,0.02,4,6,20.053541,1
473,2611923443488393900,5,5,random,0.02,4,9,20.061417,1
474,2611923443488393901,5,5,random,0.02,4,9,20.05575,1
475,2611923443488393902,5,5,random,0.02,4,6,20.065834,1
476,2611923443488393903,5,5,random,0.02,4,9,20.056375,1
477,2611923443488393904,5,5,random,0.02,4,8,20.055958,1
478,2611923443488393905,5,5,random,0.02,3,7,20.057875,1
479,2611923443488393906,5,5,random,0.02,2,7,20.051584,1
480,2611923443488393907,5,5,random,0.02,3,8,20.057084,1
481,2611923443488393908,5,5,random,0.02,5,7,20.062208,1
482,2611923443488393909,5,5,random,0.02,5,6,20.054667,1
483,2611923443488393910,5,5,random,0.02,4,6,20.056791,1
484,2611923443488393911,5,5,random,0.02,4,7,20.066916,1
485,2611923443488393912,5,5,random,0.02,3,8,20.060416,1
486,2611923443488393913,5,5,random,0.02,4,8,20.062292,1
487,2611923443488393914,5,5,random,0.02,4,5,20.052667,1
488,2611923443488393915,5,5,random,0.02,3,7,20.05825,1
489,2611923443488393916,5,5,random,0.02,4,7,20.060292,1
490,2611923443488393917,5,5,random,0.02,4,7,20.073625,1
491,2611923443488393918,5,5,random,0.02,4,6,20.052208,1
492,2611923443488393919,5,5,random,0.02,4,12,20.072584,1
493,2611923443488393920,5,5,random,0.02,5,7,20.060292,1
494,2611923443488393921,5,5,random,0.02,3,7,20.062041,1
495,2611923443488393922,5,5,random,0.02,4,7,20.067,1
496,2611923443488393923,5,5,random,0.02,5,8,20.066417,1
497,2611923443488393924,5,5,random,0.02,4,12,20.055042,1
498,2611923443488393925,5,5,random,0.02,4,7,20.060375,1
499,2611923443488393926,5,5,random,0.02,3,8,20.059167,1
500,2611923443488393927,5,5,random,0.02,4,9,20.062291,1
501,2611923443488393928,5,5,random,0.02,4,7,20.062834,1
502,2611923443488393929,5,5,random,0.02,4,6,20.052542,1
503,2611923443488393930,5,5,random,0.02,4,6,23.386042,1
504,2611923443488393931,5,5,random,0.02,4,10,20.123166,1
505,2611923443488393932,5,5,random,0.02,5,6,20.39225,1
506,2611923443488393933,5,5,random,0.02,4,8,20.105084,1
507,2611923443488393934,5,5,random,0.02,4,7,20.101958,1
508,2611923443488393935,5,5,random,0.02,4,11,20.054041,1
509,2611923443488393936,5,5,random,0.02,4,8,20.061583,1
510,2611923443488393937,5,5,random,0.02,5,6,20.058708,1
511,2611923443488393938,5,5,random,0.02,4,7,20.062709,1
512,2611923443488393939,5,5,random,0.02,4,9,20.070375,1
513,2611923443488393940,5,5,random,0.02,4,6,20.06675,1
514,2611923443488393941,5,5,random,0.02,4,7,20.055208,1
515,2611923443488393942,5,5,random,0.02,4,10,20.056416,1
516,2611923443488393943,5,5,random,0.02,4,8,20.054,1
517,2611923443488393944,5,5,random,0.02,4,7,20.074541,1
518,2611923443488393945,5,5,random,0.02,5,8,20.058625,1
519,2611923443488393946,5,5,random,0.02,4,8,20.064125,1
520,2611923443488393947,5,5,random,0.02,3,5,20.053833,1
521,2611923443488393948,5,5,random,0.02,3,9,20.05225,1
522,2611923443488393949,5,5,random,0.02,3,8,20.051833,1
523,2611923443488393950,5,5,random,0.02,4,7,20.065541,1
524,2611923443488393951,5,5,random,0.02,4,6,20.068458,1
525,2611923443488393952,5,5,random,0.02,4,7,20.061417,1
526,2611923443488393953,5,5,random,0.02,4,8,20.058083,1
527,2611923443488393954,5,5,random,0.02,5,9,20.061792,1
528,2611923443488393955,5,5,random,0.02,3,7,20.05975,1
529,2611923443488393956,5,5,random,0.02,5,7,20.053875,1
530,2611923443488393957,5,5,random,0.02,5,7,20.057833,1
531,2611923443488393958,5,5,random,0.02,2,7,20.057125,1
532,2611923443488393959,5,5,random,0.02,4,8,20.053083,1
533,2611923443488393960,5,5,random,0.02,3,8,20.060625,1
534,2611923443488393961,5,5,random,0.02,5,5,20.06175,1
535,2611923443488393962,5,5,random,0.02,3,11,20.055417,1
536,2611923443488393963,5,5,random,0.02,2,7,20.062375,1
537,2611923443488393964,5,5,random,0.02,4,8,20.05775,1
538,2611923443488393965,5,5,random,0.02,4,9,20.059458,1
539,2611923443488393966,5,5,random,0.02,4,7,20.050833,1
540,2611923443488393967,5,5,random,0.02,4,7,20.064167,1
541,2611923443488393968,5,5,random,0.02,4,8,20.056459,1
542,2611923443488393969,5,5,random,0.02,3,8,20.057209,1
543,2611923443488393970,5,5,random,0.02,3,8,20.06825,1
544,2611923443488393971,5,5,random,0.02,3,8,20.07225,1
545,2611923443488393972,5,5,random,0.02,3,6,20.064583,1
546,2611923443488393973,5,5,random,0.02,4,7,20.057916,1
547,2611923443488393974,5,5,random,0.02,3,8,20.0625,1
548,2611923443488393975,5,5,random,0.02,5,9,20.070833,1
549,2611923443488393976,5,5,random,0.02,4,7,20.06125,1
550,2611923443488393977,5,5,random,0.02,4,8,20.06225,1
551,2611923443488393978,5,5,random,0.02,4,6,20.058583,1
552,2611923443488393979,5,5,random,0.02,4,8,20.052709,1
553,2611923443488393980,5,5,random,0.02,3,6,20.047584,1
554,2611923443488393981,5,5,random,0.02,4,7,20.058958,1
555,2611923443488393982,5,5,random,0.02,4,9,20.062167,1
556,2611923443488393983,5,5,random,0.02,4,7,20.057417,1
557,2611923443488393984,5,5,random,0.02,4,7,20.058084,1
558,2611923443488393985,5,5,random,0.02,4,10,20.05925,1
559,2611923443488393986,5,5,random,0.02,3,6,20.054375,1
560,2611923443488393987,5,5,random,0.02,5,6,20.060583,1
561,2611923443488393988,5,5,random,0.02,4,7,20.062167,1
562,2611923443488393989,5,5,random,0.02,3,7,20.052875,1
563,2611923443488393990,5,5,random,0.02,5,9,20.050375,1
564,2611923443488393991,5,5,random,0.02,4,7,20.064583,1
565,2611923443488393992,5,5,random,0.02,4,8,20.061167,1
566,2611923443488393993,5,5,random,0.02,4,7,20.058542,1
567,2611923443488393994,5,5,random,0.02,2,6,20.055,1
568,2611923443488393995,5,5,random,0.02,4,6,20.059,1
569,2611923443488393996,5,5,random,0.02,4,7,20.061791,1
570,2611923443488393997,5,5,random,0.02,4,6,20.067417,1
571,2611923443488393998,5,5,random,0.02,3,6,20.049291,1
572,2611923443488393999,5,5,random,0.02,4,9,20.056167,1
573,2611923443488394000,5,5,random,0.02,5,7,20.060042,1
574,2611923443488394001,5,5,random,0.02,4,8,20.050917,1
575,2611923443488394002,5,5,random,0.02,4,7,20.055292,1
576,2611923443488394003,5,5,random,0.02,5,8,20.057458,1
577,2611923443488394004,5,5,random,0.02,4,6,20.065333,1
578,2611923443488394005,5,5,random,0.02,3,9,20.045792,1
579,2611923443488394006,5,5,random,0.02,5,11,20.058542,1
580,2611923443488394007,5,5,random,0.02,5,8,20.049333,1
581,2611923443488394008,5,5,random,0.02,4,8,20.05775,1
582,2611923443488394009,5,5,random,0.02,4,6,20.058583,1
583,2611923443488394010,5,5,random,0.02,4,9,20.057041,1
584,2611923443488394011,5,5,random,0.02,5,8,20.060459,1
585,2611923443488394012,5,5,random,0.02,3,7,20.06175,1
586,2611923443488394013,5,5,random,0.02,5,9,20.062583,1
587,2611923443488394014,5,5,random,0.02,4,8,20.06775,1
588,2611923443488394015,5,5,random,0.02,4,10,20.062208,1
589,2611923443488394016,5,5,random,0.02,5,7,20.061917,1
590,2611923443488394017,5,5,random,0.02,4,8,20.05925,1
591,2611923443488394018,5,5,random,0.02,4,6,20.062833,1
592,2611923443488394019,5,5,random,0.02,4,7,20.063583,1
593,2611923443488394020,5,5,random,0.02,6,7,20.058458,1
594,2611923443488394021,5,5,random,0.02,4,7,20.061291,1
595,2611923443488394022,5,5,random,0.02,3,8,20.062333,1
596,2611923443488394023,5,5,random,0.02,4,6,20.06025,1
597,2611923443488394024,5,5,random,0.02,4,6,20.05675,1
598,2611923443488394025,5,5,random,0.02,4,11,20.069209,1
599,2611923443488394026,5,5,random,0.02,5,11,20.056916,1
600,2611923443488394027,5,5,random,0.02,4,11,20.071833,1
601,2611923443488394028,5,5,random,0.02,4,6,20.060875,1
602,2611923443488394029,5,5,random,0.02,5,6,20.074916,1
603,2611923443488394030,5,5,random,0.02,4,10,20.056834,1
604,2611923443488394031,5,5,random,0.02,4,8,20.066625,1
605,2611923443488394032,5,5,random,0.02,3,10,20.056791,1
606,2611923443488394033,5,5,random,0.02,5,8,20.055875,1
607,2611923443488394034,5,5,random,0.02,5,8,20.070042,1
608,2611923443488394035,5,5,random,0.02,4,6,20.061917,1
609,2611923443488394036,5,5,random,0.02,4,10,20.079458,1
610,2611923443488394037,5,5,random,0.02,3,7,20.05,1
611,2611923443488394038,5,5,random,0.02,4,6,20.057334,1
612,2611923443488394039,5,5,random,0.02,4,6,20.055,1
613,2611923443488394040,5,5,random,0.02,5,5,20.067042,1
614,2611923443488394041,5,5,random,0.02,3,6,20.053833,1
615,2611923443488394042,5,5,random,0.02,4,8,20.058792,1
616,2611923443488394043,5,5,random,0.02,4,6,20.057334,1
617,2611923443488394044,5,5,random,0.02,3,8,20.057958,1
618,2611923443488394045,5,5,random,0.02,4,8,20.056166,1
619,2611923443488394046,5,5,random,0.02,3,8,20.051042,1
620,2611923443488394047,5,5,random,0.02,4,11,20.065459,1
621,2611923443488394048,5,5,random,0.02,4,8,20.061375,1
622,2611923443488394049,5,5,random,0.02,5,7,20.060458,1
623,2611923443488394050,5,5,random,0.02,4,8,20.065292,1
624,2611923443488394051,5,5,random,0.02,3,5,20.047166,1
625,2611923443488394052,5,5,random,0.02,4,8,20.070042,1
626,2611923443488394053,5,5,random,0.02,3,9,20.04975,1
627,2611923443488394054,5,5,random,0.02,4,10,20.052334,1
628,2611923443488394055,5,5,random,0.02,5,7,20.063458,1
629,2611923443488394056,5,5,random,0.02,4,9,20.050333,1
630,2611923443488394057,5,5,random,0.02,3,7,20.058625,1
631,2611923443488394058,5,5,random,0.02,4,6,20.0725,1
632,2611923443488394059,5,5,random,0.02,4,7,20.059542,1
633,2611923443488394060,5,5,random,0.02,4,9,20.058458,1
634,2611923443488394061,5,5,random,0.02,4,7,20.061333,1
635,2611923443488394062,5,5,random,0.02,5,10,20.0595,1
636,2611923443488394063,5,5,random,0.02,4,7,20.058917,1
637,2611923443488394064,5,5,random,0.02,5,7,20.05925,1
638,2611923443488394065,5,5,random,0.02,4,10,20.0575,1
639,2611923443488394066,5,5,random,0.02,4,6,20.063333,1
640,2611923443488394067,5,5,random,0.02,5,7,20.064916,1
641,2611923443488394068,5,5,random,0.02,4,7,20.059958,1
642,2611923443488394069,5,5,random,0.02,4,6,20.067208,1
643,2611923443488394070,5,5,random,0.02,4,6,20.0585,1
644,2611923443488394071,5,5,random,0.02,5,9,20.058791,1
645,2611923443488394072,5,5,random,0.02,4,8,20.055459,1
646,2611923443488394073,5,5,random,0.02,4,6,20.073458,1
647,2611923443488394074,5,5,random,0.02,3,8,20.046792,1
648,2611923443488394075,5,5,random,0.02,4,6,20.054583,1
649,2611923443488394076,5,5,random,0.02,4,7,20.06125,1
650,2611923443488394077,5,5,random,0.02,3,7,20.0575,1
651,2611923443488394078,5,5,random,0.02,4,6,20.058333,1
652,2611923443488394079,5,5,random,0.02,4,7,20.068291,1
653,2611923443488394080,5,5,random,0.02,4,7,20.064959,1
654,2611923443488394081,5,5,random,0.02,3,7,20.084458,1
655,2611923443488394082,5,5,random,0.02,4,7,20.062042,1
656,2611923443488394083,5,5,random,0.02,4,8,20.054167,1
657,2611923443488394084,5,5,random,0.02,4,9,20.057042,1
658,2611923443488394085,5,5,random,0.02,5,8,20.057666,1
659,2611923443488394086,5,5,random,0.02,4,7,20.058333,1
660,2611923443488394087,5,5,random,0.02,3,8,20.048625,1
661,2611923443488394088,5,5,random,0.02,4,6,20.062959,1
662,2611923443488394089,5,5,random,0.02,4,8,20.064,1
663,2611923443488394090,5,5,random,0.02,2,8,20.044791,1
664,2611923443488394091,5,5,random,0.02,4,7,20.056583,1
665,2611923443488394092,5,5,random,0.02,4,9,20.065708,1
666,2611923443488394093,5,5,random,0.02,5,8,20.064875,1
667,2611923443488394094,5,5,random,0.02,3,6,20.063458,1
668,2611923443488394095,5,5,random,0.02,3,10,20.066875,1
669,2611923443488394096,5,5,random,0.02,4,6,20.051958,1
670,2611923443488394097,5,5,random,0.02,4,8,20.061916,1
671,2611923443488394098,5,5,random,0.02,5,6,20.07125,1
672,2611923443488394099,5,5,random,0.02,5,9,20.065708,1
673,2611923443488394100,5,5,random,0.02,3,11,20.051541,1
674,2611923443488394101,5,5,random,0.02,4,7,20.063458,1
675,2611923443488394102,5,5,random,0.02,4,7,20.053541,1
676,2611923443488394103,5,5,random,0.02,4,6,20.062333,1
677,2611923443488394104,5,5,random,0.02,5,8,20.071709,1
678,2611923443488394105,5,5,random,0.02,4,7,20.051959,1
679,2611923443488394106,5,5,random,0.02,4,8,20.054791,1
680,2611923443488394107,5,5,random,0.02,3,6,20.059792,1
681,2611923443488394108,5,5,random,0.02,4,10,20.067333,1
682,2611923443488394109,5,5,random,0.02,3,9,20.05725,1
683,2611923443488394110,5,5,random,0.02,5,7,20.069625,1
684,2611923443488394111,5,5,random,0.02,3,7,20.057792,1
685,2611923443488394112,5,5,random,0.02,4,9,20.066292,1
686,2611923443488394113,5,5,random,0.02,4,7,20.077417,1
687,2611923443488394114,5,5,random,0.02,5,9,20.058875,1
688,2611923443488394115,5,5,random,0.02,4,7,20.053666,1
689,2611923443488394116,5,5,random,0.02,3,8,20.060584,1
690,2611923443488394117,5,5,random,0.02,3,6,21.282583,1
691,2611923443488394118,5,5,random,0.02,4,10,20.076583,1
692,2611923443488394119,5,5,random,0.02,4,8,20.065459,1
693,2611923443488394120,5,5,random,0.02,4,8,20.656041,1
694,2611923443488394121,5,5,random,0.02,3,8,20.111083,1
695,2611923443488394122,5,5,random,0.02,3,5,20.047833,1
696,2611923443488394123,5,5,random,0.02,5,7,20.085209,1
697,2611923443488394124,5,5,random,0.02,3,8,20.051166,1
698,2611923443488394125,5,5,random,0.02,4,9,20.056667,1
699,2611923443488394126,5,5,random,0.02,4,6,20.062041,1
700,2611923443488394127,5,5,random,0.02,3,8,20.067292,1
701,2611923443488394128,5,5,random,0.02,4,6,20.058792,1
702,2611923443488394129,5,5,random,0.02,4,7,20.064792,1
703,2611923443488394130,5,5,random,0.02,5,10,20.055458,1
704,2611923443488394131,5,5,random,0.02,4,7,20.081917,1
705,2611923443488394132,5,5,random,0.02,4,8,20.078166,1
706,2611923443488394133,5,5,random,0.02,4,9,20.066125,1
707,2611923443488394134,5,5,random,0.02,4,7,20.069542,1
708,2611923443488394135,5,5,random,0.02,4,5,20.07,1
709,2611923443488394136,5,5,random,0.02,4,10,20.054416,1
710,2611923443488394137,5,5,random,0.02,5,8,20.069792,1
711,2611923443488394138,5,5,random,0.02,3,6,20.045583,1
712,2611923443488394139,5,5,random,0.02,5,5,20.062333,1
713,2611923443488394140,5,5,random,0.02,4,10,20.061125,1
714,2611923443488394141,5,5,random,0.02,4,9,20.0515,1
715,2611923443488394142,5,5,random,0.02,4,9,20.064459,1
716,2611923443488394143,5,5,random,0.02,3,5,20.060542,1
717,2611923443488394144,5,5,random,0.02,3,6,20.060583,1
718,2611923443488394145,5,5,random,0.02,4,8,20.058042,1
719,2611923443488394146,5,5,random,0.02,4,8,20.054917,1
720,2611923443488394147,5,5,random,0.02,5,8,20.06825,1
721,2611923443488394148,5,5,random,0.02,5,9,20.060333,1
722,2611923443488394149,5,5,random,0.02,3,6,20.045125,1
723,2611923443488394150,5,5,random,0.02,5,7,20.047125,1
724,2611923443488394151,5,5,random,0.02,3,7,20.059458,1
725,2611923443488394152,5,5,random,0.02,3,8,20.060542,1
726,2611923443488394153,5,5,random,0.02,4,6,20.062792,1
727,2611923443488394154,5,5,random,0.02,4,10,20.067625,1
728,2611923443488394155,5,5,random,0.02,4,7,20.055375,1
729,2611923443488394156,5,5,random,0.02,4,8,20.069917,1
730,2611923443488394157,5,5,random,0.02,4,8,20.067833,1
731,2611923443488394158,5,5,random,0.02,5,9,20.202041,1
732,2611923443488394159,5,5,random,0.02,4,7,20.095792,1
733,2611923443488394160,5,5,random,0.02,4,6,20.108375,1
734,2611923443488394161,5,5,random,0.02,4,5,20.091166,1
735,2611923443488394162,5,5,random,0.02,4,7,20.058375,1
736,2611923443488394163,5,5,random,0.02,3,6,20.055792,1
737,2611923443488394164,5,5,random,0.02,6,6,20.062708,1
738,2611923443488394165,5,5,random,0.02,4,9,20.057084,1
739,2611923443488394166,5,5,random,0.02,4,8,20.0595,1
740,2611923443488394167,5,5,random,0.02,4,11,20.066125,1
741,2611923443488394168,5,5,random,0.02,4,8,20.055333,1
742,2611923443488394169,5,5,random,0.02,3,7,20.061375,1
743,2611923443488394170,5,5,random,0.02,4,6,20.063417,1
744,2611923443488394171,5,5,random,0.02,6,9,20.100416,1
745,2611923443488394172,5,5,random,0.02,4,8,20.049417,1
746,2611923443488394173,5,5,random,0.02,4,6,20.069,1
747,2611923443488394174,5,5,random,0.02,4,9,20.058875,1
748,2611923443488394175,5,5,random,0.02,4,8,20.060833,1
749,2611923443488394176,5,5,random,0.02,3,11,20.053667,1
750,2611923443488394177,5,5,random,0.02,4,7,20.072,1
751,2611923443488394178,5,5,random,0.02,4,7,20.064291,1
752,2611923443488394179,5,5,random,0.02,4,7,20.063583,1
753,2611923443488394180,5,5,random,0.02,4,8,20.057041,1
754,2611923443488394181,5,5,random,0.02,5,7,20.092042,1
755,2611923443488394182,5,5,random,0.02,4,7,20.0565,1
756,2611923443488394183,5,5,random,0.02,4,8,20.061208,1
757,2611923443488394184,5,5,random,0.02,4,7,20.059167,1
758,2611923443488394185,5,5,random,0.02,5,8,20.061041,1
759,2611923443488394186,5,5,random,0.02,4,6,20.071917,1
760,2611923443488394187,5,5,random,0.02,4,6,20.057834,1
761,2611923443488394188,5,5,random,0.02,5,9,20.06525,1
762,2611923443488394189,5,5,random,0.02,4,10,20.056583,1
763,2611923443488394190,5,5,random,0.02,4,7,20.060292,1
764,2611923443488394191,5,5,random,0.02,4,9,20.063541,1
765,2611923443488394192,5,5,random,0.02,4,6,20.056791,1
766,2611923443488394193,5,5,random,0.02,5,8,20.060083,1
767,2611923443488394194,5,5,random,0.02,4,8,20.051625,1
768,2611923443488394195,5,5,random,0.02,5,10,20.06075,1
769,2611923443488394196,5,5,random,0.02,5,6,20.054875,1
770,2611923443488394197,5,5,random,0.02,4,8,20.060875,1
771,2611923443488394198,5,5,random,0.02,4,6,20.054208,1
772,2611923443488394199,5,5,random,0.02,4,10,20.058459,1
773,2611923443488394200,5,5,random,0.02,4,8,20.057584,1
774,2611923443488394201,5,5,random,0.02,4,10,20.061959,1
775,2611923443488394202,5,5,random,0.02,4,8,20.06075,1
776,2611923443488394203,5,5,random,0.02,3,6,20.063334,1
777,2611923443488394204,5,5,random,0.02,4,7,20.06425,1
778,2611923443488394205,5,5,random,0.02,4,8,20.0505,1
779,2611923443488394206,5,5,random,0.02,6,7,20.064458,1
780,2611923443488394207,5,5,random,0.02,4,8,20.060875,1
781,2611923443488394208,5,5,random,0.02,4,6,20.056792,1
782,2611923443488394209,5,5,random,0.02,5,7,20.064959,1
783,2611923443488394210,5,5,random,0.02,4,6,20.071708,1
784,2611923443488394211,5,5,random,0.02,4,11,20.055167,1
785,2611923443488394212,5,5,random,0.02,4,8,20.061167,1
786,2611923443488394213,5,5,random,0.02,4,9,20.05475,1
787,2611923443488394214,5,5,random,0.02,3,7,20.064459,1
788,2611923443488394215,5,5,random,0.02,2,6,20.089583,1
789,2611923443488394216,5,5,random,0.02,5,9,20.128667,1
790,2611923443488394217,5,5,random,0.02,4,6,20.068958,1
791,2611923443488394218,5,5,random,0.02,4,9,20.053083,1
792,2611923443488394219,5,5,random,0.02,4,9,20.068917,1
793,2611923443488394220,5,5,random,0.02,4,8,20.061458,1
794,2611923443488394221,5,5,random,0.02,3,7,20.05525,1
795,2611923443488394222,5,5,random,0.02,3,8,20.0645,1
796,2611923443488394223,5,5,random,0.02,4,7,20.05925,1
797,2611923443488394224,5,5,random,0.02,4,8,20.053584,1
798,2611923443488394225,5,5,random,0.02,4,6,20.058208,1
799,2611923443488394226,5,5,random,0.02,4,6,20.062792,1
800,2611923443488394227,5,5,random,0.02,5,6,20.062583,1
801,2611923443488394228,5,5,random,0.02,4,7,20.063542,1
802,2611923443488394229,5,5,random,0.02,3,8,20.057375,1
803,2611923443488394230,5,5,random,0.02,4,7,20.063125,1
804,2611923443488394231,5,5,random,0.02,5,8,20.053208,1
805,2611923443488394232,5,5,random,0.02,4,7,20.062458,1
806,2611923443488394233,5,5,random,0.02,3,8,20.05975,1
807,2611923443488394234,5,5,random,0.02,4,7,20.056209,1
808,2611923443488394235,5,5,random,0.02,4,7,20.057584,1
809,2611923443488394236,5,5,random,0.02,3,6,20.058417,1
810,2611923443488394237,5,5,random,0.02,4,8,20.056084,1
811,2611923443488394238,5,5,random,0.02,5,9,20.055542,1
812,2611923443488394239,5,5,random,0.02,4,9,20.06125,1
813,2611923443488394240,5,5,random,0.02,4,7,20.072834,1
814,2611923443488394241,5,5,random,0.02,4,6,20.060958,1
815,2611923443488394242,5,5,random,0.02,5,12,20.058459,1
816,2611923443488394243,5,5,random,0.02,3,7,20.05775,1
817,2611923443488394244,5,5,random,0.02,3,6,20.062834,1
818,2611923443488394245,5,5,random,0.02,3,9,20.052708,1
819,2611923443488394246,5,5,random,0.02,3,6,20.054834,1
820,2611923443488394247,5,5,random,0.02,4,7,20.056333,1
821,2611923443488394248,5,5,random,0.02,3,7,20.058792,1
822,2611923443488394249,5,5,random,0.02,5,7,20.061291,1
823,2611923443488394250,5,5,random,0.02,5,12,20.060541,1
824,2611923443488394251,5,5,random,0.02,4,7,20.062,1
825,2611923443488394252,5,5,random,0.02,5,7,20.068416,1
826,2611923443488394253,5,5,random,0.02,4,7,20.061584,1
827,2611923443488394254,5,5,random,0.02,5,5,20.067833,1
828,2611923443488394255,5,5,random,0.02,4,6,20.06325,1
829,2611923443488394256,5,5,random,0.02,4,6,20.067042,1
830,2611923443488394257,5,5,random,0.02,5,7,20.072791,1
831,2611923443488394258,5,5,random,0.02,5,6,20.065917,1
832,2611923443488394259,5,5,random,0.02,5,6,20.069416,1
833,2611923443488394260,5,5,random,0.02,3,7,20.057209,1
834,2611923443488394261,5,5,random,0.02,4,10,20.0595,1
835,2611923443488394262,5,5,random,0.02,4,11,20.060959,1
836,2611923443488394263,5,5,random,0.02,4,7,20.068917,1
837,2611923443488394264,5,5,random,0.02,4,5,20.05275,1
838,2611923443488394265,5,5,random,0.02,4,7,20.066709,1
839,2611923443488394266,5,5,random,0.02,4,8,20.044917,1
840,2611923443488394267,5,5,random,0.02,4,10,20.065625,1
841,2611923443488394268,5,5,random,0.02,4,6,20.052666,1
842,2611923443488394269,5,5,random,0.02,6,8,20.06475,1
843,2611923443488394270,5,5,random,0.02,4,7,20.053667,1
844,2611923443488394271,5,5,random,0.02,3,8,20.052542,1
845,2611923443488394272,5,5,random,0.02,5,7,20.067208,1
846,2611923443488394273,5,5,random,0.02,5,8,20.066583,1
847,2611923443488394274,5,5,random,0.02,3,7,20.057834,1
848,2611923443488394275,5,5,random,0.02,3,6,20.048292,1
849,2611923443488394276,5,5,random,0.02,6,7,20.049791,1
850,2611923443488394277,5,5,random,0.02,4,10,20.065042,1
851,2611923443488394278,5,5,random,0.02,4,7,20.060958,1
852,2611923443488394279,5,5,random,0.02,4,9,20.069625,1
853,2611923443488394280,5,5,random,0.02,5,8,20.064583,1
854,2611923443488394281,5,5,random,0.02,4,11,20.067917,1
855,2611923443488394282,5,5,random,0.02,4,10,20.055584,1
856,2611923443488394283,5,5,random,0.02,4,8,20.056833,1
857,2611923443488394284,5,5,random,0.02,3,9,20.066375,1
858,2611923443488394285,5,5,random,0.02,5,8,20.062458,1
859,2611923443488394286,5,5,random,0.02,4,7,20.061,1
860,2611923443488394287,5,5,random,0.02,4,8,20.066917,1
861,2611923443488394288,5,5,random,0.02,4,8,20.067542,1
862,2611923443488394289,5,5,random,0.02,4,7,20.053084,1
863,2611923443488394290,5,5,random,0.02,4,5,20.055458,1
864,2611923443488394291,5,5,random,0.02,5,8,20.053042,1
865,2611923443488394292,5,5,random,0.02,3,9,20.071666,1
866,2611923443488394293,5,5,random,0.02,4,10,20.057708,1
867,2611923443488394294,5,5,random,0.02,4,7,20.065875,1
868,2611923443488394295,5,5,random,0.02,4,7,20.052625,1
869,2611923443488394296,5,5,random,0.02,3,6,20.053417,1
870,2611923443488394297,5,5,random,0.02,3,8,20.068208,1
871,2611923443488394298,5,5,random,0.02,3,7,20.048875,1
872,2611923443488394299,5,5,random,0.02,4,6,20.054,1
873,2611923443488394300,5,5,random,0.02,2,7,20.049667,1
874,2611923443488394301,5,5,random,0.02,4,7,20.067583,1
875,2611923443488394302,5,5,random,0.02,4,8,20.062708,1
876,2611923443488394303,5,5,random,0.02,4,6,20.074375,1
877,2611923443488394304,5,5,random,0.02,4,9,20.051958,1
878,2611923443488394305,5,5,random,0.02,3,10,20.069333,1
879,2611923443488394306,5,5,random,0.02,4,7,20.062042,1
880,2611923443488394307,5,5,random,0.02,4,6,20.054167,1
881,2611923443488394308,5,5,random,0.02,4,6,20.068125,1
882,2611923443488394309,5,5,random,0.02,4,7,20.04275,1
883,2611923443488394310,5,5,random,0.02,5,7,20.058292,1
884,2611923443488394311,5,5,random,0.02,3,7,20.060709,1
885,2611923443488394312,5,5,random,0.02,4,5,20.074167,1
886,2611923443488394313,5,5,random,0.02,4,6,20.05325,1
887,2611923443488394314,5,5,random,0.02,3,8,20.051625,1
888,2611923443488394315,5,5,random,0.02,4,6,20.063042,1
889,2611923443488394316,5,5,random,0.02,3,8,20.0585,1
890,2611923443488394317,5,5,random,0.02,3,6,20.054541,1
891,2611923443488394318,5,5,random,0.02,4,7,20.058708,1
892,2611923443488394319,5,5,random,0.02,5,7,20.0695,1
893,2611923443488394320,5,5,random,0.02,4,6,20.058042,1
894,2611923443488394321,5,5,random,0.02,3,6,20.056042,1
895,2611923443488394322,5,5,random,0.02,3,7,20.060917,1
896,2611923443488394323,5,5,random,0.02,5,7,20.056916,1
897,2611923443488394324,5,5,random,0.02,5,7,20.06275,1
898,2611923443488394325,5,5,random,0.02,4,4,20.06275,1
899,2611923443488394326,5,5,random,0.02,4,9,20.056959,1
900,2611923443488394327,5,5,random,0.02,5,8,20.052792,1
901,2611923443488394328,5,5,random,0.02,4,8,20.062333,1
902,2611923443488394329,5,5,random,0.02,4,6,20.056708,1
903,2611923443488394330,5,5,random,0.02,5,9,20.063416,1
904,2611923443488394331,5,5,random,0.02,4,7,20.06325,1
905,2611923443488394332,5,5,random,0.02,4,8,20.06425,1
906,2611923443488394333,5,5,random,0.02,5,7,20.062792,1
907,2611923443488394334,5,5,random,0.02,4,10,20.063958,1
908,2611923443488394335,5,5,random,0.02,4,6,20.053625,1
909,2611923443488394336,5,5,random,0.02,4,8,20.059584,1
910,2611923443488394337,5,5,random,0.02,4,7,20.066791,1
911,2611923443488394338,5,5,random,0.02,4,9,20.064291,1
912,2611923443488394339,5,5,random,0.02,4,8,20.065416,1
913,2611923443488394340,5,5,random,0.02,2,8,20.056625,1
914,2611923443488394341,5,5,random,0.02,4,8,20.056875,1
915,2611923443488394342,5,5,random,0.02,5,9,20.050041,1
916,2611923443488394343,5,5,random,0.02,3,7,20.072,1
917,2611923443488394344,5,5,random,0.02,4,8,20.069291,1
918,2611923443488394345,5,5,random,0.02,4,8,20.158292,1
919,2611923443488394346,5,5,random,0.02,4,7,20.072708,1
920,2611923443488394347,5,5,random,0.02,5,8,20.062625,1
921,2611923443488394348,5,5,random,0.02,3,7,20.068875,1
922,2611923443488394349,5,5,random,0.02,4,7,20.060625,1
923,2611923443488394350,5,5,random,0.02,4,8,20.053416,1
924,2611923443488394351,5,5,random,0.02,5,7,22.231958,1
925,2611923443488394352,5,5,random,0.02,5,8,23.733291,1
926,2611923443488394353,5,5,random,0.02,4,9,20.062791,1
927,2611923443488394354,5,5,random,0.02,4,8,20.056833,1
928,2611923443488394355,5,5,random,0.02,5,10,20.064333,1
929,2611923443488394356,5,5,random,0.02,4,7,20.057167,1
930,2611923443488394357,5,5,random,0.02,4,7,20.061334,1
931,2611923443488394358,5,5,random,0.02,5,10,20.060708,1
932,2611923443488394359,5,5,random,0.02,3,6,20.056375,1
933,2611923443488394360,5,5,random,0.02,4,7,20.066458,1
934,2611923443488394361,5,5,random,0.02,4,8,20.059791,1
935,2611923443488394362,5,5,random,0.02,4,9,20.056583,1
936,2611923443488394363,5,5,random,0.02,4,8,20.06325,1
937,2611923443488394364,5,5,random,0.02,3,4,20.061458,1
938,2611923443488394365,5,5,random,0.02,5,7,20.062916,1
939,2611923443488394366,5,5,random,0.02,4,6,20.057417,1
940,2611923443488394367,5,5,random,0.02,4,7,20.063125,1
941,2611923443488394368,5,5,random,0.02,4,6,20.062583,1
942,2611923443488394369,5,5,random,0.02,5,9,20.063208,1
943,2611923443488394370,5,5,random,0.02,3,9,20.087834,1
944,2611923443488394371,5,5,random,0.02,5,7,20.052041,1
945,2611923443488394372,5,5,random,0.02,4,9,20.05975,1
946,2611923443488394373,5,5,random,0.02,4,6,20.062416,1
947,2611923443488394374,5,5,random,0.02,4,6,20.044208,1
948,2611923443488394375,5,5,random,0.02,4,5,20.062375,1
949,2611923443488394376,5,5,random,0.02,4,7,20.055,1
950,2611923443488394377,5,5,random,0.02,4,6,20.064333,1
951,2611923443488394378,5,5,random,0.02,4,7,20.063125,1
952,2611923443488394379,5,5,random,0.02,3,6,20.054667,1
953,2611923443488394380,5,5,random,0.02,4,6,20.048917,1
954,2611923443488394381,5,5,random,0.02,5,6,20.051375,1
955,2611923443488394382,5,5,random,0.02,4,9,20.056042,1
956,2611923443488394383,5,5,random,0.02,4,8,20.056208,1
957,2611923443488394384,5,5,random,0.02,4,9,20.060834,1
958,2611923443488394385,5,5,random,0.02,4,5,20.097917,1
959,2611923443488394386,5,5,random,0.02,4,6,20.063209,1
960,2611923443488394387,5,5,random,0.02,4,6,20.051583,1
961,2611923443488394388,5,5,random,0.02,5,7,20.06425,1
962,2611923443488394389,5,5,random,0.02,5,8,20.058041,1
963,2611923443488394390,5,5,random,0.02,3,6,20.070625,1
964,2611923443488394391,5,5,random,0.02,4,8,20.05675,1
965,2611923443488394392,5,5,random,0.02,4,12,20.061334,1
966,2611923443488394393,5,5,random,0.02,5,9,20.056333,1
967,2611923443488394394,5,5,random,0.02,4,9,20.067916,1
968,2611923443488394395,5,5,random,0.02,5,9,20.058458,1
969,2611923443488394396,5,5,random,0.02,4,5,20.060459,1
970,2611923443488394397,5,5,random,0.02,4,8,20.045542,1
971,2611923443488394398,5,5,random,0.02,4,7,20.067792,1
972,2611923443488394399,5,5,random,0.02,4,7,20.057459,1
973,2611923443488394400,5,5,random,0.02,5,9,20.064583,1
974,2611923443488394401,5,5,random,0.02,4,9,20.053625,1
975,2611923443488394402,5,5,random,0.02,4,10,20.059125,1
976,2611923443488394403,5,5,random,0.02,4,8,20.060375,1
977,2611923443488394404,5,5,random,0.02,5,8,20.051791,1
978,2611923443488394405,5,5,random,0.02,3,6,20.056916,1
979,2611923443488394406,5,5,random,0.02,4,7,20.057,1
980,2611923443488394407,5,5,random,0.02,5,8,20.060042,1
981,2611923443488394408,5,5,random,0.02,4,9,20.052708,1
982,2611923443488394409,5,5,random,0.02,4,9,20.076416,1
983,2611923443488394410,5,5,random,0.02,5,11,20.079458,1
984,2611923443488394411,5,5,random,0.02,4,6,20.055458,1
985,2611923443488394412,5,5,random,0.02,4,9,20.061833,1
986,2611923443488394413,5,5,random,0.02,4,7,20.085458,1
987,2611923443488394414,5,5,random,0.02,5,9,20.075459,1
988,2611923443488394415,5,5,random,0.02,4,7,20.063083,1
989,2611923443488394416,5,5,random,0.02,4,6,20.057875,1
990,2611923443488394417,5,5,random,0.02,4,7,20.062417,1
991,2611923443488394418,5,5,random,0.02,4,5,20.0635,1
992,2611923443488394419,5,5,random,0.02,4,9,20.05475,1
993,2611923443488394420,5,5,random,0.02,4,8,20.060334,1
994,2611923443488394421,5,5,random,0.02,3,6,20.053208,1
995,2611923443488394422,5,5,random,0.02,4,9,20.053292,1
996,2611923443488394423,5,5,random,0.02,3,7,20.055625,1
997,2611923443488394424,5,5,random,0.02,2,7,20.065875,1
998,2611923443488394425,5,5,random,0.02,5,8,20.058959,1
999,2611923443488394426,5,5,random,0.02,5,6,20.065375,1
1000,2611923443488458963,8,8,random,0.02,13,14,20.296083,1
1001,2611923443488458964,8,8,random,0.02,13,16,20.258083,1
1002,2611923443488458965,8,8,random,0.02,15,14,20.291792,1
1003,2611923443488458966,8,8,random,0.02,12,18,20.262208,1
1004,2611923443488458967,8,8,random,0.02,12,16,20.264459,1
1005,2611923443488458968,8,8,random,0.02,12,11,20.311625,1
1006,2611923443488458969,8,8,random,0.02,14,15,20.275667,1
1007,2611923443488458970,8,8,random,0.02,12,13,20.271708,1
1008,2611923443488458971,8,8,random,0.02,13,15,20.400708,1
1009,2611923443488458972,8,8,random,0.02,14,14,20.262458,1
1010,2611923443488458973,8,8,random,0.02,12,9,20.285042,1
1011,2611923443488458974,8,8,random,0.02,14,14,20.273875,1
1012,2611923443488458975,8,8,random,0.02,13,13,20.296417,1
1013,2611923443488458976,8,8,random,0.02,13,14,20.255042,1
1014,2611923443488458977,8,8,random,0.02,12,13,20.269958,1
1015,2611923443488458978,8,8,random,0.02,11,14,20.286084,1
1016,2611923443488458979,8,8,random,0.02,12,10,20.271334,1
1017,2611923443488458980,8,8,random,0.02,11,14,20.294667,1
1018,2611923443488458981,8,8,random,0.02,11,14,20.280958,1
1019,2611923443488458982,8,8,random,0.02,12,12,20.249833,1
1020,2611923443488458983,8,8,random,0.02,15,17,20.2445,1
1021,2611923443488458984,8,8,random,0.02,13,12,20.296833,1
1022,2611923443488458985,8,8,random,0.02,13,11,20.289667,1
1023,2611923443488458986,8,8,random,0.02,11,13,20.26475,1
1024,2611923443488458987,8,8,random,0.02,13,14,20.274167,1
1025,2611923443488458988,8,8,random,0.02,13,16,20.255916,1
1026,2611923443488458989,8,8,random,0.02,13,10,20.306875,1
1027,2611923443488458990,8,8,random,0.02,12,13,20.243875,1
1028,2611923443488458991,8,8,random,0.02,15,10,20.269042,1
1029,2611923443488458992,8,8,random,0.02,13,10,20.323083,1
1030,2611923443488458993,8,8,random,0.02,15,16,20.2715,1
1031,2611923443488458994,8,8,random,0.02,14,13,20.290375,1
1032,2611923443488458995,8,8,random,0.02,13,12,20.274333,1
1033,2611923443488458996,8,8,random,0.02,13,17,20.268333,1
1034,2611923443488458997,8,8,random,0.02,11,14,20.255625,1
1035,2611923443488458998,8,8,random,0.02,14,15,20.260625,1
1036,2611923443488458999,8,8,random,0.02,13,15,20.259333,1
1037,2611923443488459000,8,8,random,0.02,14,13,20.279167,1
1038,2611923443488459001,8,8,random,0.02,9,11,20.267958,1
1039,2611923443488459002,8,8,random,0.02,13,14,20.28875,1
1040,2611923443488459003,8,8,random,0.02,11,12,20.293167,1
1041,2611923443488459004,8,8,random,0.02,13,12,20.3065,1
1042,2611923443488459005,8,8,random,0.02,11,13,20.29225,1
1043,2611923443488459006,8,8,random,0.02,9,13,20.291375,1
1044,2611923443488459007,8,8,random,0.02,13,13,20.2415,1
1045,2611923443488459008,8,8,random,0.02,14,15,20.232125,1
1046,2611923443488459009,8,8,random,0.02,15,16,20.268,1
1047,2611923443488459010,8,8,random,0.02,15,12,20.264041,1
1048,2611923443488459011,8,8,random,0.02,11,11,20.263,1
1049,2611923443488459012,8,8,random,0.02,12,12,20.276084,1
1050,2611923443488459013,8,8,random,0.02,12,12,20.264541,1
1051,2611923443488459014,8,8,random,0.02,12,11,20.293208,1
1052,2611923443488459015,8,8,random,0.02,14,17,20.247458,1
1053,2611923443488459016,8,8,random,0.02,12,11,20.283875,1
1054,2611923443488459017,8,8,random,0.02,14,11,20.266542,1
1055,2611923443488459018,8,8,random,0.02,13,14,20.277167,1
1056,2611923443488459019,8,8,random,0.02,13,12,20.280791,1
1057,2611923443488459020,8,8,random,0.02,13,13,20.3395,1
1058,2611923443488459021,8,8,random,0.02,11,15,20.275708,1
1059,2611923443488459022,8,8,random,0.02,13,13,20.262083,1
1060,2611923443488459023,8,8,random,0.02,10,14,20.269416,1
1061,2611923443488459024,8,8,random,0.02,10,18,20.252458,1
1062,2611923443488459025,8,8,random,0.02,14,13,20.269167,1
1063,2611923443488459026,8,8,random,0.02,13,13,20.267958,1
1064,2611923443488459027,8,8,random,0.02,12,15,20.264792,1
1065,2611923443488459028,8,8,random,0.02,13,12,20.283417,1
1066,2611923443488459029,8,8,random,0.02,9,11,20.256167,1
1067,2611923443488459030,8,8,random,0.02,14,11,20.271083,1
1068,2611923443488459031,8,8,random,0.02,11,12,20.247958,1
1069,2611923443488459032,8,8,random,0.02,12,14,20.326542,1
1070,2611923443488459033,8,8,random,0.02,14,15,20.289041,1
1071,2611923443488459034,8,8,random,0.02,12,12,20.297583,1
1072,2611923443488459035,8,8,random,0.02,15,17,20.288333,1
1073,2611923443488459036,8,8,random,0.02,13,17,20.275125,1
1074,2611923443488459037,8,8,random,0.02,13,13,20.243792,1
1075,2611923443488459038,8,8,random,0.02,11,10,20.330208,1
1076,2611923443488459039,8,8,random,0.02,12,14,20.262583,1
1077,2611923443488459040,8,8,random,0.02,11,13,20.251708,1
1078,2611923443488459041,8,8,random,0.02,15,14,20.248792,1
1079,2611923443488459042,8,8,random,0.02,11,13,20.258167,1
1080,2611923443488459043,8,8,random,0.02,12,11,20.267292,1
1081,2611923443488459044,8,8,random,0.02,11,14,20.25675,1
1082,2611923443488459045,8,8,random,0.02,15,14,20.264417,1
1083,2611923443488459046,8,8,random,0.02,12,16,20.298584,1
1084,2611923443488459047,8,8,random,0.02,13,11,20.276667,1
1085,2611923443488459048,8,8,random,0.02,14,13,20.252708,1
1086,2611923443488459049,8,8,random,0.02,13,11,20.263208,1
1087,2611923443488459050,8,8,random,0.02,15,15,20.257875,1
1088,2611923443488459051,8,8,random,0.02,11,17,20.243666,1
1089,2611923443488459052,8,8,random,0.02,13,11,20.265042,1
1090,2611923443488459053,8,8,random,0.02,11,14,20.257458,1
1091,2611923443488459054,8,8,random,0.02,13,14,20.276459,1
1092,2611923443488459055,8,8,random,0.02,13,20,20.296833,1
1093,2611923443488459056,8,8,random,0.02,13,13,20.2845,1
1094,2611923443488459057,8,8,random,0.02,13,13,20.269625,1
1095,2611923443488459058,8,8,random,0.02,16,14,20.246833,1
1096,2611923443488459059,8,8,random,0.02,10,11,20.277375,1
1097,2611923443488459060,8,8,random,0.02,11,14,20.272167,1
1098,2611923443488459061,8,8,random,0.02,14,14,20.274625,1
1099,2611923443488459062,8,8,random,0.02,14,14,20.302708,1
1100,2611923443488459063,8,8,random,0.02,13,16,20.274958,1
1101,2611923443488459064,8,8,random,0.02,12,12,20.286875,1
1102,2611923443488459065,8,8,random,0.02,14,13,20.266,1
1103,2611923443488459066,8,8,random,0.02,12,10,20.256667,1
1104,2611923443488459067,8,8,random,0.02,13,17,20.272292,1
1105,2611923443488459068,8,8,random,0.02,13,12,20.280667,1
1106,2611923443488459069,8,8,random,0.02,11,12,20.342375,1
1107,2611923443488459070,8,8,random,0.02,14,14,20.285042,1
1108,2611923443488459071,8,8,random,0.02,11,12,20.267166,1
1109,2611923443488459072,8,8,random,0.02,12,19,20.255916,1
1110,2611923443488459073,8,8,random,0.02,12,14,20.254917,1
1111,2611923443488459074,8,8,random,0.02,10,11,20.267708,1
1112,2611923443488459075,8,8,random,0.02,16,13,20.243,1
1113,2611923443488459076,8,8,random,0.02,13,13,20.259625,1
1114,2611923443488459077,8,8,random,0.02,11,13,20.261167,1
1115,2611923443488459078,8,8,random,0.02,15,13,20.2945,1
1116,2611923443488459079,8,8,random,0.02,12,14,20.305667,1
1117,2611923443488459080,8,8,random,0.02,10,12,20.267459,1
1118,2611923443488459081,8,8,random,0.02,13,14,20.290708,1
1119,2611923443488459082,8,8,random,0.02,11,13,20.256083,1
1120,2611923443488459083,8,8,random,0.02,13,12,20.260542,1
1121,2611923443488459084,8,8,random,0.02,12,11,20.278667,1
1122,2611923443488459085,8,8,random,0.02,12,14,20.267042,1
1123,2611923443488459086,8,8,random,0.02,13,14,20.266,1
1124,2611923443488459087,8,8,random,0.02,11,12,20.296125,1
1125,2611923443488459088,8,8,random,0.02,12,15,20.267167,1
1126,2611923443488459089,8,8,random,0.02,12,12,20.253041,1
1127,2611923443488459090,8,8,random,0.02,14,13,20.335042,1
1128,2611923443488459091,8,8,random,0.02,14,15,20.235708,1
1129,2611923443488459092,8,8,random,0.02,13,11,20.279,1
1130,2611923443488459093,8,8,random,0.02,12,13,20.288417,1
1131,2611923443488459094,8,8,random,0.02,13,12,20.286167,1
1132,2611923443488459095,8,8,random,0.02,12,12,20.265459,1
1133,2611923443488459096,8,8,random,0.02,10,12,20.263625,1
1134,2611923443488459097,8,8,random,0.02,14,13,20.261584,1
1135,2611923443488459098,8,8,random,0.02,12,11,20.275666,1
1136,2611923443488459099,8,8,random,0.02,12,12,20.263417,1
1137,2611923443488459100,8,8,random,0.02,15,14,20.249125,1
1138,2611923443488459101,8,8,random,0.02,11,18,20.275583,1
1139,2611923443488459102,8,8,random,0.02,14,18,20.513709,1
1140,2611923443488459103,8,8,random,0.02,12,12,20.2855,1
1141,2611923443488459104,8,8,random,0.02,14,14,20.3325,1
1142,2611923443488459105,8,8,random,0.02,11,11,20.337666,1
1143,2611923443488459106,8,8,random,0.02,15,13,20.314958,1
1144,2611923443488459107,8,8,random,0.02,14,14,20.260834,1
1145,2611923443488459108,8,8,random,0.02,14,18,20.264416,1
1146,2611923443488459109,8,8,random,0.02,13,14,20.267458,1
1147,2611923443488459110,8,8,random,0.02,12,12,20.262542,1
1148,2611923443488459111,8,8,random,0.02,14,13,20.292625,1
1149,2611923443488459112,8,8,random,0.02,11,11,20.277167,1
1150,2611923443488459113,8,8,random,0.02,13,13,20.242666,1
1151,2611923443488459114,8,8,random,0.02,13,15,20.254208,1
1152,2611923443488459115,8,8,random,0.02,13,17,20.237083,1
1153,2611923443488459116,8,8,random,0.02,11,11,20.277792,1
1154,2611923443488459117,8,8,random,0.02,12,12,20.273459,1
1155,2611923443488459118,8,8,random,0.02,12,12,20.259041,1
1156,2611923443488459119,8,8,random,0.02,13,12,20.276792,1
1157,2611923443488459120,8,8,random,0.02,12,16,20.274709,1
1158,2611923443488459121,8,8,random,0.02,13,17,20.2445,1
1159,2611923443488459122,8,8,random,0.02,12,14,20.27625,1
1160,2611923443488459123,8,8,random,0.02,10,11,20.287666,1
1161,2611923443488459124,8,8,random,0.02,12,14,20.272791,1
1162,2611923443488459125,8,8,random,0.02,14,15,20.267792,1
1163,2611923443488459126,8,8,random,0.02,14,11,20.284541,1
1164,2611923443488459127,8,8,random,0.02,9,16,20.256167,1
1165,2611923443488459128,8,8,random,0.02,13,16,20.251333,1
1166,2611923443488459129,8,8,random,0.02,12,17,20.287667,1
1167,2611923443488459130,8,8,random,0.02,14,19,20.292625,1
1168,2611923443488459131,8,8,random,0.02,12,11,20.405334,1
1169,2611923443488459132,8,8,random,0.02,13,16,20.276542,1
1170,2611923443488459133,8,8,random,0.02,13,15,20.265042,1
1171,2611923443488459134,8,8,random,0.02,12,13,20.261333,1
1172,2611923443488459135,8,8,random,0.02,11,13,20.258875,1
1173,2611923443488459136,8,8,random,0.02,15,12,20.302625,1
1174,2611923443488459137,8,8,random,0.02,13,12,20.282083,1
1175,2611923443488459138,8,8,random,0.02,13,15,20.252125,1
1176,2611923443488459139,8,8,random,0.02,14,13,20.261208,1
1177,2611923443488459140,8,8,random,0.02,14,15,20.259833,1
1178,2611923443488459141,8,8,random,0.02,12,13,20.244042,1
1179,2611923443488459142,8,8,random,0.02,14,16,20.243,1
1180,2611923443488459143,8,8,random,0.02,14,14,20.270083,1
1181,2611923443488459144,8,8,random,0.02,12,12,20.3715,1
1182,2611923443488459145,8,8,random,0.02,11,12,20.28225,1
1183,2611923443488459146,8,8,random,0.02,14,14,20.281542,1
1184,2611923443488459147,8,8,random,0.02,13,20,20.301584,1
1185,2611923443488459148,8,8,random,0.02,13,13,20.284042,1
1186,2611923443488459149,8,8,random,0.02,12,15,20.271833,1
1187,2611923443488459150,8,8,random,0.02,14,13,20.286042,1
1188,2611923443488459151,8,8,random,0.02,12,16,20.249541,1
1189,2611923443488459152,8,8,random,0.02,12,13,20.268542,1
1190,2611923443488459153,8,8,random,0.02,12,16,20.261667,1
1191,2611923443488459154,8,8,random,0.02,13,12,20.286334,1
1192,2611923443488459155,8,8,random,0.02,12,14,20.260083,1
1193,2611923443488459156,8,8,random,0.02,15,20,20.265208,1
1194,2611923443488459157,8,8,random,0.02,11,15,20.29125,1
1195,2611923443488459158,8,8,random,0.02,11,14,20.277708,1
1196,2611923443488459159,8,8,random,0.02,12,11,20.29325,1
1197,2611923443488459160,8,8,random,0.02,15,14,20.257875,1
1198,2611923443488459161,8,8,random,0.02,12,16,20.270875,1
1199,2611923443488459162,8,8,random,0.02,14,15,20.263291,1
1200,2611923443488459163,8,8,random,0.02,15,15,20.281834,1
1201,2611923443488459164,8,8,random,0.02,14,13,20.258916,1
1202,2611923443488459165,8,8,random,0.02,13,15,20.250875,1
1203,2611923443488459166,8,8,random,0.02,14,17,20.258042,1
1204,2611923443488459167,8,8,random,0.02,14,15,20.252875,1
1205,2611923443488459168,8,8,random,0.02,12,12,20.263125,1
1206,2611923443488459169,8,8,random,0.02,14,11,20.256041,1
1207,2611923443488459170,8,8,random,0.02,12,11,20.283083,1
1208,2611923443488459171,8,8,random,0.02,11,12,20.258041,1
1209,2611923443488459172,8,8,random,0.02,11,12,20.28325,1
1210,2611923443488459173,8,8,random,0.02,13,14,20.279,1
1211,2611923443488459174,8,8,random,0.02,12,13,20.278708,1
1212,2611923443488459175,8,8,random,0.02,11,14,20.248333,1
1213,2611923443488459176,8,8,random,0.02,13,13,20.245167,1
1214,2611923443488459177,8,8,random,0.02,12,13,20.272959,1
1215,2611923443488459178,8,8,random,0.02,10,11,20.272041,1
1216,2611923443488459179,8,8,random,0.02,9,15,20.352709,1
1217,2611923443488459180,8,8,random,0.02,12,10,20.308333,1
1218,2611923443488459181,8,8,random,0.02,13,15,20.289167,1
1219,2611923443488459182,8,8,random,0.02,12,11,20.283875,1
1220,2611923443488459183,8,8,random,0.02,11,15,20.260625,1
1221,2611923443488459184,8,8,random,0.02,11,11,20.264625,1
1222,2611923443488459185,8,8,random,0.02,12,14,20.277958,1
1223,2611923443488459186,8,8,random,0.02,13,14,20.26625,1
1224,2611923443488459187,8,8,random,0.02,12,12,20.273708,1
1225,2611923443488459188,8,8,random,0.02,14,15,20.266625,1
1226,2611923443488459189,8,8,random,0.02,10,13,20.291416,1
1227,2611923443488459190,8,8,random,0.02,13,12,20.255542,1
1228,2611923443488459191,8,8,random,0.02,12,12,20.278166,1
1229,2611923443488459192,8,8,random,0.02,14,12,20.281458,1
1230,2611923443488459193,8,8,random,0.02,13,13,20.265625,1
1231,2611923443488459194,8,8,random,0.02,14,14,20.248584,1
1232,2611923443488459195,8,8,random,0.02,11,10,20.27925,1
1233,2611923443488459196,8,8,random,0.02,14,18,20.241958,1
1234,2611923443488459197,8,8,random,0.02,11,11,20.249333,1
1235,2611923443488459198,8,8,random,0.02,13,13,20.288208,1
1236,2611923443488459199,8,8,random,0.02,14,13,20.283917,1
1237,2611923443488459200,8,8,random,0.02,10,12,20.269209,1
1238,2611923443488459201,8,8,random,0.02,13,14,20.25675,1
1239,2611923443488459202,8,8,random,0.02,13,13,20.277916,1
1240,2611923443488459203,8,8,random,0.02,14,16,20.492917,1
1241,2611923443488459204,8,8,random,0.02,11,16,20.280542,1
1242,2611923443488459205,8,8,random,0.02,12,18,20.293666,1
1243,2611923443488459206,8,8,random,0.02,14,15,20.303541,1
1244,2611923443488459207,8,8,random,0.02,14,14,20.279042,1
1245,2611923443488459208,8,8,random,0.02,16,19,20.266125,1
1246,2611923443488459209,8,8,random,0.02,14,15,20.275709,1
1247,2611923443488459210,8,8,random,0.02,13,13,20.282666,1
1248,2611923443488459211,8,8,random,0.02,14,15,20.236333,1
1249,2611923443488459212,8,8,random,0.02,12,11,20.286167,1
1250,2611923443488459213,8,8,random,0.02,13,12,20.289208,1
1251,2611923443488459214,8,8,random,0.02,14,12,20.305416,1
1252,2611923443488459215,8,8,random,0.02,12,16,20.278,1
1253,2611923443488459216,8,8,random,0.02,13,13,20.253708,1
1254,2611923443488459217,8,8,random,0.02,13,17,20.281541,1
1255,2611923443488459218,8,8,random,0.02,13,14,20.243709,1
1256,2611923443488459219,8,8,random,0.02,12,15,20.265416,1
1257,2611923443488459220,8,8,random,0.02,14,13,20.270625,1
1258,2611923443488459221,8,8,random,0.02,13,15,20.259708,1
1259,2611923443488459222,8,8,random,0.02,13,14,20.278458,1
1260,2611923443488459223,8,8,random,0.02,11,14,20.276666,1
1261,2611923443488459224,8,8,random,0.02,14,14,20.258792,1
1262,2611923443488459225,8,8,random,0.02,11,13,20.781208,1
1263,2611923443488459226,8,8,random,0.02,11,11,20.333792,1
1264,2611923443488459227,8,8,random,0.02,12,12,20.570459,1
1265,2611923443488459228,8,8,random,0.02,12,13,20.253209,1
1266,2611923443488459229,8,8,random,0.02,15,15,20.295958,1
1267,2611923443488459230,8,8,random,0.02,13,10,20.276375,1
1268,2611923443488459231,8,8,random,0.02,13,13,20.29825,1
1269,2611923443488459232,8,8,random,0.02,15,16,20.260584,1
1270,2611923443488459233,8,8,random,0.02,13,11,20.309167,1
1271,2611923443488459234,8,8,random,0.02,13,16,20.8055,1
1272,2611923443488459235,8,8,random,0.02,10,15,20.288834,1
1273,2611923443488459236,8,8,random,0.02,11,11,20.289541,1
1274,2611923443488459237,8,8,random,0.02,13,13,20.286833,1
1275,2611923443488459238,8,8,random,0.02,14,12,20.284042,1
1276,2611923443488459239,8,8,random,0.02,12,14,20.273084,1
1277,2611923443488459240,8,8,random,0.02,13,12,20.258333,1
1278,2611923443488459241,8,8,random,0.02,12,11,20.278584,1
1279,2611923443488459242,8,8,random,0.02,13,17,20.250917,1
1280,2611923443488459243,8,8,random,0.02,11,13,20.289958,1
1281,2611923443488459244,8,8,random,0.02,11,12,20.271792,1
1282,2611923443488459245,8,8,random,0.02,12,14,20.242166,1
1283,2611923443488459246,8,8,random,0.02,15,16,20.267041,1
1284,2611923443488459247,8,8,random,0.02,13,12,20.270833,1
1285,2611923443488459248,8,8,random,0.02,13,12,20.314042,1
1286,2611923443488459249,8,8,random,0.02,12,13,20.269292,1
1287,2611923443488459250,8,8,random,0.02,13,13,20.273167,1
1288,2611923443488459251,8,8,random,0.02,13,13,20.284458,1
1289,2611923443488459252,8,8,random,0.02,11,14,20.270125,1
1290,2611923443488459253,8,8,random,0.02,12,9,20.632959,1
1291,2611923443488459254,8,8,random,0.02,14,14,20.276,1
1292,2611923443488459255,8,8,random,0.02,11,15,20.268042,1
1293,2611923443488459256,8,8,random,0.02,12,19,20.245417,1
1294,2611923443488459257,8,8,random,0.02,11,11,20.850583,1
1295,2611923443488459258,8,8,random,0.02,14,19,20.244083,1
1296,2611923443488459259,8,8,random,0.02,13,15,20.245709,1
1297,2611923443488459260,8,8,random,0.02,14,14,20.262333,1
1298,2611923443488459261,8,8,random,0.02,15,11,20.258708,1
1299,2611923443488459262,8,8,random,0.02,15,16,20.379542,1
1300,2611923443488459263,8,8,random,0.02,12,10,20.329375,1
1301,2611923443488459264,8,8,random,0.02,12,15,20.266666,1
1302,2611923443488459265,8,8,random,0.02,14,15,20.266208,1
1303,2611923443488459266,8,8,random,0.02,12,12,20.270334,1
1304,2611923443488459267,8,8,random,0.02,10,11,20.289625,1
1305,2611923443488459268,8,8,random,0.02,11,11,20.261,1
1306,2611923443488459269,8,8,random,0.02,13,16,20.258875,1
1307,2611923443488459270,8,8,random,0.02,14,13,20.263834,1
1308,2611923443488459271,8,8,random,0.02,14,15,20.518291,1
1309,2611923443488459272,8,8,random,0.02,13,15,20.306625,1
1310,2611923443488459273,8,8,random,0.02,13,14,20.263917,1
1311,2611923443488459274,8,8,random,0.02,13,11,20.322125,1
1312,2611923443488459275,8,8,random,0.02,11,11,20.271958,1
1313,2611923443488459276,8,8,random,0.02,14,17,20.486833,1
1314,2611923443488459277,8,8,random,0.02,15,17,20.253666,1
1315,2611923443488459278,8,8,random,0.02,14,14,20.258958,1
1316,2611923443488459279,8,8,random,0.02,12,14,20.302167,1
1317,2611923443488459280,8,8,random,0.02,14,13,20.26875,1
1318,2611923443488459281,8,8,random,0.02,13,15,20.271416,1
1319,2611923443488459282,8,8,random,0.02,12,12,25.831958,1
1320,2611923443488459283,8,8,random,0.02,15,15,22.55,1
1321,2611923443488459284,8,8,random,0.02,12,12,20.314459,1
1322,2611923443488459285,8,8,random,0.02,13,12,20.319584,1
1323,2611923443488459286,8,8,random,0.02,13,17,20.267292,1
1324,2611923443488459287,8,8,random,0.02,14,13,20.270292,1
1325,2611923443488459288,8,8,random,0.02,14,14,20.255625,1
1326,2611923443488459289,8,8,random,0.02,15,14,20.2885,1
1327,2611923443488459290,8,8,random,0.02,12,12,20.300042,1
1328,2611923443488459291,8,8,random,0.02,13,12,20.251334,1
1329,2611923443488459292,8,8,random,0.02,12,11,20.397791,1
1330,2611923443488459293,8,8,random,0.02,12,12,20.298666,1
1331,2611923443488459294,8,8,random,0.02,10,10,20.280334,1
1332,2611923443488459295,8,8,random,0.02,12,10,20.266375,1
1333,2611923443488459296,8,8,random,0.02,13,14,20.212041,1
1334,2611923443488459297,8,8,random,0.02,15,13,20.27375,1
1335,2611923443488459298,8,8,random,0.02,15,13,20.271875,1
1336,2611923443488459299,8,8,random,0.02,12,14,20.290958,1
1337,2611923443488459300,8,8,random,0.02,13,9,21.580667,1
1338,2611923443488459301,8,8,random,0.02,13,14,20.291833,1
1339,2611923443488459302,8,8,random,0.02,12,12,20.273542,1
1340,2611923443488459303,8,8,random,0.02,12,13,20.271417,1
1341,2611923443488459304,8,8,random,0.02,12,12,20.276916,1
1342,2611923443488459305,8,8,random,0.02,12,13,20.348708,1
1343,2611923443488459306,8,8,random,0.02,13,17,20.328292,1
1344,2611923443488459307,8,8,random,0.02,14,13,20.271416,1
1345,2611923443488459308,8,8,random,0.02,10,12,20.255875,1
1346,2611923443488459309,8,8,random,0.02,13,18,20.277125,1
1347,2611923443488459310,8,8,random,0.02,13,12,20.292417,1
1348,2611923443488459311,8,8,random,0.02,12,12,20.255958,1
1349,2611923443488459312,8,8,random,0.02,12,13,20.248167,1
1350,2611923443488459313,8,8,random,0.02,12,10,20.252459,1
1351,2611923443488459314,8,8,random,0.02,15,13,20.287625,1
1352,2611923443488459315,8,8,random,0.02,13,17,20.286042,1
1353,2611923443488459316,8,8,random,0.02,13,14,20.269708,1
1354,2611923443488459317,8,8,random,0.02,12,13,20.253083,1
1355,2611923443488459318,8,8,random,0.02,10,11,20.296166,1
1356,2611923443488459319,8,8,random,0.02,14,13,20.51875,1
1357,2611923443488459320,8,8,random,0.02,12,13,20.287541,1
1358,2611923443488459321,8,8,random,0.02,12,13,20.2985,1
1359,2611923443488459322,8,8,random,0.02,13,11,20.275792,1
1360,2611923443488459323,8,8,random,0.02,11,14,20.280875,1
1361,2611923443488459324,8,8,random,0.02,14,14,20.230125,1
1362,2611923443488459325,8,8,random,0.02,13,17,20.24825,1
1363,2611923443488459326,8,8,random,0.02,13,11,20.263375,1
1364,2611923443488459327,8,8,random,0.02,14,12,20.349959,1
1365,2611923443488459328,8,8,random,0.02,13,13,20.282292,1
1366,2611923443488459329,8,8,random,0.02,14,11,20.321458,1
1367,2611923443488459330,8,8,random,0.02,14,15,20.27125,1
1368,2611923443488459331,8,8,random,0.02,14,14,20.282416,1
1369,2611923443488459332,8,8,random,0.02,12,13,20.299958,1
1370,2611923443488459333,8,8,random,0.02,13,15,20.393791,1
1371,2611923443488459334,8,8,random,0.02,12,13,20.270708,1
1372,2611923443488459335,8,8,random,0.02,12,14,20.292791,1
1373,2611923443488459336,8,8,random,0.02,12,16,20.275,1
1374,2611923443488459337,8,8,random,0.02,11,15,20.635209,1
1375,2611923443488459338,8,8,random,0.02,13,12,20.273333,1
1376,2611923443488459339,8,8,random,0.02,13,13,20.293291,1
1377,2611923443488459340,8,8,random,0.02,15,11,20.337959,1
1378,2611923443488459341,8,8,random,0.02,10,12,20.305042,1
1379,2611923443488459342,8,8,random,0.02,12,14,20.283667,1
1380,2611923443488459343,8,8,random,0.02,13,13,20.267334,1
1381,2611923443488459344,8,8,random,0.02,14,16,20.263791,1
1382,2611923443488459345,8,8,random,0.02,14,13,20.234875,1
1383,2611923443488459346,8,8,random,0.02,11,13,20.281167,1
1384,2611923443488459347,8,8,random,0.02,11,12,20.255875,1
1385,2611923443488459348,8,8,random,0.02,13,10,20.270125,1
1386,2611923443488459349,8,8,random,0.02,12,15,20.307958,1
1387,2611923443488459350,8,8,random,0.02,14,13,20.293208,1
1388,2611923443488459351,8,8,random,0.02,11,12,20.28325,1
1389,2611923443488459352,8,8,random,0.02,12,15,20.24125,1
1390,2611923443488459353,8,8,random,0.02,12,10,20.269167,1
1391,2611923443488459354,8,8,random,0.02,12,13,20.255334,1
1392,2611923443488459355,8,8,random,0.02,13,14,20.2655,1
1393,2611923443488459356,8,8,random,0.02,11,12,20.29225,1
1394,2611923443488459357,8,8,random,0.02,13,12,20.27575,1
1395,2611923443488459358,8,8,random,0.02,14,10,20.283542,1
1396,2611923443488459359,8,8,random,0.02,11,9,20.290166,1
1397,2611923443488459360,8,8,random,0.02,10,13,20.277125,1
1398,2611923443488459361,8,8,random,0.02,14,17,20.268334,1
1399,2611923443488459362,8,8,random,0.02,14,13,20.2855,1
1400,2611923443488459363,8,8,random,0.02,12,13,20.289875,1
1401,2611923443488459364,8,8,random,0.02,14,13,20.269084,1
1402,2611923443488459365,8,8,random,0.02,12,14,20.301333,1
1403,2611923443488459366,8,8,random,0.02,14,13,20.26525,1
1404,2611923443488459367,8,8,random,0.02,14,16,20.27025,1
1405,2611923443488459368,8,8,random,0.02,13,13,20.269417,1
1406,2611923443488459369,8,8,random,0.02,12,13,20.414083,1
1407,2611923443488459370,8,8,random,0.02,14,13,20.271458,1
1408,2611923443488459371,8,8,random,0.02,14,14,21.488416,1
1409,2611923443488459372,8,8,random,0.02,13,13,20.842375,1
1410,2611923443488459373,8,8,random,0.02,14,15,20.529125,1
1411,2611923443488459374,8,8,random,0.02,14,13,20.268125,1
1412,2611923443488459375,8,8,random,0.02,11,10,20.27575,1
1413,2611923443488459376,8,8,random,0.02,13,11,20.258167,1
1414,2611923443488459377,8,8,random,0.02,13,10,20.275708,1
1415,2611923443488459378,8,8,random,0.02,13,13,20.243,1
1416,2611923443488459379,8,8,random,0.02,12,12,20.27375,1
1417,2611923443488459380,8,8,random,0.02,16,15,20.251708,1
1418,2611923443488459381,8,8,random,0.02,15,15,20.262709,1
1419,2611923443488459382,8,8,random,0.02,14,12,20.26775,1
1420,2611923443488459383,8,8,random,0.02,12,14,20.278,1
1421,2611923443488459384,8,8,random,0.02,12,13,20.254334,1
1422,2611923443488459385,8,8,random,0.02,14,12,20.25325,1
1423,2611923443488459386,8,8,random,0.02,12,12,20.264334,1
1424,2611923443488459387,8,8,random,0.02,13,13,20.290625,1
1425,2611923443488459388,8,8,random,0.02,10,11,20.278208,1
1426,2611923443488459389,8,8,random,0.02,13,11,20.264458,1
1427,2611923443488459390,8,8,random,0.02,13,12,20.284375,1
1428,2611923443488459391,8,8,random,0.02,15,14,20.29075,1
1429,2611923443488459392,8,8,random,0.02,15,14,20.274292,1
1430,2611923443488459393,8,8,random,0.02,13,14,20.240959,1
1431,2611923443488459394,8,8,random,0.02,15,19,20.260208,1
1432,2611923443488459395,8,8,random,0.02,11,11,20.29625,1
1433,2611923443488459396,8,8,random,0.02,11,10,20.633084,1
1434,2611923443488459397,8,8,random,0.02,12,13,20.305375,1
1435,2611923443488459398,8,8,random,0.02,14,12,20.300625,1
1436,2611923443488459399,8,8,random,0.02,13,15,20.259,1
1437,2611923443488459400,8,8,random,0.02,12,14,20.281709,1
1438,2611923443488459401,8,8,random,0.02,12,14,20.280459,1
1439,2611923443488459402,8,8,random,0.02,12,12,20.27625,1
1440,2611923443488459403,8,8,random,0.02,13,15,20.256416,1
1441,2611923443488459404,8,8,random,0.02,14,15,20.25225,1
1442,2611923443488459405,8,8,random,0.02,13,13,20.301333,1
1443,2611923443488459406,8,8,random,0.02,14,13,20.291625,1
1444,2611923443488459407,8,8,random,0.02,13,12,20.291917,1
1445,2611923443488459408,8,8,random,0.02,12,13,20.2725,1
1446,2611923443488459409,8,8,random,0.02,12,13,20.287875,1
1447,2611923443488459410,8,8,random,0.02,11,14,20.297,1
1448,2611923443488459411,8,8,random,0.02,14,13,20.258667,1
1449,2611923443488459412,8,8,random,0.02,12,17,20.28,1
1450,2611923443488459413,8,8,random,0.02,12,12,20.274875,1
1451,2611923443488459414,8,8,random,0.02,12,14,20.254917,1
1452,2611923443488459415,8,8,random,0.02,11,15,20.245167,1
1453,2611923443488459416,8,8,random,0.02,12,12,20.300583,1
1454,2611923443488459417,8,8,random,0.02,12,11,20.25475,1
1455,2611923443488459418,8,8,random,0.02,14,17,20.277542,1
1456,2611923443488459419,8,8,random,0.02,11,9,20.305167,1
1457,2611923443488459420,8,8,random,0.02,11,10,20.278792,1
1458,2611923443488459421,8,8,random,0.02,12,14,20.250625,1
1459,2611923443488459422,8,8,random,0.02,14,14,20.279084,1
1460,2611923443488459423,8,8,random,0.02,8,10,20.28075,1
1461,2611923443488459424,8,8,random,0.02,11,13,20.298083,1
1462,2611923443488459425,8,8,random,0.02,14,17,20.247334,1
1463,2611923443488459426,8,8,random,0.02,10,14,20.27325,1
1464,2611923443488459427,8,8,random,0.02,11,15,20.269041,1
1465,2611923443488459428,8,8,random,0.02,14,14,21.208375,1
1466,2611923443488459429,8,8,random,0.02,12,10,20.272625,1
1467,2611923443488459430,8,8,random,0.02,11,16,20.255667,1
1468,2611923443488459431,8,8,random,0.02,12,15,20.276583,1
1469,2611923443488459432,8,8,random,0.02,12,13,20.280833,1
1470,2611923443488459433,8,8,random,0.02,13,12,20.317292,1
1471,2611923443488459434,8,8,random,0.02,11,10,20.281459,1
1472,2611923443488459435,8,8,random,0.02,12,12,20.251292,1
1473,2611923443488459436,8,8,random,0.02,14,16,20.331875,1
1474,2611923443488459437,8,8,random,0.02,11,13,20.271916,1
1475,2611923443488459438,8,8,random,0.02,13,15,20.285875,1
1476,2611923443488459439,8,8,random,0.02,13,17,20.262875,1
1477,2611923443488459440,8,8,random,0.02,13,15,20.270875,1
1478,2611923443488459441,8,8,random,0.02,13,14,20.270833,1
1479,2611923443488459442,8,8,random,0.02,11,12,20.466083,1
1480,2611923443488459443,8,8,random,0.02,11,12,20.27825,1
1481,2611923443488459444,8,8,random,0.02,12,11,20.299084,1
1482,2611923443488459445,8,8,random,0.02,11,13,20.346417,1
1483,2611923443488459446,8,8,random,0.02,13,14,20.578333,1
1484,2611923443488459447,8,8,random,0.02,14,11,20.285625,1
1485,2611923443488459448,8,8,random,0.02,11,13,20.296375,1
1486,2611923443488459449,8,8,random,0.02,13,15,20.26925,1
1487,2611923443488459450,8,8,random,0.02,14,17,20.276292,1
1488,2611923443488459451,8,8,random,0.02,14,15,20.285166,1
1489,2611923443488459452,8,8,random,0.02,14,12,20.269375,1
1490,2611923443488459453,8,8,random,0.02,10,11,20.265791,1
1491,2611923443488459454,8,8,random,0.02,12,11,20.2815,1
1492,2611923443488459455,8,8,random,0.02,14,16,20.527875,1
1493,2611923443488459456,8,8,random,0.02,15,13,20.296416,1
1494,2611923443488459457,8,8,random,0.02,14,16,20.277375,1
1495,2611923443488459458,8,8,random,0.02,13,15,20.287667,1
1496,2611923443488459459,8,8,random,0.02,13,14,20.298334,1
1497,2611923443488459460,8,8,random,0.02,12,12,20.272583,1
1498,2611923443488459461,8,8,random,0.02,13,16,20.255208,1
1499,2611923443488459462,8,8,random,0.02,13,16,20.260584,1
1500,2611923443488524499,10,10,random,0.02,22,15,20.588625,1
1501,2611923443488524500,10,10,random,0.02,18,15,20.917167,1
1502,2611923443488524501,10,10,random,0.02,20,13,20.54725,1
1503,2611923443488524502,10,10,random,0.02,21,16,20.520834,1
1504,2611923443488524503,10,10,random,0.02,23,17,20.539292,1
1505,2611923443488524504,10,10,random,0.02,18,14,20.633291,1
1506,2611923443488524505,10,10,random,0.02,21,17,20.545125,1
1507,2611923443488524506,10,10,random,0.02,22,15,20.527291,1
1508,2611923443488524507,10,10,random,0.02,20,14,20.617792,1
1509,2611923443488524508,10,10,random,0.02,21,16,20.633792,1
1510,2611923443488524509,10,10,random,0.02,21,19,20.505375,1
1511,2611923443488524510,10,10,random,0.02,21,14,20.542,1
1512,2611923443488524511,10,10,random,0.02,20,13,20.521209,1
1513,2611923443488524512,10,10,random,0.02,21,13,20.613208,1
1514,2611923443488524513,10,10,random,0.02,22,19,20.5165,1
1515,2611923443488524514,10,10,random,0.02,23,15,20.527292,1
1516,2611923443488524515,10,10,random,0.02,20,18,20.516416,1
1517,2611923443488524516,10,10,random,0.02,20,20,20.603,1
1518,2611923443488524517,10,10,random,0.02,22,16,20.707167,1
1519,2611923443488524518,10,10,random,0.02,22,16,20.515833,1
1520,2611923443488524519,10,10,random,0.02,21,17,20.516917,1
1521,2611923443488524520,10,10,random,0.02,22,17,20.932167,1
1522,2611923443488524521,10,10,random,0.02,19,18,20.818834,1
1523,2611923443488524522,10,10,random,0.02,25,16,20.547167,1
1524,2611923443488524523,10,10,random,0.02,21,13,20.527334,1
1525,2611923443488524524,10,10,random,0.02,21,13,20.556042,1
1526,2611923443488524525,10,10,random,0.02,21,15,20.596208,1
1527,2611923443488524526,10,10,random,0.02,20,24,20.62075,1
1528,2611923443488524527,10,10,random,0.02,20,21,20.550458,1
1529,2611923443488524528,10,10,random,0.02,23,16,20.503042,1
1530,2611923443488524529,10,10,random,0.02,22,18,20.4975,1
1531,2611923443488524530,10,10,random,0.02,22,17,20.5825,1
1532,2611923443488524531,10,10,random,0.02,23,16,20.548916,1
1533,2611923443488524532,10,10,random,0.02,24,17,20.501417,1
1534,2611923443488524533,10,10,random,0.02,23,19,20.610375,1
1535,2611923443488524534,10,10,random,0.02,22,17,20.552459,1
1536,2611923443488524535,10,10,random,0.02,21,16,27.904,1
1537,2611923443488524536,10,10,random,0.02,19,18,21.886792,1
1538,2611923443488524537,10,10,random,0.02,22,15,20.858292,1
1539,2611923443488524538,10,10,random,0.02,19,14,20.535792,1
1540,2611923443488524539,10,10,random,0.02,23,17,20.595875,1
1541,2611923443488524540,10,10,random,0.02,23,22,20.822875,1
1542,2611923443488524541,10,10,random,0.02,22,20,20.532083,1
1543,2611923443488524542,10,10,random,0.02,23,18,20.5225,1
1544,2611923443488524543,10,10,random,0.02,20,16,20.608292,1
1545,2611923443488524544,10,10,random,0.02,21,21,21.024334,1
1546,2611923443488524545,10,10,random,0.02,21,17,20.524292,1
1547,2611923443488524546,10,10,random,0.02,22,21,20.523416,1
1548,2611923443488524547,10,10,random,0.02,24,20,20.509666,1
1549,2611923443488524548,10,10,random,0.02,23,18,20.533584,1
1550,2611923443488524549,10,10,random,0.02,21,18,20.563125,1
1551,2611923443488524550,10,10,random,0.02,22,20,20.520625,1
1552,2611923443488524551,10,10,random,0.02,22,17,20.507792,1
1553,2611923443488524552,10,10,random,0.02,18,13,20.609375,1
1554,2611923443488524553,10,10,random,0.02,24,17,20.497583,1
1555,2611923443488524554,10,10,random,0.02,20,13,20.540417,1
1556,2611923443488524555,10,10,random,0.02,22,21,20.606125,1
1557,2611923443488524556,10,10,random,0.02,21,22,20.534625,1
1558,2611923443488524557,10,10,random,0.02,20,14,20.6035,1
1559,2611923443488524558,10,10,random,0.02,21,15,20.565375,1
1560,2611923443488524559,10,10,random,0.02,22,23,20.582542,1
1561,2611923443488524560,10,10,random,0.02,24,21,20.564458,1
1562,2611923443488524561,10,10,random,0.02,19,16,20.849333,1
1563,2611923443488524562,10,10,random,0.02,23,19,20.555458,1
1564,2611923443488524563,10,10,random,0.02,21,13,20.528209,1
1565,2611923443488524564,10,10,random,0.02,21,14,20.528292,1
1566,2611923443488524565,10,10,random,0.02,23,22,20.5275,1
1567,2611923443488524566,10,10,random,0.02,22,15,20.561083,1
1568,2611923443488524567,10,10,random,0.02,21,13,20.586583,1
1569,2611923443488524568,10,10,random,0.02,21,14,20.571084,1
1570,2611923443488524569,10,10,random,0.02,22,19,20.511667,1
1571,2611923443488524570,10,10,random,0.02,20,20,20.503458,1
1572,2611923443488524571,10,10,random,0.02,21,14,20.578333,1
1573,2611923443488524572,10,10,random,0.02,21,18,20.547167,1
1574,2611923443488524573,10,10,random,0.02,22,21,20.607584,1
1575,2611923443488524574,10,10,random,0.02,17,13,20.567042,1
1576,2611923443488524575,10,10,random,0.02,22,15,20.591375,1
1577,2611923443488524576,10,10,random,0.02,21,25,20.528791,1
1578,2611923443488524577,10,10,random,0.02,21,14,20.571875,1
1579,2611923443488524578,10,10,random,0.02,21,17,20.770125,1
1580,2611923443488524579,10,10,random,0.02,21,17,20.604333,1
1581,2611923443488524580,10,10,random,0.02,24,16,20.523209,1
1582,2611923443488524581,10,10,random,0.02,21,17,20.597625,1
1583,2611923443488524582,10,10,random,0.02,22,15,20.558541,1
1584,2611923443488524583,10,10,random,0.02,20,15,20.530041,1
1585,2611923443488524584,10,10,random,0.02,22,18,20.551958,1
1586,2611923443488524585,10,10,random,0.02,23,16,20.544209,1
1587,2611923443488524586,10,10,random,0.02,19,15,20.633333,1
1588,2611923443488524587,10,10,random,0.02,21,17,20.528125,1
1589,2611923443488524588,10,10,random,0.02,23,16,20.5145,1
1590,2611923443488524589,10,10,random,0.02,23,20,21.085083,1
1591,2611923443488524590,10,10,random,0.02,25,19,20.525542,1
1592,2611923443488524591,10,10,random,0.02,17,18,21.193791,1
1593,2611923443488524592,10,10,random,0.02,22,18,20.561625,1
1594,2611923443488524593,10,10,random,0.02,22,16,20.520042,1
1595,2611923443488524594,10,10,random,0.02,19,17,20.537583,1
1596,2611923443488524595,10,10,random,0.02,21,16,20.536458,1
1597,2611923443488524596,10,10,random,0.02,21,13,20.531125,1
1598,2611923443488524597,10,10,random,0.02,19,20,20.507167,1
1599,2611923443488524598,10,10,random,0.02,22,20,20.594333,1
1600,2611923443488524599,10,10,random,0.02,20,15,20.592333,1
1601,2611923443488524600,10,10,random,0.02,21,16,20.52225,1
1602,2611923443488524601,10,10,random,0.02,24,16,20.55275,1
1603,2611923443488524602,10,10,random,0.02,22,15,20.550833,1
1604,2611923443488524603,10,10,random,0.02,21,19,20.637292,1
1605,2611923443488524604,10,10,random,0.02,19,18,20.59925,1
1606,2611923443488524605,10,10,random,0.02,22,16,20.574792,1
1607,2611923443488524606,10,10,random,0.02,22,24,20.522833,1
1608,2611923443488524607,10,10,random,0.02,24,16,20.59225,1
1609,2611923443488524608,10,10,random,0.02,23,15,20.572333,1
1610,2611923443488524609,10,10,random,0.02,20,15,20.563625,1
1611,2611923443488524610,10,10,random,0.02,14,13,20.496542,1
1612,2611923443488524611,10,10,random,0.02,24,20,20.522792,1
1613,2611923443488524612,10,10,random,0.02,20,12,20.523125,1
1614,2611923443488524613,10,10,random,0.02,25,26,20.514791,1
1615,2611923443488524614,10,10,random,0.02,20,14,20.51575,1
1616,2611923443488524615,10,10,random,0.02,22,21,20.52375,1
1617,2611923443488524616,10,10,random,0.02,19,18,20.573875,1
1618,2611923443488524617,10,10,random,0.02,21,14,20.546625,1
1619,2611923443488524618,10,10,random,0.02,21,17,20.526041,1
1620,2611923443488524619,10,10,random,0.02,22,20,20.533209,1
1621,2611923443488524620,10,10,random,0.02,22,16,20.565458,1
1622,2611923443488524621,10,10,random,0.02,22,18,20.536917,1
1623,2611923443488524622,10,10,random,0.02,22,17,20.562083,1
1624,2611923443488524623,10,10,random,0.02,23,16,20.510708,1
1625,2611923443488524624,10,10,random,0.02,21,20,20.539417,1
1626,2611923443488524625,10,10,random,0.02,21,14,20.580291,1
1627,2611923443488524626,10,10,random,0.02,21,15,20.546583,1
1628,2611923443488524627,10,10,random,0.02,18,17,20.516458,1
1629,2611923443488524628,10,10,random,0.02,20,20,20.522792,1
1630,2611923443488524629,10,10,random,0.02,18,19,20.528542,1
1631,2611923443488524630,10,10,random,0.02,21,17,20.56275,1
1632,2611923443488524631,10,10,random,0.02,20,16,20.584167,1
1633,2611923443488524632,10,10,random,0.02,21,17,20.533833,1
1634,2611923443488524633,10,10,random,0.02,20,19,20.594209,1
1635,2611923443488524634,10,10,random,0.02,20,18,20.51,1
1636,2611923443488524635,10,10,random,0.02,19,12,20.513333,1
1637,2611923443488524636,10,10,random,0.02,21,13,20.513292,1
1638,2611923443488524637,10,10,random,0.02,23,15,20.556667,1
1639,2611923443488524638,10,10,random,0.02,21,18,20.534125,1
1640,2611923443488524639,10,10,random,0.02,22,17,20.503792,1
1641,2611923443488524640,10,10,random,0.02,25,17,20.523333,1
1642,2611923443488524641,10,10,random,0.02,21,16,20.5155,1
1643,2611923443488524642,10,10,random,0.02,26,20,20.55075,1
1644,2611923443488524643,10,10,random,0.02,21,19,20.499875,1
1645,2611923443488524644,10,10,random,0.02,21,21,20.507916,1
1646,2611923443488524645,10,10,random,0.02,21,17,20.566292,1
1647,2611923443488524646,10,10,random,0.02,19,19,20.558209,1
1648,2611923443488524647,10,10,random,0.02,21,18,20.508583,1
1649,2611923443488524648,10,10,random,0.02,21,15,20.570708,1
1650,2611923443488524649,10,10,random,0.02,21,21,20.515375,1
1651,2611923443488524650,10,10,random,0.02,24,15,21.017209,1
1652,2611923443488524651,10,10,random,0.02,21,14,20.572,1
1653,2611923443488524652,10,10,random,0.02,21,19,20.499459,1
1654,2611923443488524653,10,10,random,0.02,21,16,20.483375,1
1655,2611923443488524654,10,10,random,0.02,22,16,20.568875,1
1656,2611923443488524655,10,10,random,0.02,22,22,20.548458,1
1657,2611923443488524656,10,10,random,0.02,22,21,20.53525,1
1658,2611923443488524657,10,10,random,0.02,22,17,20.559833,1
1659,2611923443488524658,10,10,random,0.02,22,15,20.564875,1
1660,2611923443488524659,10,10,random,0.02,18,13,20.627459,1
1661,2611923443488524660,10,10,random,0.02,24,19,20.56725,1
1662,2611923443488524661,10,10,random,0.02,18,16,20.603083,1
1663,2611923443488524662,10,10,random,0.02,21,15,21.638042,1
1664,2611923443488524663,10,10,random,0.02,18,19,20.559542,1
1665,2611923443488524664,10,10,random,0.02,21,16,20.654042,1
1666,2611923443488524665,10,10,random,0.02,23,18,20.547042,1
1667,2611923443488524666,10,10,random,0.02,22,22,23.403333,1
1668,2611923443488524667,10,10,random,0.02,24,21,20.959458,1
1669,2611923443488524668,10,10,random,0.02,23,19,20.5085,1
1670,2611923443488524669,10,10,random,0.02,24,19,20.955916,1
1671,2611923443488524670,10,10,random,0.02,20,20,21.197041,1
1672,2611923443488524671,10,10,random,0.02,19,14,20.544459,1
1673,2611923443488524672,10,10,random,0.02,17,17,20.551917,1
1674,2611923443488524673,10,10,random,0.02,19,19,20.549625,1
1675,2611923443488524674,10,10,random,0.02,19,13,21.026375,1
1676,2611923443488524675,10,10,random,0.02,22,20,20.523916,1
1677,2611923443488524676,10,10,random,0.02,19,13,20.562792,1
1678,2611923443488524677,10,10,random,0.02,21,16,20.557708,1
1679,2611923443488524678,10,10,random,0.02,21,20,20.512,1
1680,2611923443488524679,10,10,random,0.02,21,16,20.521791,1
1681,2611923443488524680,10,10,random,0.02,26,22,20.500208,1
1682,2611923443488524681,10,10,random,0.02,23,20,20.507042,1
1683,2611923443488524682,10,10,random,0.02,21,24,20.48675,1
1684,2611923443488524683,10,10,random,0.02,22,15,20.557584,1
1685,2611923443488524684,10,10,random,0.02,22,16,20.520667,1
1686,2611923443488524685,10,10,random,0.02,22,16,20.5515,1
1687,2611923443488524686,10,10,random,0.02,23,19,20.529875,1
1688,2611923443488524687,10,10,random,0.02,19,21,20.595208,1
1689,2611923443488524688,10,10,random,0.02,21,14,20.546709,1
1690,2611923443488524689,10,10,random,0.02,21,18,20.51025,1
1691,2611923443488524690,10,10,random,0.02,22,17,20.523875,1
1692,2611923443488524691,10,10,random,0.02,22,16,21.024333,1
1693,2611923443488524692,10,10,random,0.02,19,16,20.506167,1
1694,2611923443488524693,10,10,random,0.02,22,20,20.535625,1
1695,2611923443488524694,10,10,random,0.02,21,16,20.541833,1
1696,2611923443488524695,10,10,random,0.02,22,20,20.5315,1
1697,2611923443488524696,10,10,random,0.02,23,17,20.531666,1
1698,2611923443488524697,10,10,random,0.02,21,18,20.567417,1
1699,2611923443488524698,10,10,random,0.02,21,15,20.542708,1
1700,2611923443488524699,10,10,random,0.02,17,16,20.669458,1
1701,2611923443488524700,10,10,random,0.02,24,16,20.550291,1
1702,2611923443488524701,10,10,random,0.02,20,14,20.516834,1
1703,2611923443488524702,10,10,random,0.02,21,19,20.506625,1
1704,2611923443488524703,10,10,random,0.02,21,18,20.57975,1
1705,2611923443488524704,10,10,random,0.02,21,14,20.578125,1
1706,2611923443488524705,10,10,random,0.02,22,20,20.536375,1
1707,2611923443488524706,10,10,random,0.02,21,17,20.525334,1
1708,2611923443488524707,10,10,random,0.02,23,20,20.533459,1
1709,2611923443488524708,10,10,random,0.02,19,21,20.749875,1
1710,2611923443488524709,10,10,random,0.02,22,16,20.5325,1
1711,2611923443488524710,10,10,random,0.02,21,13,20.603708,1
1712,2611923443488524711,10,10,random,0.02,18,17,20.56825,1
1713,2611923443488524712,10,10,random,0.02,23,20,20.518584,1
1714,2611923443488524713,10,10,random,0.02,21,15,20.578416,1
1715,2611923443488524714,10,10,random,0.02,21,16,20.495292,1
1716,2611923443488524715,10,10,random,0.02,20,18,20.566333,1
1717,2611923443488524716,10,10,random,0.02,23,15,20.575,1
1718,2611923443488524717,10,10,random,0.02,22,16,20.578125,1
1719,2611923443488524718,10,10,random,0.02,21,15,20.554584,1
1720,2611923443488524719,10,10,random,0.02,21,18,20.517208,1
1721,2611923443488524720,10,10,random,0.02,20,18,20.624541,1
1722,2611923443488524721,10,10,random,0.02,22,18,20.512292,1
1723,2611923443488524722,10,10,random,0.02,21,18,20.559792,1
1724,2611923443488524723,10,10,random,0.02,20,15,20.561875,1
1725,2611923443488524724,10,10,random,0.02,23,17,20.661833,1
1726,2611923443488524725,10,10,random,0.02,21,15,20.598084,1
1727,2611923443488524726,10,10,random,0.02,23,23,20.558208,1
1728,2611923443488524727,10,10,random,0.02,21,21,20.488083,1
1729,2611923443488524728,10,10,random,0.02,22,15,21.471083,1
1730,2611923443488524729,10,10,random,0.02,20,16,20.68125,1
1731,2611923443488524730,10,10,random,0.02,21,17,20.563041,1
1732,2611923443488524731,10,10,random,0.02,21,14,20.522333,1
1733,2611923443488524732,10,10,random,0.02,22,19,20.575834,1
1734,2611923443488524733,10,10,random,0.02,22,21,20.868333,1
1735,2611923443488524734,10,10,random,0.02,24,21,20.518584,1
1736,2611923443488524735,10,10,random,0.02,24,22,20.537625,1
1737,2611923443488524736,10,10,random,0.02,22,17,20.543041,1
1738,2611923443488524737,10,10,random,0.02,21,18,20.507333,1
1739,2611923443488524738,10,10,random,0.02,23,22,20.518292,1
1740,2611923443488524739,10,10,random,0.02,19,14,20.534667,1
1741,2611923443488524740,10,10,random,0.02,21,17,20.49275,1
1742,2611923443488524741,10,10,random,0.02,22,16,21.295084,1
1743,2611923443488524742,10,10,random,0.02,22,15,20.551417,1
1744,2611923443488524743,10,10,random,0.02,20,16,20.577,1
1745,2611923443488524744,10,10,random,0.02,22,19,20.52475,1
1746,2611923443488524745,10,10,random,0.02,17,15,20.4865,1
1747,2611923443488524746,10,10,random,0.02,22,24,20.531875,1
1748,2611923443488524747,10,10,random,0.02,21,20,20.536291,1
1749,2611923443488524748,10,10,random,0.02,22,14,20.585375,1
1750,2611923443488524749,10,10,random,0.02,23,14,20.620416,1
1751,2611923443488524750,10,10,random,0.02,20,17,20.541417,1
1752,2611923443488524751,10,10,random,0.02,20,14,20.537167,1
1753,2611923443488524752,10,10,random,0.02,22,19,20.54925,1
1754,2611923443488524753,10,10,random,0.02,23,16,20.549125,1
1755,2611923443488524754,10,10,random,0.02,21,14,20.497625,1
1756,2611923443488524755,10,10,random,0.02,23,14,20.561875,1
1757,2611923443488524756,10,10,random,0.02,22,17,20.527208,1
1758,2611923443488524757,10,10,random,0.02,21,17,20.588333,1
1759,2611923443488524758,10,10,random,0.02,23,18,20.4995,1
1760,2611923443488524759,10,10,random,0.02,21,16,20.5585,1
1761,2611923443488524760,10,10,random,0.02,19,14,20.5545,1
1762,2611923443488524761,10,10,random,0.02,22,22,20.507333,1
1763,2611923443488524762,10,10,random,0.02,21,18,20.493541,1
1764,2611923443488524763,10,10,random,0.02,21,16,20.56475,1
1765,2611923443488524764,10,10,random,0.02,23,17,20.5735,1
1766,2611923443488524765,10,10,random,0.02,21,16,20.506292,1
1767,2611923443488524766,10,10,random,0.02,22,16,20.614042,1
1768,2611923443488524767,10,10,random,0.02,22,23,20.726375,1
1769,2611923443488524768,10,10,random,0.02,21,15,20.516542,1
1770,2611923443488524769,10,10,random,0.02,24,21,20.514542,1
1771,2611923443488524770,10,10,random,0.02,20,18,20.535208,1
1772,2611923443488524771,10,10,random,0.02,21,18,20.5785,1
1773,2611923443488524772,10,10,random,0.02,21,22,20.516208,1
1774,2611923443488524773,10,10,random,0.02,21,19,20.568375,1
1775,2611923443488524774,10,10,random,0.02,20,17,20.503167,1
1776,2611923443488524775,10,10,random,0.02,22,21,20.511542,1
1777,2611923443488524776,10,10,random,0.02,21,16,20.519833,1
1778,2611923443488524777,10,10,random,0.02,20,15,20.552833,1
1779,2611923443488524778,10,10,random,0.02,22,19,20.545375,1
1780,2611923443488524779,10,10,random,0.02,22,16,20.507167,1
1781,2611923443488524780,10,10,random,0.02,21,17,20.57025,1
1782,2611923443488524781,10,10,random,0.02,24,17,20.559458,1
1783,2611923443488524782,10,10,random,0.02,20,18,20.550042,1
1784,2611923443488524783,10,10,random,0.02,22,19,20.532416,1
1785,2611923443488524784,10,10,random,0.02,20,14,20.930458,1
1786,2611923443488524785,10,10,random,0.02,20,15,20.531833,1
1787,2611923443488524786,10,10,random,0.02,22,20,20.50725,1
1788,2611923443488524787,10,10,random,0.02,22,16,20.624125,1
1789,2611923443488524788,10,10,random,0.02,17,15,20.565375,1
1790,2611923443488524789,10,10,random,0.02,22,18,20.502625,1
1791,2611923443488524790,10,10,random,0.02,21,17,20.955042,1
1792,2611923443488524791,10,10,random,0.02,21,18,26.365875,1
1793,2611923443488524792,10,10,random,0.02,17,19,20.560542,1
1794,2611923443488524793,10,10,random,0.02,22,16,20.524708,1
1795,2611923443488524794,10,10,random,0.02,24,19,20.563167,1
1796,2611923443488524795,10,10,random,0.02,20,16,20.866542,1
1797,2611923443488524796,10,10,random,0.02,19,18,20.616917,1
1798,2611923443488524797,10,10,random,0.02,19,17,20.542333,1
1799,2611923443488524798,10,10,random,0.02,22,16,20.537084,1
1800,2611923443488524799,10,10,random,0.02,23,18,20.596208,1
1801,2611923443488524800,10,10,random,0.02,22,15,20.597625,1
1802,2611923443488524801,10,10,random,0.02,24,18,20.590334,1
1803,2611923443488524802,10,10,random,0.02,23,15,20.554625,1
1804,2611923443488524803,10,10,random,0.02,19,15,20.575959,1
1805,2611923443488524804,10,10,random,0.02,19,17,20.520584,1
1806,2611923443488524805,10,10,random,0.02,23,18,20.551042,1
1807,2611923443488524806,10,10,random,0.02,20,13,20.56225,1
1808,2611923443488524807,10,10,random,0.02,17,17,20.504541,1
1809,2611923443488524808,10,10,random,0.02,22,18,20.521875,1
1810,2611923443488524809,10,10,random,0.02,21,16,20.562917,1
1811,2611923443488524810,10,10,random,0.02,21,17,20.545666,1
1812,2611923443488524811,10,10,random,0.02,20,17,20.535542,1
1813,2611923443488524812,10,10,random,0.02,22,15,20.779459,1
1814,2611923443488524813,10,10,random,0.02,20,17,20.479667,1
1815,2611923443488524814,10,10,random,0.02,21,17,20.522583,1
1816,2611923443488524815,10,10,random,0.02,21,15,20.511875,1
1817,2611923443488524816,10,10,random,0.02,25,20,20.490292,1
1818,2611923443488524817,10,10,random,0.02,20,13,20.52775,1
1819,2611923443488524818,10,10,random,0.02,21,15,20.6315,1
1820,2611923443488524819,10,10,random,0.02,21,23,20.545416,1
1821,2611923443488524820,10,10,random,0.02,23,20,20.534417,1
1822,2611923443488524821,10,10,random,0.02,21,20,20.523125,1
1823,2611923443488524822,10,10,random,0.02,22,18,20.511375,1
1824,2611923443488524823,10,10,random,0.02,19,15,20.532125,1
1825,2611923443488524824,10,10,random,0.02,19,20,20.503708,1
1826,2611923443488524825,10,10,random,0.02,24,18,20.511875,1
1827,2611923443488524826,10,10,random,0.02,22,17,20.538084,1
1828,2611923443488524827,10,10,random,0.02,20,17,20.557333,1
1829,2611923443488524828,10,10,random,0.02,19,14,20.540291,1
1830,2611923443488524829,10,10,random,0.02,17,12,20.933833,1
1831,2611923443488524830,10,10,random,0.02,21,16,20.528583,1
1832,2611923443488524831,10,10,random,0.02,22,19,20.525625,1
1833,2611923443488524832,10,10,random,0.02,21,14,20.486958,1
1834,2611923443488524833,10,10,random,0.02,21,16,20.532542,1
1835,2611923443488524834,10,10,random,0.02,21,19,20.535167,1
1836,2611923443488524835,10,10,random,0.02,21,16,20.481708,1
1837,2611923443488524836,10,10,random,0.02,22,18,20.501125,1
1838,2611923443488524837,10,10,random,0.02,20,14,20.521208,1
1839,2611923443488524838,10,10,random,0.02,21,16,20.614709,1
1840,2611923443488524839,10,10,random,0.02,21,14,20.566792,1
1841,2611923443488524840,10,10,random,0.02,22,15,20.589625,1
1842,2611923443488524841,10,10,random,0.02,21,21,20.546708,1
1843,2611923443488524842,10,10,random,0.02,21,15,20.592709,1
1844,2611923443488524843,10,10,random,0.02,24,19,20.538375,1
1845,2611923443488524844,10,10,random,0.02,25,14,20.54175,1
1846,2611923443488524845,10,10,random,0.02,24,20,20.576458,1
1847,2611923443488524846,10,10,random,0.02,21,21,20.876917,1
1848,2611923443488524847,10,10,random,0.02,21,20,20.492792,1
1849,2611923443488524848,10,10,random,0.02,21,18,20.602541,1
1850,2611923443488524849,10,10,random,0.02,21,18,20.505708,1
1851,2611923443488524850,10,10,random,0.02,25,21,20.528458,1
1852,2611923443488524851,10,10,random,0.02,21,13,20.606792,1
1853,2611923443488524852,10,10,random,0.02,18,17,20.566042,1
1854,2611923443488524853,10,10,random,0.02,24,26,20.5505,1
1855,2611923443488524854,10,10,random,0.02,21,16,20.536959,1
1856,2611923443488524855,10,10,random,0.02,22,19,20.577459,1
1857,2611923443488524856,10,10,random,0.02,16,12,20.5505,1
1858,2611923443488524857,10,10,random,0.02,22,17,20.506459,1
1859,2611923443488524858,10,10,random,0.02,20,17,20.529875,1
1860,2611923443488524859,10,10,random,0.02,20,21,20.504,1
1861,2611923443488524860,10,10,random,0.02,21,15,20.574292,1
1862,2611923443488524861,10,10,random,0.02,23,15,20.551625,1
1863,2611923443488524862,10,10,random,0.02,23,16,20.600166,1
1864,2611923443488524863,10,10,random,0.02,21,13,20.746792,1
1865,2611923443488524864,10,10,random,0.02,19,14,20.56175,1
1866,2611923443488524865,10,10,random,0.02,19,17,20.5045,1
1867,2611923443488524866,10,10,random,0.02,19,13,21.034667,1
1868,2611923443488524867,10,10,random,0.02,22,16,20.791042,1
1869,2611923443488524868,10,10,random,0.02,19,15,20.541625,1
1870,2611923443488524869,10,10,random,0.02,21,14,20.540958,1
1871,2611923443488524870,10,10,random,0.02,22,17,20.539958,1
1872,2611923443488524871,10,10,random,0.02,22,22,20.56325,1
1873,2611923443488524872,10,10,random,0.02,22,19,20.540084,1
1874,2611923443488524873,10,10,random,0.02,20,17,20.600708,1
1875,2611923443488524874,10,10,random,0.02,23,18,20.535167,1
1876,2611923443488524875,10,10,random,0.02,24,16,20.548084,1
1877,2611923443488524876,10,10,random,0.02,22,13,20.577625,1
1878,2611923443488524877,10,10,random,0.02,21,18,20.541958,1
1879,2611923443488524878,10,10,random,0.02,20,15,20.507084,1
1880,2611923443488524879,10,10,random,0.02,19,14,20.54875,1
1881,2611923443488524880,10,10,random,0.02,22,16,20.572917,1
1882,2611923443488524881,10,10,random,0.02,23,16,20.582333,1
1883,2611923443488524882,10,10,random,0.02,18,19,20.50475,1
1884,2611923443488524883,10,10,random,0.02,21,19,20.563334,1
1885,2611923443488524884,10,10,random,0.02,22,17,20.63475,1
1886,2611923443488524885,10,10,random,0.02,21,14,20.530375,1
1887,2611923443488524886,10,10,random,0.02,18,15,20.535792,1
1888,2611923443488524887,10,10,random,0.02,20,19,20.585083,1
1889,2611923443488524888,10,10,random,0.02,21,15,20.519625,1
1890,2611923443488524889,10,10,random,0.02,22,20,20.518833,1
1891,2611923443488524890,10,10,random,0.02,19,21,20.548334,1
1892,2611923443488524891,10,10,random,0.02,22,16,20.521125,1
1893,2611923443488524892,10,10,random,0.02,22,18,20.564333,1
1894,2611923443488524893,10,10,random,0.02,24,20,20.578708,1
1895,2611923443488524894,10,10,random,0.02,23,16,20.540417,1
1896,2611923443488524895,10,10,random,0.02,21,26,20.567459,1
1897,2611923443488524896,10,10,random,0.02,23,15,20.53425,1
1898,2611923443488524897,10,10,random,0.02,23,17,20.526584,1
1899,2611923443488524898,10,10,random,0.02,23,18,20.532958,1
1900,2611923443488524899,10,10,random,0.02,22,19,20.494916,1
1901,2611923443488524900,10,10,random,0.02,21,18,20.549209,1
1902,2611923443488524901,10,10,random,0.02,20,14,20.920417,1
1903,2611923443488524902,10,10,random,0.02,22,14,20.531709,1
1904,2611923443488524903,10,10,random,0.02,22,15,20.567625,1
1905,2611923443488524904,10,10,random,0.02,21,20,20.482833,1
1906,2611923443488524905,10,10,random,0.02,23,15,20.588625,1
1907,2611923443488524906,10,10,random,0.02,23,18,20.536125,1
1908,2611923443488524907,10,10,random,0.02,22,16,20.515709,1
1909,2611923443488524908,10,10,random,0.02,22,19,20.483708,1
1910,2611923443488524909,10,10,random,0.02,20,16,20.514125,1
1911,2611923443488524910,10,10,random,0.02,22,18,20.537708,1
1912,2611923443488524911,10,10,random,0.02,19,19,20.509167,1
1913,2611923443488524912,10,10,random,0.02,21,18,20.526208,1
1914,2611923443488524913,10,10,random,0.02,23,20,20.479209,1
1915,2611923443488524914,10,10,random,0.02,22,16,20.5215,1
1916,2611923443488524915,10,10,random,0.02,22,18,20.507875,1
1917,2611923443488524916,10,10,random,0.02,22,19,20.552958,1
1918,2611923443488524917,10,10,random,0.02,20,13,20.531791,1
1919,2611923443488524918,10,10,random,0.02,21,13,20.810167,1
1920,2611923443488524919,10,10,random,0.02,20,20,20.551584,1
1921,2611923443488524920,10,10,random,0.02,21,12,20.522334,1
1922,2611923443488524921,10,10,random,0.02,19,18,20.543167,1
1923,2611923443488524922,10,10,random,0.02,23,14,20.551791,1
1924,2611923443488524923,10,10,random,0.02,22,16,20.555583,1
1925,2611923443488524924,10,10,random,0.02,18,15,20.592459,1
1926,2611923443488524925,10,10,random,0.02,24,18,20.530125,1
1927,2611923443488524926,10,10,random,0.02,24,15,20.536209,1
1928,2611923443488524927,10,10,random,0.02,23,16,20.552833,1
1929,2611923443488524928,10,10,random,0.02,21,16,20.526208,1
1930,2611923443488524929,10,10,random,0.02,18,17,20.479459,1
1931,2611923443488524930,10,10,random,0.02,19,15,20.541542,1
1932,2611923443488524931,10,10,random,0.02,19,16,20.614708,1
1933,2611923443488524932,10,10,random,0.02,24,18,20.507708,1
1934,2611923443488524933,10,10,random,0.02,22,12,20.54325,1
1935,2611923443488524934,10,10,random,0.02,22,16,20.526125,1
1936,2611923443488524935,10,10,random,0.02,23,15,20.887375,1
1937,2611923443488524936,10,10,random,0.02,25,19,20.581167,1
1938,2611923443488524937,10,10,random,0.02,21,14,20.572083,1
1939,2611923443488524938,10,10,random,0.02,23,17,20.576166,1
1940,2611923443488524939,10,10,random,0.02,20,16,20.577958,1
1941,2611923443488524940,10,10,random,0.02,21,20,20.514666,1
1942,2611923443488524941,10,10,random,0.02,19,15,20.530459,1
1943,2611923443488524942,10,10,random,0.02,18,15,20.540083,1
1944,2611923443488524943,10,10,random,0.02,18,14,20.54225,1
1945,2611923443488524944,10,10,random,0.02,23,16,20.510791,1
1946,2611923443488524945,10,10,random,0.02,21,14,20.580917,1
1947,2611923443488524946,10,10,random,0.02,20,20,20.503,1
1948,2611923443488524947,10,10,random,0.02,17,14,20.578334,1
1949,2611923443488524948,10,10,random,0.02,19,16,20.537709,1
1950,2611923443488524949,10,10,random,0.02,20,17,20.54925,1
1951,2611923443488524950,10,10,random,0.02,22,18,20.543209,1
1952,2611923443488524951,10,10,random,0.02,23,18,20.538916,1
1953,2611923443488524952,10,10,random,0.02,21,16,20.757875,1
1954,2611923443488524953,10,10,random,0.02,22,17,20.535417,1
1955,2611923443488524954,10,10,random,0.02,21,18,20.588958,1
1956,2611923443488524955,10,10,random,0.02,23,19,20.52425,1
1957,2611923443488524956,10,10,random,0.02,22,18,20.577416,1
1958,2611923443488524957,10,10,random,0.02,23,16,20.547792,1
1959,2611923443488524958,10,10,random,0.02,21,15,20.56925,1
1960,2611923443488524959,10,10,random,0.02,20,14,20.526291,1
1961,2611923443488524960,10,10,random,0.02,21,19,20.5795,1
1962,2611923443488524961,10,10,random,0.02,22,15,20.646583,1
1963,2611923443488524962,10,10,random,0.02,16,15,20.518625,1
1964,2611923443488524963,10,10,random,0.02,24,19,20.509584,1
1965,2611923443488524964,10,10,random,0.02,22,26,20.558958,1
1966,2611923443488524965,10,10,random,0.02,23,20,20.50575,1
1967,2611923443488524966,10,10,random,0.02,22,20,20.811208,1
1968,2611923443488524967,10,10,random,0.02,20,16,20.56475,1
1969,2611923443488524968,10,10,random,0.02,24,19,20.497458,1
1970,2611923443488524969,10,10,random,0.02,21,15,20.854666,1
1971,2611923443488524970,10,10,random,0.02,21,20,20.604291,1
1972,2611923443488524971,10,10,random,0.02,20,17,20.573083,1
1973,2611923443488524972,10,10,random,0.02,20,20,20.516333,1
1974,2611923443488524973,10,10,random,0.02,20,21,20.922834,1
1975,2611923443488524974,10,10,random,0.02,23,20,20.504584,1
1976,2611923443488524975,10,10,random,0.02,21,16,20.531208,1
1977,2611923443488524976,10,10,random,0.02,17,17,20.551083,1
1978,2611923443488524977,10,10,random,0.02,22,17,20.571291,1
1979,2611923443488524978,10,10,random,0.02,19,14,20.553833,1
1980,2611923443488524979,10,10,random,0.02,20,19,20.533042,1
1981,2611923443488524980,10,10,random,0.02,22,20,20.524458,1
1982,2611923443488524981,10,10,random,0.02,20,15,20.554958,1
1983,2611923443488524982,10,10,random,0.02,23,20,20.482875,1
1984,2611923443488524983,10,10,random,0.02,24,20,20.509084,1
1985,2611923443488524984,10,10,random,0.02,22,19,20.526292,1
1986,2611923443488524985,10,10,random,0.02,19,15,20.68025,1
1987,2611923443488524986,10,10,random,0.02,23,15,20.608833,1
1988,2611923443488524987,10,10,random,0.02,21,12,20.546958,1
1989,2611923443488524988,10,10,random,0.02,20,15,20.526875,1
1990,2611923443488524989,10,10,random,0.02,20,18,20.554167,1
1991,2611923443488524990,10,10,random,0.02,23,19,20.803167,1
1992,2611923443488524991,10,10,random,0.02,22,20,20.557917,1
1993,2611923443488524992,10,10,random,0.02,22,18,20.4975,1
1994,2611923443488524993,10,10,random,0.02,19,13,20.575583,1
1995,2611923443488524994,10,10,random,0.02,24,20,20.555291,1
1996,2611923443488524995,10,10,random,0.02,19,19,20.555333,1
1997,2611923443488524996,10,10,random,0.02,21,16,20.562,1
1998,2611923443488524997,10,10,random,0.02,20,16,20.498916,1
1999,2611923443488524998,10,10,random,0.02,20,15,20.504583,1
2000,2611923443488590035,15,15,random,0.02,51,31,21.819375,1
2001,2611923443488590036,15,15,random,0.02,50,25,22.268208,1
2002,2611923443488590037,15,15,random,0.02,57,33,21.759208,1
2003,2611923443488590038,15,15,random,0.02,56,32,21.862042,1
2004,2611923443488590039,15,15,random,0.02,51,27,21.771584,1
2005,2611923443488590040,15,15,random,0.02,54,23,22.029708,1
2006,2611923443488590041,15,15,random,0.02,54,31,21.822625,1
2007,2611923443488590042,15,15,random,0.02,54,31,21.813,1
2008,2611923443488590043,15,15,random,0.02,53,22,21.9005,1
2009,2611923443488590044,15,15,random,0.02,55,22,22.793208,1
2010,2611923443488590045,15,15,random,0.02,51,25,21.969125,1
2011,2611923443488590046,15,15,random,0.02,50,23,21.802583,1
2012,2611923443488590047,15,15,random,0.02,55,24,23.02125,1
2013,2611923443488590048,15,15,random,0.02,56,41,21.728917,1
2014,2611923443488590049,15,15,random,0.02,51,21,21.748375,1
2015,2611923443488590050,15,15,random,0.02,51,38,22.247459,1
2016,2611923443488590051,15,15,random,0.02,54,24,21.731833,1
2017,2611923443488590052,15,15,random,0.02,57,24,21.741375,1
2018,2611923443488590053,15,15,random,0.02,54,29,22.309084,1
2019,2611923443488590054,15,15,random,0.02,50,30,21.846208,1
2020,2611923443488590055,15,15,random,0.02,50,22,21.8895,1
2021,2611923443488590056,15,15,random,0.02,46,27,21.68875,1
2022,2611923443488590057,15,15,random,0.02,48,24,21.874583,1
2023,2611923443488590058,15,15,random,0.02,54,24,21.82625,1
2024,2611923443488590059,15,15,random,0.02,53,25,21.823292,1
2025,2611923443488590060,15,15,random,0.02,56,31,21.869,1
2026,2611923443488590061,15,15,random,0.02,54,21,22.016875,1
2027,2611923443488590062,15,15,random,0.02,57,31,21.68325,1
2028,2611923443488590063,15,15,random,0.02,52,21,21.924708,1
2029,2611923443488590064,15,15,random,0.02,56,29,21.778708,1
2030,2611923443488590065,15,15,random,0.02,58,34,21.987375,1
2031,2611923443488590066,15,15,random,0.02,51,28,21.761833,1
2032,2611923443488590067,15,15,random,0.02,53,21,21.825541,1
2033,2611923443488590068,15,15,random,0.02,55,28,21.762083,1
2034,2611923443488590069,15,15,random,0.02,52,23,21.820792,1
2035,2611923443488590070,15,15,random,0.02,50,22,21.896458,1
2036,2611923443488590071,15,15,random,0.02,52,24,21.675084,1
2037,2611923443488590072,15,15,random,0.02,56,31,22.428,1
2038,2611923443488590073,15,15,random,0.02,47,27,21.8245,1
2039,2611923443488590074,15,15,random,0.02,50,33,21.935292,1
2040,2611923443488590075,15,15,random,0.02,51,21,22.030417,1
2041,2611923443488590076,15,15,random,0.02,51,21,21.9015,1
2042,2611923443488590077,15,15,random,0.02,51,22,22.071042,1
2043,2611923443488590078,15,15,random,0.02,49,23,21.796416,1
2044,2611923443488590079,15,15,random,0.02,52,27,21.789958,1
2045,2611923443488590080,15,15,random,0.02,47,25,21.797416,1
2046,2611923443488590081,15,15,random,0.02,50,26,21.895167,1
2047,2611923443488590082,15,15,random,0.02,53,20,21.8145,1
2048,2611923443488590083,15,15,random,0.02,54,24,21.734375,1
2049,2611923443488590084,15,15,random,0.02,54,33,21.844333,1
2050,2611923443488590085,15,15,random,0.02,50,35,21.803792,1
2051,2611923443488590086,15,15,random,0.02,54,23,21.90825,1
2052,2611923443488590087,15,15,random,0.02,48,24,21.988542,1
2053,2611923443488590088,15,15,random,0.02,51,28,22.466875,1
2054,2611923443488590089,15,15,random,0.02,47,20,21.949958,1
2055,2611923443488590090,15,15,random,0.02,55,33,21.719125,1
2056,2611923443488590091,15,15,random,0.02,54,38,22.401459,1
2057,2611923443488590092,15,15,random,0.02,53,24,21.8325,1
2058,2611923443488590093,15,15,random,0.02,58,27,21.901125,1
2059,2611923443488590094,15,15,random,0.02,56,34,22.368834,1
2060,2611923443488590095,15,15,random,0.02,50,28,21.829542,1
2061,2611923443488590096,15,15,random,0.02,52,23,21.782792,1
2062,2611923443488590097,15,15,random,0.02,55,22,22.033625,1
2063,2611923443488590098,15,15,random,0.02,57,30,21.760959,1
2064,2611923443488590099,15,15,random,0.02,54,25,21.991709,1
2065,2611923443488590100,15,15,random,0.02,52,26,22.071583,1
2066,2611923443488590101,15,15,random,0.02,48,23,22.043,1
2067,2611923443488590102,15,15,random,0.02,50,23,21.849708,1
2068,2611923443488590103,15,15,random,0.02,50,26,21.828125,1
2069,2611923443488590104,15,15,random,0.02,52,19,22.20725,1
2070,2611923443488590105,15,15,random,0.02,51,19,21.916791,1
2071,2611923443488590106,15,15,random,0.02,56,25,21.930667,1
2072,2611923443488590107,15,15,random,0.02,54,30,21.73475,1
2073,2611923443488590108,15,15,random,0.02,48,23,21.953917,1
2074,2611923443488590109,15,15,random,0.02,55,28,21.970583,1
2075,2611923443488590110,15,15,random,0.02,54,24,21.844041,1
2076,2611923443488590111,15,15,random,0.02,52,25,21.829,1
2077,2611923443488590112,15,15,random,0.02,48,27,22.03975,1
2078,2611923443488590113,15,15,random,0.02,50,28,22.166166,1
2079,2611923443488590114,15,15,random,0.02,51,27,21.834375,1
2080,2611923443488590115,15,15,random,0.02,57,28,21.921625,1
2081,2611923443488590116,15,15,random,0.02,52,23,22.97425,1
2082,2611923443488590117,15,15,random,0.02,46,25,21.759542,1
2083,2611923443488590118,15,15,random,0.02,52,19,21.811666,1
2084,2611923443488590119,15,15,random,0.02,56,29,22.496625,1
2085,2611923443488590120,15,15,random,0.02,54,27,21.91325,1
2086,2611923443488590121,15,15,random,0.02,56,26,21.773833,1
2087,2611923443488590122,15,15,random,0.02,52,27,22.327375,1
2088,2611923443488590123,15,15,random,0.02,56,26,21.778167,1
2089,2611923443488590124,15,15,random,0.02,54,32,21.775375,1
2090,2611923443488590125,15,15,random,0.02,56,37,21.826125,1
2091,2611923443488590126,15,15,random,0.02,54,28,21.716417,1
2092,2611923443488590127,15,15,random,0.02,48,25,21.969458,1
2093,2611923443488590128,15,15,random,0.02,47,24,21.800584,1
2094,2611923443488590129,15,15,random,0.02,50,28,21.740917,1
2095,2611923443488590130,15,15,random,0.02,53,26,21.734542,1
2096,2611923443488590131,15,15,random,0.02,51,28,21.826,1
2097,2611923443488590132,15,15,random,0.02,51,30,21.802042,1
2098,2611923443488590133,15,15,random,0.02,55,22,21.987,1
2099,2611923443488590134,15,15,random,0.02,55,27,21.743875,1
2100,2611923443488590135,15,15,random,0.02,52,29,21.7195,1
2101,2611923443488590136,15,15,random,0.02,53,29,21.80425,1
2102,2611923443488590137,15,15,random,0.02,50,21,21.856625,1
2103,2611923443488590138,15,15,random,0.02,58,42,21.736833,1
2104,2611923443488590139,15,15,random,0.02,52,25,21.733042,1
2105,2611923443488590140,15,15,random,0.02,50,37,21.788875,1
2106,2611923443488590141,15,15,random,0.02,55,21,21.927417,1
2107,2611923443488590142,15,15,random,0.02,48,33,21.819875,1
2108,2611923443488590143,15,15,random,0.02,51,24,22.049292,1
2109,2611923443488590144,15,15,random,0.02,53,27,21.72925,1
2110,2611923443488590145,15,15,random,0.02,50,21,21.84925,1
2111,2611923443488590146,15,15,random,0.02,52,26,21.848,1
2112,2611923443488590147,15,15,random,0.02,53,30,21.883834,1
2113,2611923443488590148,15,15,random,0.02,51,25,22.01725,1
2114,2611923443488590149,15,15,random,0.02,54,23,21.927166,1
2115,2611923443488590150,15,15,random,0.02,49,23,21.875875,1
2116,2611923443488590151,15,15,random,0.02,55,42,21.876791,1
2117,2611923443488590152,15,15,random,0.02,52,25,21.980708,1
2118,2611923443488590153,15,15,random,0.02,55,31,22.60275,1
2119,2611923443488590154,15,15,random,0.02,57,28,24.176,1
2120,2611923443488590155,15,15,random,0.02,54,30,33.952916,1
2121,2611923443488590156,15,15,random,0.02,53,31,21.748958,1
2122,2611923443488590157,15,15,random,0.02,53,20,22.336333,1
2123,2611923443488590158,15,15,random,0.02,46,30,21.854042,1
2124,2611923443488590159,15,15,random,0.02,59,36,21.806916,1
2125,2611923443488590160,15,15,random,0.02,61,24,22.391167,1
2126,2611923443488590161,15,15,random,0.02,55,26,21.78575,1
2127,2611923443488590162,15,15,random,0.02,51,21,21.844833,1
2128,2611923443488590163,15,15,random,0.02,51,24,22.061958,1
2129,2611923443488590164,15,15,random,0.02,52,24,21.934541,1
2130,2611923443488590165,15,15,random,0.02,50,20,21.771292,1
2131,2611923443488590166,15,15,random,0.02,48,28,21.761791,1
2132,2611923443488590167,15,15,random,0.02,53,32,21.92325,1
2133,2611923443488590168,15,15,random,0.02,49,24,21.864417,1
2134,2611923443488590169,15,15,random,0.02,56,29,21.889084,1
2135,2611923443488590170,15,15,random,0.02,56,31,21.760333,1
2136,2611923443488590171,15,15,random,0.02,55,28,21.819084,1
2137,2611923443488590172,15,15,random,0.02,54,30,21.943166,1
2138,2611923443488590173,15,15,random,0.02,54,26,22.084583,1
2139,2611923443488590174,15,15,random,0.02,53,24,21.941125,1
2140,2611923443488590175,15,15,random,0.02,57,32,21.857292,1
2141,2611923443488590176,15,15,random,0.02,50,24,21.803334,1
2142,2611923443488590177,15,15,random,0.02,55,24,21.754875,1
2143,2611923443488590178,15,15,random,0.02,56,27,21.922875,1
2144,2611923443488590179,15,15,random,0.02,53,27,22.530833,1
2145,2611923443488590180,15,15,random,0.02,51,27,21.76475,1
2146,2611923443488590181,15,15,random,0.02,56,43,21.83,1
2147,2611923443488590182,15,15,random,0.02,53,27,22.698041,1
2148,2611923443488590183,15,15,random,0.02,53,29,21.799083,1
2149,2611923443488590184,15,15,random,0.02,49,25,22.078667,1
2150,2611923443488590185,15,15,random,0.02,52,30,22.624125,1
2151,2611923443488590186,15,15,random,0.02,51,33,21.82775,1
2152,2611923443488590187,15,15,random,0.02,52,28,21.76925,1
2153,2611923443488590188,15,15,random,0.02,54,30,22.098666,1
2154,2611923443488590189,15,15,random,0.02,54,24,22.05625,1
2155,2611923443488590190,15,15,random,0.02,53,26,21.815291,1
2156,2611923443488590191,15,15,random,0.02,52,29,22.161917,1
2157,2611923443488590192,15,15,random,0.02,59,24,21.818458,1
2158,2611923443488590193,15,15,random,0.02,53,19,22.009917,1
2159,2611923443488590194,15,15,random,0.02,51,23,21.817917,1
2160,2611923443488590195,15,15,random,0.02,53,26,21.7805,1
2161,2611923443488590196,15,15,random,0.02,50,23,21.742084,1
2162,2611923443488590197,15,15,random,0.02,54,25,21.775916,1
2163,2611923443488590198,15,15,random,0.02,50,28,21.720042,1
2164,2611923443488590199,15,15,random,0.02,55,30,22.127625,1
2165,2611923443488590200,15,15,random,0.02,54,42,21.861375,1
2166,2611923443488590201,15,15,random,0.02,59,31,21.896958,1
2167,2611923443488590202,15,15,random,0.02,55,26,21.858167,1
2168,2611923443488590203,15,15,random,0.02,57,29,21.796375,1
2169,2611923443488590204,15,15,random,0.02,54,35,22.015208,1
2170,2611923443488590205,15,15,random,0.02,56,26,21.789167,1
2171,2611923443488590206,15,15,random,0.02,56,30,21.879166,1
2172,2611923443488590207,15,15,random,0.02,50,27,22.067583,1
2173,2611923443488590208,15,15,random,0.02,56,32,21.790458,1
2174,2611923443488590209,15,15,random,0.02,51,27,21.8325,1
2175,2611923443488590210,15,15,random,0.02,59,29,22.047792,1
2176,2611923443488590211,15,15,random,0.02,51,21,22.484458,1
2177,2611923443488590212,15,15,random,0.02,53,25,24.170667,1
2178,2611923443488590213,15,15,random,0.02,55,26,21.879875,1
2179,2611923443488590214,15,15,random,0.02,49,20,21.850583,1
2180,2611923443488590215,15,15,random,0.02,56,27,21.786667,1
2181,2611923443488590216,15,15,random,0.02,50,23,22.21475,1
2182,2611923443488590217,15,15,random,0.02,51,27,21.919458,1
2183,2611923443488590218,15,15,random,0.02,52,26,21.936542,1
2184,2611923443488590219,15,15,random,0.02,54,25,22.227666,1
2185,2611923443488590220,15,15,random,0.02,56,25,21.865042,1
2186,2611923443488590221,15,15,random,0.02,54,26,21.896667,1
2187,2611923443488590222,15,15,random,0.02,55,37,22.294125,1
2188,2611923443488590223,15,15,random,0.02,54,27,21.858375,1
2189,2611923443488590224,15,15,random,0.02,50,30,21.753458,1
2190,2611923443488590225,15,15,random,0.02,52,19,21.799833,1
2191,2611923443488590226,15,15,random,0.02,46,20,21.766583,1
2192,2611923443488590227,15,15,random,0.02,50,24,21.7705,1
2193,2611923443488590228,15,15,random,0.02,50,32,21.731458,1
2194,2611923443488590229,15,15,random,0.02,48,25,23.94625,1
2195,2611923443488590230,15,15,random,0.02,55,22,21.838125,1
2196,2611923443488590231,15,15,random,0.02,53,28,21.774666,1
2197,2611923443488590232,15,15,random,0.02,58,28,21.759458,1
2198,2611923443488590233,15,15,random,0.02,52,28,21.827667,1
2199,2611923443488590234,15,15,random,0.02,53,19,21.848208,1
2200,2611923443488655571,20,20,random,0.02,84,27,24.750417,1
2201,2611923443488655572,20,20,random,0.02,87,41,24.373208,1
2202,2611923443488655573,20,20,random,0.02,89,41,24.469584,1
2203,2611923443488655574,20,20,random,0.02,90,34,24.488209,1
2204,2611923443488655575,20,20,random,0.02,90,29,27.982583,1
2205,2611923443488655576,20,20,random,0.02,89,35,29.441333,1
2206,2611923443488655577,20,20,random,0.02,86,29,27.939,1
2207,2611923443488655578,20,20,random,0.02,96,46,24.64475,1
2208,2611923443488655579,20,20,random,0.02,87,40,24.621916,1
2209,2611923443488655580,20,20,random,0.02,96,37,24.555208,1
2210,2611923443488655581,20,20,random,0.02,89,30,24.484625,1
2211,2611923443488655582,20,20,random,0.02,96,39,24.332125,1
2212,2611923443488655583,20,20,random,0.02,90,46,24.43125,1
2213,2611923443488655584,20,20,random,0.02,95,36,24.322041,1
2214,2611923443488655585,20,20,random,0.02,89,40,24.565667,1
2215,2611923443488655586,20,20,random,0.02,89,34,24.547292,1
2216,2611923443488655587,20,20,random,0.02,94,35,24.271708,1
2217,2611923443488655588,20,20,random,0.02,92,38,24.893208,1
2218,2611923443488655589,20,20,random,0.02,92,37,24.631958,1
2219,2611923443488655590,20,20,random,0.02,88,39,24.54625,1
2220,2611923443488655591,20,20,random,0.02,92,26,24.439375,1
2221,2611923443488655592,20,20,random,0.02,89,32,24.757875,1
2222,2611923443488655593,20,20,random,0.02,92,38,24.375125,1
2223,2611923443488655594,20,20,random,0.02,89,41,24.663209,1
2224,2611923443488655595,20,20,random,0.02,88,30,24.631334,1
2225,2611923443488655596,20,20,random,0.02,89,30,24.73675,1
2226,2611923443488655597,20,20,random,0.02,91,29,24.485541,1
2227,2611923443488655598,20,20,random,0.02,88,32,24.619208,1
2228,2611923443488655599,20,20,random,0.02,92,35,24.406,1
2229,2611923443488655600,20,20,random,0.02,88,33,24.414583,1
2230,2611923443488655601,20,20,random,0.02,96,32,24.499333,1
2231,2611923443488655602,20,20,random,0.02,89,36,24.399709,1
2232,2611923443488655603,20,20,random,0.02,88,39,24.384542,1
2233,2611923443488655604,20,20,random,0.02,94,44,24.296875,1
2234,2611923443488655605,20,20,random,0.02,93,34,24.513,1
2235,2611923443488655606,20,20,random,0.02,91,34,24.342458,1
2236,2611923443488655607,20,20,random,0.02,84,34,24.55325,1
2237,2611923443488655608,20,20,random,0.02,96,35,24.570875,1
2238,2611923443488655609,20,20,random,0.02,96,35,24.441333,1
2239,2611923443488655610,20,20,random,0.02,90,30,24.613,1
2240,2611923443488655611,20,20,random,0.02,92,38,24.64475,1
2241,2611923443488655612,20,20,random,0.02,88,29,24.779584,1
2242,2611923443488655613,20,20,random,0.02,96,37,47.927333,1
2243,2611923443488655614,20,20,random,0.02,94,38,55.45625,1
2244,2611923443488655615,20,20,random,0.02,90,35,30.953583,1
2245,2611923443488655616,20,20,random,0.02,92,29,24.601459,1
2246,2611923443488655617,20,20,random,0.02,92,32,24.507625,1
2247,2611923443488655618,20,20,random,0.02,93,38,24.691083,1
2248,2611923443488655619,20,20,random,0.02,81,39,24.485042,1
2249,2611923443488655620,20,20,random,0.02,90,29,24.364125,1
2250,2611923443488655621,20,20,random,0.02,85,40,24.178666,1
2251,2611923443488655622,20,20,random,0.02,98,42,24.664917,1
2252,2611923443488655623,20,20,random,0.02,90,26,24.577584,1
2253,2611923443488655624,20,20,random,0.02,98,34,24.867667,1
2254,2611923443488655625,20,20,random,0.02,85,33,24.457209,1
2255,2611923443488655626,20,20,random,0.02,86,34,24.714958,1
2256,2611923443488655627,20,20,random,0.02,89,37,24.672167,1
2257,2611923443488655628,20,20,random,0.02,92,29,24.526417,1
2258,2611923443488655629,20,20,random,0.02,94,35,24.591291,1
2259,2611923443488655630,20,20,random,0.02,91,34,24.656917,1
2260,2611923443488655631,20,20,random,0.02,90,27,24.582667,1
2261,2611923443488655632,20,20,random,0.02,92,34,25.011542,1
2262,2611923443488655633,20,20,random,0.02,92,35,24.516125,1
2263,2611923443488655634,20,20,random,0.02,89,43,24.564208,1
2264,2611923443488655635,20,20,random,0.02,85,34,24.567208,1
2265,2611923443488655636,20,20,random,0.02,82,36,24.729708,1
2266,2611923443488655637,20,20,random,0.02,88,35,24.463375,1
2267,2611923443488655638,20,20,random,0.02,94,35,24.538125,1
2268,2611923443488655639,20,20,random,0.02,95,37,24.444958,1
2269,2611923443488655640,20,20,random,0.02,92,42,24.340042,1
2270,2611923443488655641,20,20,random,0.02,90,39,24.613042,1
2271,2611923443488655642,20,20,random,0.02,92,42,24.333958,1
2272,2611923443488655643,20,20,random,0.02,91,44,24.539958,1
2273,2611923443488655644,20,20,random,0.02,93,39,24.398166,1
2274,2611923443488655645,20,20,random,0.02,84,31,26.14075,1
2275,2611923443488655646,20,20,random,0.02,88,39,24.358958,1
2276,2611923443488655647,20,20,random,0.02,89,31,24.53875,1
2277,2611923443488655648,20,20,random,0.02,91,33,24.291291,1
2278,2611923443488655649,20,20,random,0.02,86,46,24.485667,1
2279,2611923443488655650,20,20,random,0.02,91,34,24.485792,1
2280,2611923443488655651,20,20,random,0.02,87,30,24.699083,1
2281,2611923443488655652,20,20,random,0.02,88,38,24.346666,1
2282,2611923443488655653,20,20,random,0.02,93,40,24.557084,1
2283,2611923443488655654,20,20,random,0.02,86,28,24.455375,1
2284,2611923443488655655,20,20,random,0.02,92,32,24.688125,1
2285,2611923443488655656,20,20,random,0.02,96,44,24.529458,1
2286,2611923443488655657,20,20,random,0.02,89,45,24.670792,1
2287,2611923443488655658,20,20,random,0.02,91,41,24.349041,1
2288,2611923443488655659,20,20,random,0.02,87,33,24.770875,1
2289,2611923443488655660,20,20,random,0.02,84,34,24.40825,1
2290,2611923443488655661,20,20,random,0.02,91,34,24.562084,1
2291,2611923443488655662,20,20,random,0.02,93,34,24.545584,1
2292,2611923443488655663,20,20,random,0.02,92,33,24.381041,1
2293,2611923443488655664,20,20,random,0.02,90,37,24.356791,1
2294,2611923443488655665,20,20,random,0.02,91,35,24.350541,1
2295,2611923443488655666,20,20,random,0.02,93,36,24.398042,1
2296,2611923443488655667,20,20,random,0.02,90,35,24.405958,1
2297,2611923443488655668,20,20,random,0.02,92,33,24.583084,1
2298,2611923443488655669,20,20,random,0.02,94,49,24.486417,1
2299,2611923443488655670,20,20,random,0.02,98,38,24.418375,1
2300,2611923443488655671,20,20,random,0.02,94,27,24.52875,1
2301,2611923443488655672,20,20,random,0.02,97,27,24.78475,1
2302,2611923443488655673,20,20,random,0.02,90,35,24.384083,1
2303,2611923443488655674,20,20,random,0.02,86,32,24.653,1
2304,2611923443488655675,20,20,random,0.02,91,27,24.394834,1
2305,2611923443488655676,20,20,random,0.02,94,41,24.461208,1
2306,2611923443488655677,20,20,random,0.02,94,36,24.350792,1
2307,2611923443488655678,20,20,random,0.02,89,30,24.534334,1
2308,2611923443488655679,20,20,random,0.02,92,44,24.736833,1
2309,2611923443488655680,20,20,random,0.02,92,35,24.550542,1
2310,2611923443488655681,20,20,random,0.02,93,40,24.250375,1
2311,2611923443488655682,20,20,random,0.02,84,26,24.648167,1
2312,2611923443488655683,20,20,random,0.02,88,35,24.483834,1
2313,2611923443488655684,20,20,random,0.02,88,33,26.914,1
2314,2611923443488655685,20,20,random,0.02,89,33,24.957833,1
2315,2611923443488655686,20,20,random,0.02,96,36,24.7595,1
2316,2611923443488655687,20,20,random,0.02,85,31,24.478083,1
2317,2611923443488655688,20,20,random,0.02,88,32,24.719083,1
2318,2611923443488655689,20,20,random,0.02,93,40,24.370333,1
2319,2611923443488655690,20,20,random,0.02,82,36,24.460125,1
2320,2611923443488655691,20,20,random,0.02,93,33,24.365292,1
2321,2611923443488655692,20,20,random,0.02,92,37,24.480417,1
2322,2611923443488655693,20,20,random,0.02,91,32,24.439291,1
2323,2611923443488655694,20,20,random,0.02,95,38,24.40525,1
2324,2611923443488655695,20,20,random,0.02,88,39,24.45675,1
2325,2611923443488655696,20,20,random,0.02,93,38,24.490542,1
2326,2611923443488655697,20,20,random,0.02,87,36,24.248875,1
2327,2611923443488655698,20,20,random,0.02,96,40,24.536458,1
2328,2611923443488655699,20,20,random,0.02,95,32,24.517042,1
2329,2611923443488655700,20,20,random,0.02,92,35,24.387875,1
2330,2611923443488655701,20,20,random,0.02,93,33,24.805792,1
2331,2611923443488655702,20,20,random,0.02,88,33,24.485209,1
2332,2611923443488655703,20,20,random,0.02,93,50,24.497292,1
2333,2611923443488655704,20,20,random,0.02,98,34,24.564958,1
2334,2611923443488655705,20,20,random,0.02,93,29,24.622375,1
2335,2611923443488655706,20,20,random,0.02,91,37,24.334083,1
2336,2611923443488655707,20,20,random,0.02,97,39,24.555625,1
2337,2611923443488655708,20,20,random,0.02,96,42,24.324875,1
2338,2611923443488655709,20,20,random,0.02,94,36,24.614166,1
2339,2611923443488655710,20,20,random,0.02,93,34,24.49825,1
2340,2611923443488655711,20,20,random,0.02,89,36,24.267708,1
2341,2611923443488655712,20,20,random,0.02,92,39,24.347208,1
2342,2611923443488655713,20,20,random,0.02,93,38,24.433625,1
2343,2611923443488655714,20,20,random,0.02,93,31,24.466875,1
2344,2611923443488655715,20,20,random,0.02,87,33,24.434959,1
2345,2611923443488655716,20,20,random,0.02,87,37,24.533333,1
2346,2611923443488655717,20,20,random,0.02,95,46,24.35125,1
2347,2611923443488655718,20,20,random,0.02,87,34,24.623875,1
2348,2611923443488655719,20,20,random,0.02,95,40,24.456083,1
2349,2611923443488655720,20,20,random,0.02,89,31,24.71075,1
2350,2611923443488655721,20,20,random,0.02,89,29,24.416458,1
2351,2611923443488655722,20,20,random,0.02,92,31,24.803917,1
2352,2611923443488655723,20,20,random,0.02,83,30,24.615834,1
2353,2611923443488655724,20,20,random,0.02,92,31,24.580209,1
2354,2611923443488655725,20,20,random,0.02,87,24,24.463791,1
2355,2611923443488655726,20,20,random,0.02,93,43,25.664667,1
2356,2611923443488655727,20,20,random,0.02,89,36,24.417791,1
2357,2611923443488655728,20,20,random,0.02,81,27,24.665208,1
2358,2611923443488655729,20,20,random,0.02,87,28,24.37975,1
2359,2611923443488655730,20,20,random,0.02,92,40,28.590791,1
2360,2611923443488655731,20,20,random,0.02,94,43,24.259542,1
2361,2611923443488655732,20,20,random,0.02,90,35,24.714,1
2362,2611923443488655733,20,20,random,0.02,97,46,24.3825,1
2363,2611923443488655734,20,20,random,0.02,87,33,24.695666,1
2364,2611923443488655735,20,20,random,0.02,91,42,24.383958,1
2365,2611923443488655736,20,20,random,0.02,95,44,24.4725,1
2366,2611923443488655737,20,20,random,0.02,87,34,24.640167,1
2367,2611923443488655738,20,20,random,0.02,89,32,24.770208,1
2368,2611923443488655739,20,20,random,0.02,94,31,24.353625,1
2369,2611923443488655740,20,20,random,0.02,87,36,24.61125,1
2370,2611923443488655741,20,20,random,0.02,97,33,24.436958,1
2371,2611923443488655742,20,20,random,0.02,86,35,24.298667,1
2372,2611923443488655743,20,20,random,0.02,94,51,24.368542,1
2373,2611923443488655744,20,20,random,0.02,86,35,24.297209,1
2374,2611923443488655745,20,20,random,0.02,92,39,24.505167,1
2375,2611923443488655746,20,20,random,0.02,91,42,24.43375,1
2376,2611923443488655747,20,20,random,0.02,95,39,24.503333,1
2377,2611923443488655748,20,20,random,0.02,96,39,24.37875,1
2378,2611923443488655749,20,20,random,0.02,94,37,24.728041,1
2379,2611923443488655750,20,20,random,0.02,94,44,24.360958,1
2380,2611923443488655751,20,20,random,0.02,85,38,24.481209,1
2381,2611923443488655752,20,20,random,0.02,87,35,24.447125,1
2382,2611923443488655753,20,20,random,0.02,91,34,24.611083,1
2383,2611923443488655754,20,20,random,0.02,88,37,24.351,1
2384,2611923443488655755,20,20,random,0.02,86,37,24.741208,1
2385,2611923443488655756,20,20,random,0.02,88,38,24.398042,1
2386,2611923443488655757,20,20,random,0.02,90,30,24.78675,1
2387,2611923443488655758,20,20,random,0.02,88,35,24.539209,1
2388,2611923443488655759,20,20,random,0.02,90,31,24.823291,1
2389,2611923443488655760,20,20,random,0.02,92,39,24.8975,1
2390,2611923443488655761,20,20,random,0.02,92,40,24.416125,1
2391,2611923443488655762,20,20,random,0.02,86,43,24.430833,1
2392,2611923443488655763,20,20,random,0.02,95,47,24.434416,1
2393,2611923443488655764,20,20,random,0.02,95,43,24.351666,1
2394,2611923443488655765,20,20,random,0.02,92,35,24.541625,1
2395,2611923443488655766,20,20,random,0.02,85,41,24.620916,1
2396,2611923443488655767,20,20,random,0.02,87,37,24.681833,1
2397,2611923443488655768,20,20,random,0.02,88,44,24.495875,1
2398,2611923443488655769,20,20,random,0.02,89,30,24.753708,1
2399,2611923443488655770,20,20,random,0.02,88,36,25.136459,1
2400,2611923443488721107,1,20,thin,0.02,9,11,20.028,1
2401,2611923443488721108,1,20,thin,0.02,9,10,20.025708,1
2402,2611923443488721109,1,20,thin,0.02,9,10,20.031209,1
2403,2611923443488721110,1,20,thin,0.02,11,11,20.019291,1
2404,2611923443488721111,1,20,thin,0.02,8,12,20.024833,1
2405,2611923443488721112,1,20,thin,0.02,10,15,20.026375,1
2406,2611923443488721113,1,20,thin,0.02,9,10,20.03125,1
2407,2611923443488721114,1,20,thin,0.02,9,12,20.021709,1
2408,2611923443488721115,1,20,thin,0.02,8,13,20.026875,1
2409,2611923443488721116,1,20,thin,0.02,10,10,20.02,1
2410,2611923443488721117,1,20,thin,0.02,9,11,20.027,1
2411,2611923443488721118,1,20,thin,0.02,10,10,20.029125,1
2412,2611923443488721119,1,20,thin,0.02,8,10,20.129708,1
2413,2611923443488721120,1,20,thin,0.02,10,13,20.0195,1
2414,2611923443488721121,1,20,thin,0.02,9,10,20.025583,1
2415,2611923443488721122,1,20,thin,0.02,10,13,20.022583,1
2416,2611923443488721123,1,20,thin,0.02,9,13,20.024625,1
2417,2611923443488721124,1,20,thin,0.02,10,13,20.019708,1
2418,2611923443488721125,1,20,thin,0.02,9,12,20.022959,1
2419,2611923443488721126,1,20,thin,0.02,9,15,20.015583,1
2420,2611923443488721127,1,20,thin,0.02,10,16,20.018708,1
2421,2611923443488721128,1,20,thin,0.02,9,12,20.02525,1
2422,2611923443488721129,1,20,thin,0.02,9,12,20.016,1
2423,2611923443488721130,1,20,thin,0.02,10,13,20.015792,1
2424,2611923443488721131,1,20,thin,0.02,10,11,20.022917,1
2425,2611923443488721132,1,20,thin,0.02,10,13,20.022792,1
2426,2611923443488721133,1,20,thin,0.02,9,11,20.016458,1
2427,2611923443488721134,1,20,thin,0.02,9,12,20.021292,1
2428,2611923443488721135,1,20,thin,0.02,11,12,20.021,1
2429,2611923443488721136,1,20,thin,0.02,10,11,20.024,1
2430,2611923443488721137,1,20,thin,0.02,8,12,20.0335,1
2431,2611923443488721138,1,20,thin,0.02,10,12,20.0265,1
2432,2611923443488721139,1,20,thin,0.02,8,11,20.031083,1
2433,2611923443488721140,1,20,thin,0.02,10,14,20.022084,1
2434,2611923443488721141,1,20,thin,0.02,9,12,20.024334,1
2435,2611923443488721142,1,20,thin,0.02,10,10,20.032208,1
2436,2611923443488721143,1,20,thin,0.02,10,11,20.015958,1
2437,2611923443488721144,1,20,thin,0.02,10,10,20.023709,1
2438,2611923443488721145,1,20,thin,0.02,10,11,20.035375,1
2439,2611923443488721146,1,20,thin,0.02,10,12,20.030625,1
2440,2611923443488721147,1,20,thin,0.02,10,10,20.018041,1
2441,2611923443488721148,1,20,thin,0.02,9,10,20.022292,1
2442,2611923443488721149,1,20,thin,0.02,9,10,20.020583,1
2443,2611923443488721150,1,20,thin,0.02,9,13,20.023958,1
2444,2611923443488721151,1,20,thin,0.02,10,11,20.030167,1
2445,2611923443488721152,1,20,thin,0.02,9,12,20.021666,1
2446,2611923443488721153,1,20,thin,0.02,9,14,20.032625,1
2447,2611923443488721154,1,20,thin,0.02,9,10,20.027,1
2448,2611923443488721155,1,20,thin,0.02,9,14,20.018083,1
2449,2611923443488721156,1,20,thin,0.02,11,10,20.02175,1
2450,2611923443488721157,1,20,thin,0.02,10,10,20.025542,1
2451,2611923443488721158,1,20,thin,0.02,10,10,20.03,1
2452,2611923443488721159,1,20,thin,0.02,11,11,20.055459,1
2453,2611923443488721160,1,20,thin,0.02,8,10,20.028041,1
2454,2611923443488721161,1,20,thin,0.02,9,11,20.015542,1
2455,2611923443488721162,1,20,thin,0.02,8,10,20.02525,1
2456,2611923443488721163,1,20,thin,0.02,8,11,20.020875,1
2457,2611923443488721164,1,20,thin,0.02,9,14,20.030083,1
2458,2611923443488721165,1,20,thin,0.02,10,11,20.026875,1
2459,2611923443488721166,1,20,thin,0.02,11,12,20.0305,1
2460,2611923443488721167,1,20,thin,0.02,10,13,20.028708,1
2461,2611923443488721168,1,20,thin,0.02,11,10,20.015834,1
2462,2611923443488721169,1,20,thin,0.02,10,10,20.017625,1
2463,2611923443488721170,1,20,thin,0.02,10,11,20.025667,1
2464,2611923443488721171,1,20,thin,0.02,10,10,20.017458,1
2465,2611923443488721172,1,20,thin,0.02,9,10,20.033667,1
2466,2611923443488721173,1,20,thin,0.02,10,10,20.025583,1
2467,2611923443488721174,1,20,thin,0.02,10,14,20.022375,1
2468,2611923443488721175,1,20,thin,0.02,9,11,20.023792,1
2469,2611923443488721176,1,20,thin,0.02,8,11,20.022541,1
2470,2611923443488721177,1,20,thin,0.02,10,12,20.025209,1
2471,2611923443488721178,1,20,thin,0.02,10,12,20.020333,1
2472,2611923443488721179,1,20,thin,0.02,8,10,20.0205,1
2473,2611923443488721180,1,20,thin,0.02,9,10,20.027125,1
2474,2611923443488721181,1,20,thin,0.02,9,11,20.027,1
2475,2611923443488721182,1,20,thin,0.02,9,12,20.031667,1
2476,2611923443488721183,1,20,thin,0.02,10,10,20.025083,1
2477,2611923443488721184,1,20,thin,0.02,9,15,20.017375,1
2478,2611923443488721185,1,20,thin,0.02,10,12,20.018416,1
2479,2611923443488721186,1,20,thin,0.02,9,11,20.022208,1
2480,2611923443488721187,1,20,thin,0.02,10,11,20.023334,1
2481,2611923443488721188,1,20,thin,0.02,9,10,20.027541,1
2482,2611923443488721189,1,20,thin,0.02,9,11,20.023125,1
2483,2611923443488721190,1,20,thin,0.02,9,10,20.023667,1
2484,2611923443488721191,1,20,thin,0.02,11,12,20.025375,1
2485,2611923443488721192,1,20,thin,0.02,9,10,20.021792,1
2486,2611923443488721193,1,20,thin,0.02,10,15,20.018209,1
2487,2611923443488721194,1,20,thin,0.02,9,11,20.0155,1
2488,2611923443488721195,1,20,thin,0.02,8,13,20.029708,1
2489,2611923443488721196,1,20,thin,0.02,10,10,20.027416,1
2490,2611923443488721197,1,20,thin,0.02,10,10,20.03075,1
2491,2611923443488721198,1,20,thin,0.02,9,13,20.025291,1
2492,2611923443488721199,1,20,thin,0.02,9,10,20.021875,1
2493,2611923443488721200,1,20,thin,0.02,10,10,20.031875,1
2494,2611923443488721201,1,20,thin,0.02,9,12,20.023542,1
2495,2611923443488721202,1,20,thin,0.02,8,11,20.023291,1
2496,2611923443488721203,1,20,thin,0.02,9,11,20.03025,1
2497,2611923443488721204,1,20,thin,0.02,9,14,20.024958,1
2498,2611923443488721205,1,20,thin,0.02,11,10,20.024417,1
2499,2611923443488721206,1,20,thin,0.02,10,10,20.0205,1
2500,2611923443488786643,2,20,thin,0.02,14,19,20.091125,1
2501,2611923443488786644,2,20,thin,0.02,12,17,20.150125,1
2502,2611923443488786645,2,20,thin,0.02,13,17,20.103209,1
2503,2611923443488786646,2,20,thin,0.02,13,19,20.08225,1
2504,2611923443488786647,2,20,thin,0.02,12,14,20.089666,1
2505,2611923443488786648,2,20,thin,0.02,15,21,20.075208,1
2506,2611923443488786649,2,20,thin,0.02,12,15,20.092,1
2507,2611923443488786650,2,20,thin,0.02,15,18,20.091792,1
2508,2611923443488786651,2,20,thin,0.02,13,12,20.093125,1
2509,2611923443488786652,2,20,thin,0.02,10,14,20.093542,1
2510,2611923443488786653,2,20,thin,0.02,16,18,20.083875,1
2511,2611923443488786654,2,20,thin,0.02,14,15,20.097209,1
2512,2611923443488786655,2,20,thin,0.02,14,16,20.086584,1
2513,2611923443488786656,2,20,thin,0.02,14,20,20.082333,1
2514,2611923443488786657,2,20,thin,0.02,14,21,20.078583,1
2515,2611923443488786658,2,20,thin,0.02,14,16,20.094458,1
2516,2611923443488786659,2,20,thin,0.02,16,21,20.074709,1
2517,2611923443488786660,2,20,thin,0.02,13,18,20.086833,1
2518,2611923443488786661,2,20,thin,0.02,16,20,20.081792,1
2519,2611923443488786662,2,20,thin,0.02,14,14,20.096333,1
2520,2611923443488786663,2,20,thin,0.02,13,18,20.09425,1
2521,2611923443488786664,2,20,thin,0.02,12,14,20.083958,1
2522,2611923443488786665,2,20,thin,0.02,14,17,20.092416,1
2523,2611923443488786666,2,20,thin,0.02,14,17,20.085167,1
2524,2611923443488786667,2,20,thin,0.02,14,13,20.094542,1
2525,2611923443488786668,2,20,thin,0.02,15,19,20.1055,1
2526,2611923443488786669,2,20,thin,0.02,14,18,20.096458,1
2527,2611923443488786670,2,20,thin,0.02,11,13,20.077833,1
2528,2611923443488786671,2,20,thin,0.02,14,13,20.089375,1
2529,2611923443488786672,2,20,thin,0.02,12,14,20.08925,1
2530,2611923443488786673,2,20,thin,0.02,13,17,20.097625,1
2531,2611923443488786674,2,20,thin,0.02,15,20,20.073917,1
2532,2611923443488786675,2,20,thin,0.02,17,19,20.080417,1
2533,2611923443488786676,2,20,thin,0.02,14,18,20.080375,1
2534,2611923443488786677,2,20,thin,0.02,12,15,20.121125,1
2535,2611923443488786678,2,20,thin,0.02,16,18,20.158375,1
2536,2611923443488786679,2,20,thin,0.02,11,12,20.088125,1
2537,2611923443488786680,2,20,thin,0.02,14,17,20.088583,1
2538,2611923443488786681,2,20,thin,0.02,12,15,20.09175,1
2539,2611923443488786682,2,20,thin,0.02,11,13,20.089334,1
2540,2611923443488786683,2,20,thin,0.02,13,17,20.097792,1
2541,2611923443488786684,2,20,thin,0.02,15,17,20.096292,1
2542,2611923443488786685,2,20,thin,0.02,16,15,20.081958,1
2543,2611923443488786686,2,20,thin,0.02,11,12,20.093875,1
2544,2611923443488786687,2,20,thin,0.02,13,18,20.086541,1
2545,2611923443488786688,2,20,thin,0.02,15,14,20.088791,1
2546,2611923443488786689,2,20,thin,0.02,14,19,20.094875,1
2547,2611923443488786690,2,20,thin,0.02,16,21,20.074291,1
2548,2611923443488786691,2,20,thin,0.02,14,15,20.082417,1
2549,2611923443488786692,2,20,thin,0.02,15,19,20.085334,1
2550,2611923443488786693,2,20,thin,0.02,13,14,20.090958,1
2551,2611923443488786694,2,20,thin,0.02,15,16,20.086042,1
2552,2611923443488786695,2,20,thin,0.02,16,22,20.080291,1
2553,2611923443488786696,2,20,thin,0.02,15,13,20.102917,1
2554,2611923443488786697,2,20,thin,0.02,11,18,20.093209,1
2555,2611923443488786698,2,20,thin,0.02,11,17,20.093708,1
2556,2611923443488786699,2,20,thin,0.02,13,11,20.093792,1
2557,2611923443488786700,2,20,thin,0.02,13,17,20.08775,1
2558,2611923443488786701,2,20,thin,0.02,16,21,20.097084,1
2559,2611923443488786702,2,20,thin,0.02,12,17,20.086541,1
2560,2611923443488786703,2,20,thin,0.02,12,13,20.104375,1
2561,2611923443488786704,2,20,thin,0.02,16,18,20.086042,1
2562,2611923443488786705,2,20,thin,0.02,14,19,20.088208,1
2563,2611923443488786706,2,20,thin,0.02,17,20,20.089666,1
2564,2611923443488786707,2,20,thin,0.02,14,16,20.096666,1
2565,2611923443488786708,2,20,thin,0.02,13,12,20.113959,1
2566,2611923443488786709,2,20,thin,0.02,15,20,20.079458,1
2567,2611923443488786710,2,20,thin,0.02,11,15,20.093083,1
2568,2611923443488786711,2,20,thin,0.02,14,20,20.072084,1
2569,2611923443488786712,2,20,thin,0.02,14,19,20.078417,1
2570,2611923443488786713,2,20,thin,0.02,12,16,20.080292,1
2571,2611923443488786714,2,20,thin,0.02,13,16,20.098083,1
2572,2611923443488786715,2,20,thin,0.02,14,16,20.101667,1
2573,2611923443488786716,2,20,thin,0.02,12,14,20.096834,1
2574,2611923443488786717,2,20,thin,0.02,12,13,20.097333,1
2575,2611923443488786718,2,20,thin,0.02,12,12,20.100209,1
2576,2611923443488786719,2,20,thin,0.02,15,21,20.074708,1
2577,2611923443488786720,2,20,thin,0.02,16,20,20.06825,1
2578,2611923443488786721,2,20,thin,0.02,15,18,20.100917,1
2579,2611923443488786722,2,20,thin,0.02,14,17,20.087,1
2580,2611923443488786723,2,20,thin,0.02,15,19,20.090917,1
2581,2611923443488786724,2,20,thin,0.02,15,16,20.084875,1
2582,2611923443488786725,2,20,thin,0.02,13,20,20.085875,1
2583,2611923443488786726,2,20,thin,0.02,10,12,20.1085,1
2584,2611923443488786727,2,20,thin,0.02,12,11,20.107708,1
2585,2611923443488786728,2,20,thin,0.02,16,25,20.080125,1
2586,2611923443488786729,2,20,thin,0.02,14,20,20.08925,1
2587,2611923443488786730,2,20,thin,0.02,14,17,20.088125,1
2588,2611923443488786731,2,20,thin,0.02,14,20,20.081459,1
2589,2611923443488786732,2,20,thin,0.02,13,20,20.083167,1
2590,2611923443488786733,2,20,thin,0.02,14,20,20.077041,1
2591,2611923443488786734,2,20,thin,0.02,14,21,20.085375,1
2592,2611923443488786735,2,20,thin,0.02,14,17,20.100292,1
2593,2611923443488786736,2,20,thin,0.02,14,16,20.142709,1
2594,2611923443488786737,2,20,thin,0.02,12,13,20.101167,1
2595,2611923443488786738,2,20,thin,0.02,14,15,20.080834,1
2596,2611923443488786739,2,20,thin,0.02,13,13,20.095708,1
2597,2611923443488786740,2,20,thin,0.02,11,16,20.091959,1
2598,2611923443488786741,2,20,thin,0.02,13,18,20.106833,1
2599,2611923443488786742,2,20,thin,0.02,13,15,20.088,1
2600,2611923443488852179,3,20,thin,0.02,14,12,20.254833,1
2601,2611923443488852180,3,20,thin,0.02,17,20,20.16075,1
2602,2611923443488852181,3,20,thin,0.02,14,17,20.172708,1
2603,2611923443488852182,3,20,thin,0.02,15,17,20.227917,1
2604,2611923443488852183,3,20,thin,0.02,14,16,20.186625,1
2605,2611923443488852184,3,20,thin,0.02,17,18,20.197792,1
2606,2611923443488852185,3,20,thin,0.02,17,17,20.199542,1
2607,2611923443488852186,3,20,thin,0.02,17,19,20.219417,1
2608,2611923443488852187,3,20,thin,0.02,15,17,20.214833,1
2609,2611923443488852188,3,20,thin,0.02,16,20,20.196958,1
2610,2611923443488852189,3,20,thin,0.02,17,17,20.185041,1
2611,2611923443488852190,3,20,thin,0.02,16,17,20.20875,1
2612,2611923443488852191,3,20,thin,0.02,14,14,20.239208,1
2613,2611923443488852192,3,20,thin,0.02,15,19,20.203334,1
2614,2611923443488852193,3,20,thin,0.02,15,18,20.2255,1
2615,2611923443488852194,3,20,thin,0.02,13,16,20.199916,1
2616,2611923443488852195,3,20,thin,0.02,14,18,20.194916,1
2617,2611923443488852196,3,20,thin,0.02,16,14,21.371833,1
2618,2611923443488852197,3,20,thin,0.02,14,16,31.431958,1
2619,2611923443488852198,3,20,thin,0.02,14,15,20.584,1
2620,2611923443488852199,3,20,thin,0.02,16,20,20.198625,1
2621,2611923443488852200,3,20,thin,0.02,14,17,20.34875,1
2622,2611923443488852201,3,20,thin,0.02,17,17,20.3665,1
2623,2611923443488852202,3,20,thin,0.02,15,15,20.218709,1
2624,2611923443488852203,3,20,thin,0.02,16,17,20.210333,1
2625,2611923443488852204,3,20,thin,0.02,16,15,20.186416,1
2626,2611923443488852205,3,20,thin,0.02,13,16,20.220041,1
2627,2611923443488852206,3,20,thin,0.02,16,17,20.23025,1
2628,2611923443488852207,3,20,thin,0.02,15,15,20.234042,1
2629,2611923443488852208,3,20,thin,0.02,16,24,20.190042,1
2630,2611923443488852209,3,20,thin,0.02,18,21,20.191833,1
2631,2611923443488852210,3,20,thin,0.02,11,15,20.196541,1
2632,2611923443488852211,3,20,thin,0.02,15,18,20.202208,1
2633,2611923443488852212,3,20,thin,0.02,15,13,20.202625,1
2634,2611923443488852213,3,20,thin,0.02,16,19,20.204083,1
2635,2611923443488852214,3,20,thin,0.02,15,13,20.23025,1
2636,2611923443488852215,3,20,thin,0.02,16,16,20.2025,1
2637,2611923443488852216,3,20,thin,0.02,16,19,20.186167,1
2638,2611923443488852217,3,20,thin,0.02,14,13,20.233375,1
2639,2611923443488852218,3,20,thin,0.02,17,22,20.186,1
2640,2611923443488852219,3,20,thin,0.02,14,18,20.194959,1
2641,2611923443488852220,3,20,thin,0.02,15,21,20.195208,1
2642,2611923443488852221,3,20,thin,0.02,14,15,20.223417,1
2643,2611923443488852222,3,20,thin,0.02,13,20,20.203208,1
2644,2611923443488852223,3,20,thin,0.02,12,13,20.221,1
2645,2611923443488852224,3,20,thin,0.02,16,20,20.193334,1
2646,2611923443488852225,3,20,thin,0.02,15,18,20.229041,1
2647,2611923443488852226,3,20,thin,0.02,17,14,20.242125,1
2648,2611923443488852227,3,20,thin,0.02,15,16,20.195125,1
2649,2611923443488852228,3,20,thin,0.02,17,17,20.206125,1
2650,2611923443488852229,3,20,thin,0.02,15,24,20.205,1
2651,2611923443488852230,3,20,thin,0.02,15,18,20.205917,1
2652,2611923443488852231,3,20,thin,0.02,17,20,20.201958,1
2653,2611923443488852232,3,20,thin,0.02,15,25,20.222792,1
2654,2611923443488852233,3,20,thin,0.02,15,14,20.19575,1
2655,2611923443488852234,3,20,thin,0.02,15,20,20.188042,1
2656,2611923443488852235,3,20,thin,0.02,14,16,20.196208,1
2657,2611923443488852236,3,20,thin,0.02,14,14,20.20725,1
2658,2611923443488852237,3,20,thin,0.02,15,12,20.213042,1
2659,2611923443488852238,3,20,thin,0.02,17,22,20.168084,1
2660,2611923443488852239,3,20,thin,0.02,16,18,20.201541,1
2661,2611923443488852240,3,20,thin,0.02,16,17,20.202834,1
2662,2611923443488852241,3,20,thin,0.02,14,17,20.196,1
2663,2611923443488852242,3,20,thin,0.02,16,22,20.17875,1
2664,2611923443488852243,3,20,thin,0.02,14,14,20.201166,1
2665,2611923443488852244,3,20,thin,0.02,15,12,20.201875,1
2666,2611923443488852245,3,20,thin,0.02,16,21,20.20775,1
2667,2611923443488852246,3,20,thin,0.02,15,19,20.228708,1
2668,2611923443488852247,3,20,thin,0.02,17,21,20.254209,1
2669,2611923443488852248,3,20,thin,0.02,17,18,20.242292,1
2670,2611923443488852249,3,20,thin,0.02,14,17,20.217625,1
2671,2611923443488852250,3,20,thin,0.02,15,20,20.202084,1
2672,2611923443488852251,3,20,thin,0.02,16,18,20.20775,1
2673,2611923443488852252,3,20,thin,0.02,14,15,20.213375,1
2674,2611923443488852253,3,20,thin,0.02,18,25,20.18,1
2675,2611923443488852254,3,20,thin,0.02,16,17,20.198,1
2676,2611923443488852255,3,20,thin,0.02,16,13,20.221292,1
2677,2611923443488852256,3,20,thin,0.02,17,17,20.2195,1
2678,2611923443488852257,3,20,thin,0.02,15,18,20.226792,1
2679,2611923443488852258,3,20,thin,0.02,15,16,20.210959,1
2680,2611923443488852259,3,20,thin,0.02,16,18,20.247708,1
2681,2611923443488852260,3,20,thin,0.02,16,12,20.447458,1
2682,2611923443488852261,3,20,thin,0.02,17,23,20.158834,1
2683,2611923443488852262,3,20,thin,0.02,14,16,20.197292,1
2684,2611923443488852263,3,20,thin,0.02,15,15,20.224292,1
2685,2611923443488852264,3,20,thin,0.02,15,20,20.206541,1
2686,2611923443488852265,3,20,thin,0.02,15,15,20.211292,1
2687,2611923443488852266,3,20,thin,0.02,18,24,20.183667,1
2688,2611923443488852267,3,20,thin,0.02,16,19,20.207416,1
2689,2611923443488852268,3,20,thin,0.02,13,20,20.175625,1
2690,2611923443488852269,3,20,thin,0.02,13,15,20.205041,1
2691,2611923443488852270,3,20,thin,0.02,14,18,20.208042,1
2692,2611923443488852271,3,20,thin,0.02,14,13,20.215917,1
2693,2611923443488852272,3,20,thin,0.02,14,18,20.236291,1
2694,2611923443488852273,3,20,thin,0.02,17,25,20.210333,1
2695,2611923443488852274,3,20,thin,0.02,13,15,20.234208,1
2696,2611923443488852275,3,20,thin,0.02,18,20,20.200083,1
2697,2611923443488852276,3,20,thin,0.02,17,15,20.24775,1
2698,2611923443488852277,3,20,thin,0.02,15,15,20.217875,1
2699,2611923443488852278,3,20,thin,0.02,14,18,20.217083,1
2700,2611923443488917715,4,10,rectangle,0.02,8,8,20.146833,1
2701,2611923443488917716,4,10,rectangle,0.02,8,10,20.1275,1
2702,2611923443488917717,4,10,rectangle,0.02,9,9,20.129958,1
2703,2611923443488917718,4,10,rectangle,0.02,7,10,20.1125,1
2704,2611923443488917719,4,10,rectangle,0.02,9,13,20.127125,1
2705,2611923443488917720,4,10,rectangle,0.02,8,13,20.099708,1
2706,2611923443488917721,4,10,rectangle,0.02,9,10,20.1095,1
2707,2611923443488917722,4,10,rectangle,0.02,8,8,20.106834,1
2708,2611923443488917723,4,10,rectangle,0.02,8,8,20.113625,1
2709,2611923443488917724,4,10,rectangle,0.02,8,13,20.11525,1
2710,2611923443488917725,4,10,rectangle,0.02,7,10,20.126334,1
2711,2611923443488917726,4,10,rectangle,0.02,6,13,20.127291,1
2712,2611923443488917727,4,10,rectangle,0.02,8,10,20.13075,1
2713,2611923443488917728,4,10,rectangle,0.02,7,10,20.113625,1
2714,2611923443488917729,4,10,rectangle,0.02,8,8,20.117875,1
2715,2611923443488917730,4,10,rectangle,0.02,7,9,20.114792,1
2716,2611923443488917731,4,10,rectangle,0.02,10,10,20.11675,1
2717,2611923443488917732,4,10,rectangle,0.02,9,11,20.105458,1
2718,2611923443488917733,4,10,rectangle,0.02,8,14,20.122541,1
2719,2611923443488917734,4,10,rectangle,0.02,8,11,20.1055,1
2720,2611923443488917735,4,10,rectangle,0.02,10,9,20.114666,1
2721,2611923443488917736,4,10,rectangle,0.02,7,9,20.1235,1
2722,2611923443488917737,4,10,rectangle,0.02,8,13,20.112125,1
2723,2611923443488917738,4,10,rectangle,0.02,11,13,20.106542,1
2724,2611923443488917739,4,10,rectangle,0.02,8,10,20.11425,1
2725,2611923443488917740,4,10,rectangle,0.02,9,10,20.117375,1
2726,2611923443488917741,4,10,rectangle,0.02,9,9,20.123667,1
2727,2611923443488917742,4,10,rectangle,0.02,8,10,20.110208,1
2728,2611923443488917743,4,10,rectangle,0.02,9,14,20.118709,1
2729,2611923443488917744,4,10,rectangle,0.02,8,11,20.113208,1
2730,2611923443488917745,4,10,rectangle,0.02,8,12,20.11575,1
2731,2611923443488917746,4,10,rectangle,0.02,6,9,20.126834,1
2732,2611923443488917747,4,10,rectangle,0.02,8,10,20.113375,1
2733,2611923443488917748,4,10,rectangle,0.02,7,12,20.126708,1
2734,2611923443488917749,4,10,rectangle,0.02,9,8,20.121542,1
2735,2611923443488917750,4,10,rectangle,0.02,10,12,20.126583,1
2736,2611923443488917751,4,10,rectangle,0.02,9,10,20.121209,1
2737,2611923443488917752,4,10,rectangle,0.02,9,11,20.114375,1
2738,2611923443488917753,4,10,rectangle,0.02,9,10,20.107834,1
2739,2611923443488917754,4,10,rectangle,0.02,9,10,20.167417,1
2740,2611923443488917755,4,10,rectangle,0.02,10,12,20.133458,1
2741,2611923443488917756,4,10,rectangle,0.02,9,13,20.112875,1
2742,2611923443488917757,4,10,rectangle,0.02,8,12,20.106333,1
2743,2611923443488917758,4,10,rectangle,0.02,8,14,20.101583,1
2744,2611923443488917759,4,10,rectangle,0.02,7,13,20.106166,1
2745,2611923443488917760,4,10,rectangle,0.02,8,14,20.113417,1
2746,2611923443488917761,4,10,rectangle,0.02,10,12,20.114708,1
2747,2611923443488917762,4,10,rectangle,0.02,9,9,20.131458,1
2748,2611923443488917763,4,10,rectangle,0.02,9,11,20.127916,1
2749,2611923443488917764,4,10,rectangle,0.02,9,10,20.215375,1
2750,2611923443488917765,4,10,rectangle,0.02,8,9,20.135333,1
2751,2611923443488917766,4,10,rectangle,0.02,8,10,20.117042,1
2752,2611923443488917767,4,10,rectangle,0.02,10,11,20.120375,1
2753,2611923443488917768,4,10,rectangle,0.02,8,11,20.138416,1
2754,2611923443488917769,4,10,rectangle,0.02,9,7,20.126458,1
2755,2611923443488917770,4,10,rectangle,0.02,11,12,20.123416,1
2756,2611923443488917771,4,10,rectangle,0.02,9,13,20.108292,1
2757,2611923443488917772,4,10,rectangle,0.02,10,11,20.120292,1
2758,2611923443488917773,4,10,rectangle,0.02,10,10,20.118583,1
2759,2611923443488917774,4,10,rectangle,0.02,8,13,20.105292,1
2760,2611923443488917775,4,10,rectangle,0.02,9,11,20.1115,1
2761,2611923443488917776,4,10,rectangle,0.02,9,9,20.114834,1
2762,2611923443488917777,4,10,rectangle,0.02,7,9,20.110334,1
2763,2611923443488917778,4,10,rectangle,0.02,8,12,20.146125,1
2764,2611923443488917779,4,10,rectangle,0.02,8,9,20.122334,1
2765,2611923443488917780,4,10,rectangle,0.02,9,10,20.121667,1
2766,2611923443488917781,4,10,rectangle,0.02,9,10,20.098417,1
2767,2611923443488917782,4,10,rectangle,0.02,8,11,20.117125,1
2768,2611923443488917783,4,10,rectangle,0.02,6,11,20.118792,1
2769,2611923443488917784,4,10,rectangle,0.02,9,14,20.120167,1
2770,2611923443488917785,4,10,rectangle,0.02,7,9,20.111083,1
2771,2611923443488917786,4,10,rectangle,0.02,10,11,20.141417,1
2772,2611923443488917787,4,10,rectangle,0.02,8,8,20.136458,1
2773,2611923443488917788,4,10,rectangle,0.02,9,9,20.115625,1
2774,2611923443488917789,4,10,rectangle,0.02,8,9,20.122583,1
2775,2611923443488917790,4,10,rectangle,0.02,8,10,20.129375,1
2776,2611923443488917791,4,10,rectangle,0.02,8,12,20.112083,1
2777,2611923443488917792,4,10,rectangle,0.02,7,9,20.119083,1
2778,2611923443488917793,4,10,rectangle,0.02,9,11,20.129125,1
2779,2611923443488917794,4,10,rectangle,0.02,8,10,20.107083,1
2780,2611923443488917795,4,10,rectangle,0.02,9,8,20.119708,1
2781,2611923443488917796,4,10,rectangle,0.02,9,14,20.108958,1
2782,2611923443488917797,4,10,rectangle,0.02,8,11,20.104125,1
2783,2611923443488917798,4,10,rectangle,0.02,10,10,20.12375,1
2784,2611923443488917799,4,10,rectangle,0.02,9,12,20.111917,1
2785,2611923443488917800,4,10,rectangle,0.02,8,8,20.126375,1
2786,2611923443488917801,4,10,rectangle,0.02,7,14,20.114625,1
2787,2611923443488917802,4,10,rectangle,0.02,9,10,20.102084,1
2788,2611923443488917803,4,10,rectangle,0.02,8,15,20.133,1
2789,2611923443488917804,4,10,rectangle,0.02,8,9,20.135875,1
2790,2611923443488917805,4,10,rectangle,0.02,8,9,20.14525,1
2791,2611923443488917806,4,10,rectangle,0.02,8,11,20.121666,1
2792,2611923443488917807,4,10,rectangle,0.02,10,9,20.115417,1
2793,2611923443488917808,4,10,rectangle,0.02,10,12,20.116042,1
2794,2611923443488917809,4,10,rectangle,0.02,7,12,20.114584,1
2795,2611923443488917810,4,10,rectangle,0.02,9,15,20.108916,1
2796,2611923443488917811,4,10,rectangle,0.02,8,8,20.120583,1
2797,2611923443488917812,4,10,rectangle,0.02,7,10,20.208958,1
2798,2611923443488917813,4,10,rectangle,0.02,9,11,20.290708,1
2799,2611923443488917814,4,10,rectangle,0.02,11,12,20.123875,1
2800,2611923443488983251,6,12,rectangle,0.02,14,14,20.360541,1
2801,2611923443488983252,6,12,rectangle,0.02,15,15,20.329625,1
2802,2611923443488983253,6,12,rectangle,0.02,13,14,20.319625,1
2803,2611923443488983254,6,12,rectangle,0.02,13,11,20.313542,1
2804,2611923443488983255,6,12,rectangle,0.02,15,11,20.320542,1
2805,2611923443488983256,6,12,rectangle,0.02,13,13,20.312292,1
2806,2611923443488983257,6,12,rectangle,0.02,18,17,20.284375,1
2807,2611923443488983258,6,12,rectangle,0.02,15,15,20.326083,1
2808,2611923443488983259,6,12,rectangle,0.02,13,12,20.33925,1
2809,2611923443488983260,6,12,rectangle,0.02,16,12,20.341334,1
2810,2611923443488983261,6,12,rectangle,0.02,15,16,20.338959,1
2811,2611923443488983262,6,12,rectangle,0.02,16,19,20.332334,1
2812,2611923443488983263,6,12,rectangle,0.02,13,13,20.307125,1
2813,2611923443488983264,6,12,rectangle,0.02,17,17,20.326875,1
2814,2611923443488983265,6,12,rectangle,0.02,14,15,20.349125,1
2815,2611923443488983266,6,12,rectangle,0.02,17,17,20.316625,1
2816,2611923443488983267,6,12,rectangle,0.02,16,13,20.323,1
2817,2611923443488983268,6,12,rectangle,0.02,16,14,20.348417,1
2818,2611923443488983269,6,12,rectangle,0.02,14,14,20.319375,1
2819,2611923443488983270,6,12,rectangle,0.02,12,14,20.417583,1
2820,2611923443488983271,6,12,rectangle,0.02,14,18,20.351875,1
2821,2611923443488983272,6,12,rectangle,0.02,14,11,20.338375,1
2822,2611923443488983273,6,12,rectangle,0.02,15,10,20.330542,1
2823,2611923443488983274,6,12,rectangle,0.02,13,16,20.365042,1
2824,2611923443488983275,6,12,rectangle,0.02,13,14,20.323417,1
2825,2611923443488983276,6,12,rectangle,0.02,16,15,20.326583,1
2826,2611923443488983277,6,12,rectangle,0.02,15,15,20.32075,1
2827,2611923443488983278,6,12,rectangle,0.02,13,11,20.354667,1
2828,2611923443488983279,6,12,rectangle,0.02,12,11,20.321125,1
2829,2611923443488983280,6,12,rectangle,0.02,15,13,20.336334,1
2830,2611923443488983281,6,12,rectangle,0.02,13,13,20.368042,1
2831,2611923443488983282,6,12,rectangle,0.02,14,13,20.321542,1
2832,2611923443488983283,6,12,rectangle,0.02,16,13,20.314708,1
2833,2611923443488983284,6,12,rectangle,0.02,15,20,20.302042,1
2834,2611923443488983285,6,12,rectangle,0.02,16,18,20.299083,1
2835,2611923443488983286,6,12,rectangle,0.02,14,17,20.33325,1
2836,2611923443488983287,6,12,rectangle,0.02,15,15,20.321708,1
2837,2611923443488983288,6,12,rectangle,0.02,12,15,20.321084,1
2838,2611923443488983289,6,12,rectangle,0.02,14,13,20.345583,1
2839,2611923443488983290,6,12,rectangle,0.02,17,19,20.325416,1
2840,2611923443488983291,6,12,rectangle,0.02,14,16,20.276333,1
2841,2611923443488983292,6,12,rectangle,0.02,11,12,20.318583,1
2842,2611923443488983293,6,12,rectangle,0.02,15,17,20.29,1
2843,2611923443488983294,6,12,rectangle,0.02,15,14,20.328125,1
2844,2611923443488983295,6,12,rectangle,0.02,16,13,20.31925,1
2845,2611923443488983296,6,12,rectangle,0.02,14,17,20.387209,1
2846,2611923443488983297,6,12,rectangle,0.02,16,17,20.318375,1
2847,2611923443488983298,6,12,rectangle,0.02,15,17,20.304375,1
2848,2611923443488983299,6,12,rectangle,0.02,15,14,20.311125,1
2849,2611923443488983300,6,12,rectangle,0.02,16,20,20.309958,1
2850,2611923443488983301,6,12,rectangle,0.02,16,13,20.348375,1
2851,2611923443488983302,6,12,rectangle,0.02,13,16,20.309917,1
2852,2611923443488983303,6,12,rectangle,0.02,13,13,20.305542,1
2853,2611923443488983304,6,12,rectangle,0.02,13,16,20.33725,1
2854,2611923443488983305,6,12,rectangle,0.02,14,12,20.361875,1
2855,2611923443488983306,6,12,rectangle,0.02,12,13,20.298417,1
2856,2611923443488983307,6,12,rectangle,0.02,16,13,20.320291,1
2857,2611923443488983308,6,12,rectangle,0.02,15,19,20.299917,1
2858,2611923443488983309,6,12,rectangle,0.02,17,17,20.290083,1
2859,2611923443488983310,6,12,rectangle,0.02,16,16,20.314792,1
2860,2611923443488983311,6,12,rectangle,0.02,14,17,20.301667,1
2861,2611923443488983312,6,12,rectangle,0.02,16,15,20.336916,1
2862,2611923443488983313,6,12,rectangle,0.02,15,16,20.336208,1
2863,2611923443488983314,6,12,rectangle,0.02,16,14,20.3005,1
2864,2611923443488983315,6,12,rectangle,0.02,14,14,20.315667,1
2865,2611923443488983316,6,12,rectangle,0.02,13,12,20.370625,1
2866,2611923443488983317,6,12,rectangle,0.02,17,19,20.311959,1
2867,2611923443488983318,6,12,rectangle,0.02,18,23,20.309833,1
2868,2611923443488983319,6,12,rectangle,0.02,18,18,20.337375,1
2869,2611923443488983320,6,12,rectangle,0.02,16,11,20.303958,1
2870,2611923443488983321,6,12,rectangle,0.02,17,18,20.315958,1
2871,2611923443488983322,6,12,rectangle,0.02,14,15,20.321541,1
2872,2611923443488983323,6,12,rectangle,0.02,15,12,20.38675,1
2873,2611923443488983324,6,12,rectangle,0.02,14,14,20.362208,1
2874,2611923443488983325,6,12,rectangle,0.02,18,20,20.328541,1
2875,2611923443488983326,6,12,rectangle,0.02,17,14,20.325541,1
2876,2611923443488983327,6,12,rectangle,0.02,14,13,20.325125,1
2877,2611923443488983328,6,12,rectangle,0.02,13,18,20.304791,1
2878,2611923443488983329,6,12,rectangle,0.02,15,13,20.316334,1
2879,2611923443488983330,6,12,rectangle,0.02,16,14,20.317,1
2880,2611923443488983331,6,12,rectangle,0.02,13,10,20.6835,1
2881,2611923443488983332,6,12,rectangle,0.02,17,19,20.475,1
2882,2611923443488983333,6,12,rectangle,0.02,14,18,20.3185,1
2883,2611923443488983334,6,12,rectangle,0.02,17,14,20.332917,1
2884,2611923443488983335,6,12,rectangle,0.02,15,14,20.336208,1
2885,2611923443488983336,6,12,rectangle,0.02,16,18,20.330667,1
2886,2611923443488983337,6,12,rectangle,0.02,14,14,20.353,1
2887,2611923443488983338,6,12,rectangle,0.02,13,15,20.31875,1
2888,2611923443488983339,6,12,rectangle,0.02,17,13,20.332959,1
2889,2611923443488983340,6,12,rectangle,0.02,15,14,20.303417,1
2890,2611923443488983341,6,12,rectangle,0.02,15,14,20.31725,1
2891,2611923443488983342,6,12,rectangle,0.02,17,19,20.323166,1
2892,2611923443488983343,6,12,rectangle,0.02,14,12,20.371709,1
2893,2611923443488983344,6,12,rectangle,0.02,16,15,20.357208,1
2894,2611923443488983345,6,12,rectangle,0.02,14,18,20.306708,1
2895,2611923443488983346,6,12,rectangle,0.02,15,15,20.30025,1
2896,2611923443488983347,6,12,rectangle,0.02,13,12,20.323167,1
2897,2611923443488983348,6,12,rectangle,0.02,17,17,20.326708,1
2898,2611923443488983349,6,12,rectangle,0.02,14,15,20.323333,1
2899,2611923443488983350,6,12,rectangle,0.02,15,17,20.304542,1
2900,2611923443489048787,8,15,rectangle,0.02,26,16,20.777208,1
2901,2611923443489048788,8,15,rectangle,0.02,28,19,20.737334,1
2902,2611923443489048789,8,15,rectangle,0.02,25,21,20.695041,1
2903,2611923443489048790,8,15,rectangle,0.02,31,26,20.670834,1
2904,2611923443489048791,8,15,rectangle,0.02,29,19,20.741583,1
2905,2611923443489048792,8,15,rectangle,0.02,28,17,20.840167,1
2906,2611923443489048793,8,15,rectangle,0.02,29,16,20.716708,1
2907,2611923443489048794,8,15,rectangle,0.02,27,20,20.683792,1
2908,2611923443489048795,8,15,rectangle,0.02,29,20,20.6925,1
2909,2611923443489048796,8,15,rectangle,0.02,31,23,20.729333,1
2910,2611923443489048797,8,15,rectangle,0.02,27,21,20.754875,1
2911,2611923443489048798,8,15,rectangle,0.02,27,22,20.721167,1
2912,2611923443489048799,8,15,rectangle,0.02,26,18,20.694292,1
2913,2611923443489048800,8,15,rectangle,0.02,29,17,20.737458,1
2914,2611923443489048801,8,15,rectangle,0.02,27,22,20.683708,1
2915,2611923443489048802,8,15,rectangle,0.02,29,23,20.663458,1
2916,2611923443489048803,8,15,rectangle,0.02,26,21,20.772333,1
2917,2611923443489048804,8,15,rectangle,0.02,27,18,20.684958,1
2918,2611923443489048805,8,15,rectangle,0.02,27,20,20.781083,1
2919,2611923443489048806,8,15,rectangle,0.02,27,18,20.614083,1
2920,2611923443489048807,8,15,rectangle,0.02,28,19,20.6425,1
2921,2611923443489048808,8,15,rectangle,0.02,27,25,20.657292,1
2922,2611923443489048809,8,15,rectangle,0.02,27,26,20.678375,1
2923,2611923443489048810,8,15,rectangle,0.02,25,22,20.72825,1
2924,2611923443489048811,8,15,rectangle,0.02,26,17,20.757792,1
2925,2611923443489048812,8,15,rectangle,0.02,26,20,20.655791,1
2926,2611923443489048813,8,15,rectangle,0.02,27,24,20.671459,1
2927,2611923443489048814,8,15,rectangle,0.02,23,20,20.759083,1
2928,2611923443489048815,8,15,rectangle,0.02,25,15,20.801125,1
2929,2611923443489048816,8,15,rectangle,0.02,29,20,20.672542,1
2930,2611923443489048817,8,15,rectangle,0.02,25,18,20.691666,1
2931,2611923443489048818,8,15,rectangle,0.02,27,22,20.673791,1
2932,2611923443489048819,8,15,rectangle,0.02,26,23,20.706958,1
2933,2611923443489048820,8,15,rectangle,0.02,28,23,20.6325,1
2934,2611923443489048821,8,15,rectangle,0.02,28,17,20.694625,1
2935,2611923443489048822,8,15,rectangle,0.02,26,21,20.639875,1
2936,2611923443489048823,8,15,rectangle,0.02,29,24,20.666792,1
2937,2611923443489048824,8,15,rectangle,0.02,24,18,20.70725,1
2938,2611923443489048825,8,15,rectangle,0.02,27,17,20.672166,1
2939,2611923443489048826,8,15,rectangle,0.02,28,20,20.638042,1
2940,2611923443489048827,8,15,rectangle,0.02,26,17,20.690291,1
2941,2611923443489048828,8,15,rectangle,0.02,29,17,20.70625,1
2942,2611923443489048829,8,15,rectangle,0.02,23,16,20.673583,1
2943,2611923443489048830,8,15,rectangle,0.02,27,30,20.7015,1
2944,2611923443489048831,8,15,rectangle,0.02,28,21,20.686375,1
2945,2611923443489048832,8,15,rectangle,0.02,25,14,20.714583,1
2946,2611923443489048833,8,15,rectangle,0.02,30,21,20.6235,1
2947,2611923443489048834,8,15,rectangle,0.02,26,22,20.69425,1
2948,2611923443489048835,8,15,rectangle,0.02,30,25,20.701917,1
2949,2611923443489048836,8,15,rectangle,0.02,27,16,20.69175,1
2950,2611923443489048837,8,15,rectangle,0.02,26,16,20.727792,1
2951,2611923443489048838,8,15,rectangle,0.02,29,21,20.685166,1
2952,2611923443489048839,8,15,rectangle,0.02,31,21,20.657833,1
2953,2611923443489048840,8,15,rectangle,0.02,28,21,20.7185,1
2954,2611923443489048841,8,15,rectangle,0.02,30,21,20.715334,1
2955,2611923443489048842,8,15,rectangle,0.02,24,20,20.744166,1
2956,2611923443489048843,8,15,rectangle,0.02,27,18,20.708875,1
2957,2611923443489048844,8,15,rectangle,0.02,28,22,20.723041,1
2958,2611923443489048845,8,15,rectangle,0.02,29,20,20.725125,1
2959,2611923443489048846,8,15,rectangle,0.02,28,20,20.7065,1
2960,2611923443489048847,8,15,rectangle,0.02,28,24,20.722917,1
2961,2611923443489048848,8,15,rectangle,0.02,31,18,20.661209,1
2962,2611923443489048849,8,15,rectangle,0.02,31,21,20.644917,1
2963,2611923443489048850,8,15,rectangle,0.02,29,27,20.675,1
2964,2611923443489048851,8,15,rectangle,0.02,25,19,20.779,1
2965,2611923443489048852,8,15,rectangle,0.02,28,22,20.7135,1
2966,2611923443489048853,8,15,rectangle,0.02,28,21,20.749875,1
2967,2611923443489048854,8,15,rectangle,0.02,26,19,20.679417,1
2968,2611923443489048855,8,15,rectangle,0.02,25,16,20.714916,1
2969,2611923443489048856,8,15,rectangle,0.02,25,17,20.741792,1
2970,2611923443489048857,8,15,rectangle,0.02,27,17,20.729,1
2971,2611923443489048858,8,15,rectangle,0.02,28,25,20.679042,1
2972,2611923443489048859,8,15,rectangle,0.02,32,23,20.663792,1
2973,2611923443489048860,8,15,rectangle,0.02,26,25,20.764959,1
2974,2611923443489048861,8,15,rectangle,0.02,25,15,20.761125,1
2975,2611923443489048862,8,15,rectangle,0.02,27,17,20.747333,1
2976,2611923443489048863,8,15,rectangle,0.02,29,23,20.688042,1
2977,2611923443489048864,8,15,rectangle,0.02,28,19,20.703833,1
2978,2611923443489048865,8,15,rectangle,0.02,27,19,20.702833,1
2979,2611923443489048866,8,15,rectangle,0.02,26,17,20.665667,1
2980,2611923443489048867,8,15,rectangle,0.02,26,21,20.753917,1
2981,2611923443489048868,8,15,rectangle,0.02,26,25,20.670167,1
2982,2611923443489048869,8,15,rectangle,0.02,28,18,20.669167,1
2983,2611923443489048870,8,15,rectangle,0.02,29,18,20.725916,1
2984,2611923443489048871,8,15,rectangle,0.02,22,17,20.686041,1
2985,2611923443489048872,8,15,rectangle,0.02,28,23,20.687875,1
2986,2611923443489048873,8,15,rectangle,0.02,27,24,20.723875,1
2987,2611923443489048874,8,15,rectangle,0.02,26,19,20.726709,1
2988,2611923443489048875,8,15,rectangle,0.02,26,19,20.698292,1
2989,2611923443489048876,8,15,rectangle,0.02,30,24,20.736417,1
2990,2611923443489048877,8,15,rectangle,0.02,29,20,20.6785,1
2991,2611923443489048878,8,15,rectangle,0.02,29,24,20.683333,1
2992,2611923443489048879,8,15,rectangle,0.02,26,23,20.734,1
2993,2611923443489048880,8,15,rectangle,0.02,28,19,20.731875,1
2994,2611923443489048881,8,15,rectangle,0.02,26,21,20.69775,1
2995,2611923443489048882,8,15,rectangle,0.02,26,21,20.719959,1
2996,2611923443489048883,8,15,rectangle,0.02,25,15,20.737375,1
2997,2611923443489048884,8,15,rectangle,0.02,25,21,20.691417,1
2998,2611923443489048885,8,15,rectangle,0.02,27,21,20.672375,1
2999,2611923443489048886,8,15,rectangle,0.02,28,25,20.658666,1
3000,4026536840,5,5,pattern0,0.02,0,8,20.023375,1
3001,4026536841,5,5,pattern1,0.02,0,8,20.020208,1
3002,4026536842,5,5,pattern2,0.02,0,24,20.021167,1
3003,4026536843,5,5,pattern3,0.02,0,8,20.0305,1
3004,4026536844,5,5,pattern4,0.02,5,11,20.0705,1
3005,4026539840,8,8,pattern0,0.02,0,14,20.056458,1
3006,4026539841,8,8,pattern1,0.02,0,14,20.0695,1
3007,4026539842,8,8,pattern2,0.02,0,63,20.058667,1
3008,4026539843,8,8,pattern3,0.02,0,14,20.104417,1
3009,4026539844,8,8,pattern4,0.02,11,22,20.194791,1
3010,4026541840,10,10,pattern0,0.02,0,18,20.113042,1
3011,4026541841,10,10,pattern1,0.02,0,18,20.102125,1
3012,4026541842,10,10,pattern2,0.02,0,99,20.090958,1
3013,4026541843,10,10,pattern3,0.02,0,18,20.151792,1
3014,4026541844,10,10,pattern4,0.02,19,25,20.387667,1
3015,4026546840,15,15,pattern0,0.02,0,28,20.257084,1
3016,4026546841,15,15,pattern1,0.02,0,28,20.265334,1
3017,4026546842,15,15,pattern2,0.02,0,224,20.289,1
3018,4026546843,15,15,pattern3,0.02,0,28,20.46525,1
3019,4026546844,15,15,pattern4,0.02,43,53,21.218,1
3020,4026551840,20,20,pattern0,0.02,0,38,20.562375,1
3021,4026551841,20,20,pattern1,0.02,0,38,20.542125,1
3022,4026551842,20,20,pattern2,0.02,0,399,20.564625,1
3023,4026551843,20,20,pattern3,0.02,0,38,21.033209,1
3024,4026551844,20,20,pattern4,0.02,62,73,22.7175,1
